topic,variant,chunks,turns,completion,prompt,total,latency,response,answer_correctness,chrf,rouge,json
macOS VPN 및 보안 에이전트 충돌,Baseline,3,2,9,538,547,1.1400071039997783,"네, 어떻게 해야 하나요?",0.1301830964398178,0.0035688793718772,0.0,0
macOS VPN 및 보안 에이전트 충돌,Context_Summarized,1,2,9,568,577,0.07073427399973298,"네, 어떻게 해야 하나요?",0.1301830964398178,0.0035688793718772,0.0,0
macOS VPN 및 보안 에이전트 충돌,Max_Chunks,6,2,9,775,784,0.06980065900006593,"네, 어떻게 해야 하나요?",0.1301830964398178,0.0035688793718772,0.0,0
macOS VPN 및 보안 에이전트 충돌,High_Noise,4,2,9,712,721,0.06903378400011206,"네, 어떻게 해야 하나요?",0.1301830964398178,0.0035688793718772,0.0,0
macOS VPN 및 보안 에이전트 충돌,Ranking_Swapped,4,2,9,712,721,0.06778631099996346,"네, 어떻게 해야 하나요?",0.1301830964398178,0.0035688793718772,0.0,0
macOS VPN 및 보안 에이전트 충돌,Short_History,2,2,9,593,602,0.06789365399981762,"네, 어떻게 해야 하나요?",0.1301830964398178,0.0035688793718772,0.0,0
macOS VPN 및 보안 에이전트 충돌,Long_History,2,6,114,734,848,0.5966074929997376,"먼저, 아래와 같은 명령어를 실행하시면 됩니다:

```bash
sudo atsutil databases -remove
```

이 명령어를 실행하면 시스템의 모든 글꼴 캐시를 삭제합니다. 이후, GlobalProtect VPN을 다시 연결해보세요. 

위의 명령어를 실행하면 다음과 같이 작동합니다:
- 시스템의 모든 글꼴 캐시를 삭제합니다.
- GlobalProtect VPN을 다시 연결합니다.

이렇게 하면 문제가 해결될 것입니다.",0.2860209356350977,0.091345692786528,0.2666666666666666,0
macOS VPN 및 보안 에이전트 충돌,Forced_JSON_Format,2,2,68,632,700,0.36731101399982435,"{status: ""error"", topic: ""Sequoia 15.0 버전에서 CrowdStrike 필터링 권한이 부족합니다."", solution_steps: [""CrowdStrike 필터링 권한을 잠시 비활성화한 후, macOS에서 GlobalProtect VPN을 재설정합니다.""]}",0.6340357467426393,0.3967187935653424,0.5714285714285715,1
macOS VPN 및 보안 에이전트 충돌,Hallucination_Defense,3,2,9,611,620,0.06819560400026603,"네, 어떻게 해야 하나요?",0.1736328873777054,0.0137174211248285,0.0,0
macOS VPN 및 보안 에이전트 충돌,Mixed_Stress_Test,6,6,131,930,1061,0.6795160699998632,"```json
{
    ""메뉴 경로"": [
        {
            ""항목"": ""System Settings"",
            ""버튼"": ""Privacy & Security""
        },
        {
            ""항목"": ""Data Privacy"",
            ""버튼"": ""Network""
        }
    ],
    ""방법"": [
        {
            ""항목"": ""System Settings -> Data Privacy -> Network"",
            ""버튼"": ""Remove Default Network Filter""
        },
        {
            ""항목"": ""System Settings -> Data Privacy -> Network -> Remove Default Network Filter"",
            ""버튼"": ""Restart the system""
        }
    ]
}
```",0.4289632918967678,0.0945886476131732,0.0,1
사내 Wi-Fi 인증서 만료 및 802.1x 에러,Baseline,3,2,266,558,824,1.3650611499997467,"죄송합니다, 저는 실시간 정보를 제공하지 못했습니다. 그러나 사내 IT 기술 지원(Helpdesk)에 직접 연락하시는 것을 권장드립니다. 

1. **사내 IT 기술 지원(Helpdesk)**: 사내 IT 기술 지원(Helpdesk)에 연락하시거나, 관련 도움이 필요하신 분들을 찾아주시면 감사하겠습니다. 
   
2. **메일**: [사내 IT 기술 지원(Helpdesk)의 메일 주소]를 통해 문의하실 수도 있습니다. 

3. **WhatsApp**: [사내 IT 기술 지원(Helpdesk)의 WhatsApp 주소]를 통해 문의하실 수도 있습니다.

4. **연락처**: [사내 IT 기술 지원(Helpdesk)의 연락처]을 확인해보시면 좋겠습니다. 

5. **상황 설명**: 사내 IT 기술 지원(Helpdesk)에게 상황을 설명해주실 수 있으면 좋겠습니다. 

6. **다음 단계**: 사내 IT 기술 지원(Helpdesk)에게 다음 단계를 말씀드리면 감사하겠습니다. 

7. **결과**: 사내 IT 기술 지원(Helpdesk)에게 결과를 알려주시면 감사하겠습니다.",0.15259846746411,0.0529273819916373,0.0,0
사내 Wi-Fi 인증서 만료 및 802.1x 에러,Context_Summarized,1,2,177,595,772,0.9145145549996414,"죄송합니다, 저는 실시간 정보를 제공하지 못했습니다. 그러나 사내 IT 기술 지원(Helpdesk)에 직접 연락하시는 것을 권장드립니다. 

1. **사내 IT 기술 지원(Helpdesk)**: 사내 IT 기술 지원(Helpdesk)에 연락하시거나, 이메일을 보내주시면 도움을 드릴 수 있습니다. 
2. **사용자 질문**: 사내 IT 기술 지원(Helpdesk)에 직접 연락하시거나, 이메일을 보내주시면 도움을 드리겠습니다. 

또한, 사내 IT 기술 지원(Helpdesk)에 직접 연락하시는 것을 권장드립니다. 이때, 사용자의 요청에 따라 필요한 정보를 제공하거나, 필요한 도움을 받으실 수 있도록 최선을 다하겠습니다.",0.1545228722148708,0.0691155445108963,0.0,0
사내 Wi-Fi 인증서 만료 및 802.1x 에러,Max_Chunks,6,2,425,761,1186,2.1690147629997227,"죄송합니다, 저는 실시간 정보를 제공하지 못합니다. 그러나 사내 IT 기술 지원(Helpdesk)에 직접 연락하시는 것을 권장드립니다. 

1. **ID/Password 확인**: 먼저, 사용자의 ID와 PW를 확인하세요. 사내 IT 기술 지원(Helpdesk)에 직접 연락하시거나, 사내 IT 기술 지원(Helpdesk)의 웹사이트를 참조해보시는 것도 좋습니다.

2. **새로운 인증서 발급**: 사내 IT 기술 지원(Helpdesk)에 요청하신 ID와 PW를 기반으로 새로운 인증서를 발급하도록 요청하세요. 이는 사내 포털(Corporate-Wi-Fi)에 등록되어 있는 것으로 보이는 인증서를 사용해야 합니다.

3. **다운로드 및 키체인 접근**: 새로운 인증서를 다운로드하고, 키체인 접근에서 기존 'Corp-Wifi-Cert'를 삭제한 후 새 인증서를 가져옵니다.

4. **프린터 드라이버 충돌 확인**: 프린터 드라이버 충돌 문제가 있으면, 기존에 등록된 프린터를 삭제하고 PC를 재부팅하는 것이 권장됩니다.

5. **docker system prune**: 도커 데스크탑의 가상 디스크 용량이 부족할 경우, 터미널에서 docker system prune -a --volumes 명령을 통해 미사용 리소스를 정리할 수 있습니다.

6. **메신저 통합**: 사내 메신저 IT-Help 채널로 다이렉트 메시지를 발송해 주십시오.

이러한 방법들을 따르시면, 사내 와이파이 연결 문제를 해결할 수 있을 것입니다. 만약 계속해서 문제가 발생한다면, 사내 IT 기술 지원(Helpdesk)에 직접 연락하시는 것을 고려해주시기 바랍니다.",0.3926020866621145,0.1732879549018729,0.1304347826086956,0
사내 Wi-Fi 인증서 만료 및 802.1x 에러,High_Noise,4,2,662,698,1360,3.3714927749997514,"죄송합니다, 저는 실시간 정보를 제공하지 못했습니다. 그러나 아래와 같이 확인해 보시는 것이 좋습니다:

1. **ID/Password 확인**: 먼저, 사용자의 ID와 PW를 확인하세요. ID와 PW가 일치하면 됩니다.
   
2. **프린터 드라이버 확인**: 프린터 드라이버가 충돌했을 경우, 기존에 등록된 프린터를 삭제하고 PC를 재부팅하는 것을 고려해보세요.

3. **Wi-Fi 연결 확인**: 사내 무선망(Corporate-Wi-Fi) 접속 시 802.1x 인증 실패가 발생하는 원인은 local 키체인에 등록된 사용자 인증서가 만료되었기 때문입니다. 이를 해결하기 위해, 사내 포털(cert.company.com)에 유선망으로 접속하여 새 인증서를 다운로드하고, 키체인 접근에서 기존 'Corp-Wifi-Cert'를 삭제한 뒤 새 인증서를 가져와야 합니다.

4. **docker system prune**: 회사 건물 지하 2층 주차장은 홀짝제로 운영되므로, 등록되지 않은 차량은 방문객 주차 구역을 이용해야 합니다.

5. **다른 컴퓨터 확인**: 사내 무선망(Corporate-Wi-Fi) 접속 시 802.1x 인증 실패가 발생하는 원인은 local 키체인에 등록된 사용자 인증서가 만료되었기 때문입니다. 이 경우 사내 포털(cert.company.com)에 유선망으로 접속하여 새 인증서를 다운로드하고, 키체인 접근에서 기존 'Corp-Wifi-Cert'를 삭제한 뒤 새 인증서를 가져와야 합니다.

6. **다른 컴퓨터 확인**: 사내 무선망(Corporate-Wi-Fi) 접속 시 802.1x 인증 실패가 발생하는 원인은 local 키체인에 등록된 사용자 인증서가 만료되었기 때문입니다. 이 경우 사내 포털(cert.company.com)에 유선망으로 접속하여 새 인증서를 다운로드하고, 키체인 접근에서 기존 'Corp-Wifi-Cert'를 삭제한 뒤 새 인증서를 가져와야 합니다.

7. **다른 컴퓨터 확인**: 사내 무선망(Corporate-Wi-Fi) 접속 시 802.1x 인증 실패가 발생하는 원인은 local 키체인에 등록된 사용자 인증서가 만료되었기 때문입니다. 이 경우 사내 포털(cert.company.com)에 유선망으로 접속하여 새 인증서를 다운로드하고, 키체인 접근에서 기존 'Corp-Wifi-Cert'를 삭제한 뒤 새 인증서를 가져와야 합니다.

이러한 방법들을 따르면, 문제가 해결될 것입니다.",0.4946062493194856,0.2132721065361509,0.1866666666666666,0
사내 Wi-Fi 인증서 만료 및 802.1x 에러,Ranking_Swapped,4,2,480,698,1178,2.4528834100001404,"죄송합니다, 저는 실시간 정보를 제공하지 못했습니다. 그러나 아래와 같이 확인해보시는 것이 좋습니다:

1. **ID/Password 확인**: 먼저, ID/Password를 확인하세요. 사내 무선망에 연결했으니, ID와 PW가 올바르게 입력되어 있는지 확인해 보세요.

2. **ID/Password 변경**: 만약 ID/Password가 잘못 입력되었거나, ID/Password가 만료되었음을 알았다면, 사내 무선망에 다시 연결하시거나, ID/Password를 변경하시는 것을 고려해주세요.

3. **ID/Password 추가**: 만약 ID/Password가 만료되었거나, ID/Password가 올바르지 않다면, 사내 무선망에 새로운 ID/Password를 입력하시거나, ID/Password를 추가하시는 것을 고려해주세요.

4. **ID/Password 삭제**: 만약 ID/Password가 만료되었거나, ID/Password가 올바르지 않다면, 사내 무선망에 ID/Password를 삭제하시거나, ID/Password를 삭제하시는 것을 고려해주세요.

5. **ID/Password 업데이트**: 만약 ID/Password가 만료되었거나, ID/Password가 올바르지 않다면, 사내 무선망에 ID/Password를 업데이트하시거나, ID/Password를 업데이트하시는 것을 고려해주세요.

6. **ID/Password 재설정**: 만약 ID/Password가 만료되었거나, ID/Password가 올바르지 않다면, 사내 무선망에 ID/Password를 재설정하시거나, ID/Password를 재설정하시는 것을 고려해주세요.

7. **ID/Password 재입력**: 만약 ID/Password가 만료되었거나, ID/Password가 올바르지 않다면, 사내 무선망에 ID/Password를 재입력하시거나, ID/Password를 재입력하시는 것을 고려해주세요.

이러한 방법들을 따르시면, 사내 무선망에 연결이 되고, ID/Password가 올바르게 입력되면, 사내 IT 기술 지원(Helpdesk)에게 연락하실 수 있을 것입니다.",0.1795244151572487,0.0475531527902592,0.0,0
사내 Wi-Fi 인증서 만료 및 802.1x 에러,Short_History,2,2,358,602,960,1.8336044640000182,"죄송합니다, 저는 실시간 정보를 제공하지 못했습니다. 그러나 사내 IT 기술 지원(Helpdesk)에 직접 연락하시는 것을 권장드립니다. 

1. **ID/Password 확인**: 먼저, 사용자의 ID와 PW를 확인하세요. ID와 PW가 일치하면 됩니다. 만약 다르다면, 사내 IT 지원팀에게 연락해주세요.

2. **새로운 인증서 생성**: 사내 IT 지원팀에 요청하시면, 새로운 인증서를 발급 받으실 수 있습니다. 이때, 사용자의 ID와 PW를 입력하고, 인증서를 받아보시면 됩니다.

3. **프린터 드라이버 확인**: 사내 IT 지원팀에 요청하시면, 프린터 드라이버를 확인하실 수 있습니다. 이때도 사용자의 ID와 PW를 입력하고, 드라이버를 확인하시면 됩니다.

4. **메모리 및 파일 저장**: 사내 IT 지원팀에 요청하시면, 메모리 및 파일 저장을 확인하실 수 있습니다. 이때도 사용자의 ID와 PW를 입력하고, 저장 상태를 확인하시면 됩니다.

5. **다음 단계**: 다음 단계에서는 사내 IT 지원팀에 요청하시면, 새로운 인증서를 발급 받으실 수 있습니다. 이때, 사용자의 ID와 PW를 입력하고, 인증서를 받아보시면 됩니다.

6. **결과 확인**: 사내 IT 지원팀에 요청하시면, 사용자의 ID와 PW를 입력하고, 결과를 확인하시면 됩니다.

이러한 방법들을 통해 사용자의 문제를 해결할 수 있을 것 같습니다.",0.3823686392393667,0.0972389331013581,0.0,0
사내 Wi-Fi 인증서 만료 및 802.1x 에러,Long_History,2,6,354,729,1083,1.816877520000162,"죄송합니다, 저는 실시간 정보를 제공하지 못합니다. 하지만 사내 무선망(Corporate-Wi-Fi) 접속 시 802.1x 인증 실패를 해결하기 위해 필요한 단계는 아래와 같습니다:

1. **ID/Password 확인**: 먼저 사용자에게 ID/Password를 확인하시길 바랍니다. ID/Password가 만료되어 있는지 확인하세요.
   
2. **802.1X 인증서 확인**: 사용자에게 사내 무선망에 대한 인증서를 확인하시길 바랍니다. 인증서가 만료되어 있는지 확인하세요.

3. **새 인증서 생성 및 다운로드**: 사용자에게 새로운 인증서를 생성하고, 해당 인증서를 사내 포털에 다운로드하시길 바랍니다.

4. **프린터 드라이버 확인**: 사내 무선망과 프린터 드라이버가 충돌할 경우, 기존에 등록된 프린터를 삭제하고 PC를 재부팅하시길 바랍니다.

5. **다른 사용자에게 인증서 요청**: 사용자에게 사내 무선망에 대한 인증서를 요청하시길 바랍니다.

6. **새 인증서 발급**: 사용자에게 새로운 인증서를 발급하시길 바랍니다.

7. **인증서 다운로드 및 사용**: 사용자에게 인증서를 다운로드하시고, 해당 인증서를 사내 포털에 사용하시길 바랍니다.

이러한 단계들을 따르면, 사내 무선망에 대한 인증 문제를 해결하실 수 있을 것입니다.",0.5046310216925294,0.1571022466278427,0.2857142857142857,0
사내 Wi-Fi 인증서 만료 및 802.1x 에러,Forced_JSON_Format,2,2,273,641,914,1.405865029999859,"죄송합니다, 저는 실시간 정보를 제공하지 못했습니다. 그러나 사내 IT 기술 지원(Helpdesk)에 직접 연락하시는 것을 권장드립니다. 

1. 사내 무선망(Corporate-Wi-Fi) 접속 시 802.1x 인증 실패가 발생하는 원인은?
   - [참고 문서]에 따르면, 이 경우 사내 포털(cert.company.com)에 유선망으로 접속하여 새 인증서를 다운로드하고, 키체인 접근에서 기존 'Corp-Wifi-Cert'를 삭제한 뒤 새 인증서를 가져와야 합니다.

2. 도커 데스크탑의 가상 디스크 용량이 부족할 경우, 터미널에서 docker system prune -a --volumes 명령을 통해 미사용 리소스를 정리할 수 있습니다.
   
3. 어떻게 새로 발급받고 등록하나요?
   - 사내 IT 기술 지원(Helpdesk)에 직접 연락하시거나, 사내 IT 기술 지원(Helpdesk)에 문의하시는 것을 권장드립니다. 
   - 사내 IT 기술 지원(Helpdesk)에 문의하시는 것을 권장드립니다.",0.6663861362167914,0.5117587208282653,0.4489795918367346,0
사내 Wi-Fi 인증서 만료 및 802.1x 에러,Hallucination_Defense,3,2,233,583,816,1.2038183629997548,"죄송합니다, 저는 실시간으로 정보를 제공하지 못합니다. 하지만, 아래와 같이 확인해 보시는 것이 좋습니다:

1. **ID/Password 확인**: 먼저, ID/Password를 확인하세요. 만약 잘못 입력하셨다면, 다시 확인해주세요.
   
2. **인증서 발급**: 다음에는 인증서를 발급 받으실 수 있습니다. 인증서는 사내 IT 기술 지원(Helpdesk)에서 제공하는 것입니다. 

3. **인증서 발급 후 등록**: 인증서를 받아서, 해당 ID와 PW를 기반으로 인증서를 등록하시면 됩니다. 

4. **다음 단계**: 인증서를 등록한 후, 노트북을 사용하실 때마다 인증서를 확인하시면 됩니다. 

5. **결과 확인**: 인증서가 모두 확인되면, 노트북이 연결되어 있는지 확인하시면 됩니다. 

이러한 방법을 통해, 노트북이 연결되고 인증서가 등록되었음을 확인할 수 있습니다.",0.1588935711248104,0.0714224440901046,0.0,0
사내 Wi-Fi 인증서 만료 및 802.1x 에러,Mixed_Stress_Test,6,6,147,902,1049,0.7693864930001837,"```json
{
    ""error"": ""사내 무선망(Corporate-Wi-Fi) 접속 시 802.1x 인증 실패가 발생하는 원인은 local 키체인에 등록된 사용자 인증서가 만료되었기 때문입니다."",
    ""solution"": {
        ""action"": ""새로운 인증서를 다운로드하고, 키체인 접근에서 기존 'Corp-Wifi-Cert'를 삭제합니다."",
        ""additional_steps"": [
            ""사내 포털(cert.company.com)에 유선망으로 접속하여 새 인증서를 다운로드합니다.""
        ]
    }
}
```",0.9241131442881436,0.4322159615977984,0.4827586206896552,1
Active Directory 계정 잠김 해결,Baseline,3,2,539,555,1094,2.7572621239996806,"죄송합니다, 제가 잘못 이해했습니다. 사용자에게 직접 도움을 드리려고 노력하겠습니다. 

1. **비밀번호 5회 오류** : 비밀번호를 5회 오류로 인해 AD 계정이 잠김되었음을 알리는 메시지를 보내주시면 감사하겠습니다. 
   
2. **AD 계정 잠김 해결** : 사용자에게 비밀번호 5회 오류로 AD 계정이 잠김되어 있는 것을 알리는 메시지를 보내주시면 감사하겠습니다. 
   
3. **일반적인 AD 계정 잠김 해결** : 사용자에게 비밀번호 5회 오류로 AD 계정이 잠김되어 있는 것을 알리는 메시지를 보내주시면 감사하겠습니다. 
   
4. **AD 계정 잠김 해결 방법** : 사용자에게 비밀번호 5회 오류로 AD 계정이 잠김되어 있는 것을 알리는 메시지를 보내주시면 감사하겠습니다. 
   
5. **AD 계정 잠김 해결 방법** : 사용자에게 비밀번호 5회 오류로 AD 계정이 잠김되어 있는 것을 알리는 메시지를 보내주시면 감사하겠습니다. 
   
6. **AD 계정 잠김 해결 방법** : 사용자에게 비밀번호 5회 오류로 AD 계정이 잠김되어 있는 것을 알리는 메시지를 보내주시면 감사하겠습니다. 
   
7. **AD 계정 잠김 해결 방법** : 사용자에게 비밀번호 5회 오류로 AD 계정이 잠김되어 있는 것을 알리는 메시지를 보내주시면 감사하겠습니다. 
   
8. **AD 계정 잠김 해결 방법** : 사용자에게 비밀번호 5회 오류로 AD 계정이 잠김되어 있는 것을 알리는 메시지를 보내주시면 감사하겠습니다. 
   
9. **AD 계정 잠김 해결 방법** : 사용자에게 비밀번호 5회 오류로 AD 계정이 잠김되어 있는 것을 알리는 메시지를 보내주시면 감사하겠습니다. 
   
10. **AD 계정 잠김 해결 방법** : 사용자에게 비밀번호 5회 오류로 AD 계정이 잠김되어 있는 것을 알리는 메시지를 보내주시면 감사하겠습니다. 

이러한 메시지를 통해 사용자에게 AD 계정 잠김 해결 방법을 알려드리겠습니다.",0.6924722732663933,0.094095617876986,0.0851063829787234,0
Active Directory 계정 잠김 해결,Context_Summarized,1,2,33,581,614,0.18987061400002858,"죄송합니다, 제가 잘못 이해했습니다. Active Directory 계정 잠김 해결을 위한 단계별 안내를 다시 말씀해주시겠어요?",0.2081136291810143,0.2611229168607393,0.5,0
Active Directory 계정 잠김 해결,Max_Chunks,6,2,478,772,1250,2.449828762999914,"죄송합니다, 저는 실시간으로 정보를 제공하지 못했습니다. 하지만, 사용자에게 필요한 정보를 제공하기 위해 아래와 같은 명령어를 사용할 수 있습니다:

1. **Active Directory 계정 잠김 해결**
   - 1단계: Active Directory 관리자 권한을 얻으세요.
   - 2단계: Active Directory 관리자 권한을 사용하여 AD 계정을 잠김 해제합니다.
     ```bash
     net user <사번> /active:yes
     ```
   - 3단계: Active Directory 관리자 권한을 사용하여 AD 계정을 잠김 해제합니다.
     ```bash
     net user <사번> /delete
     ```

2. **Visual Studio Code 테마 변경**
   - 1단계: Visual Studio Code를 설치하고, 설치된 폴더를 열고, 테마를 선택합니다.
   - 2단계: 테마를 선택하고, 원하는 색상을 선택합니다.
   - 3단계: 테마를 저장합니다.
     ```bash
     code --theme=로또
     ```

3. **사내 도서관 이용**
   - 1단계: 도서관의 주소를 입력하고, 연장 시간을 선택합니다.
   - 2단계: 도서관의 주소를 입력하고, 연장 시간을 선택합니다.
   - 3단계: 도서관의 주소를 입력하고, 연장 시간을 선택합니다.
     ```bash
     https://www.example.com/도서관-주소-연장시간
     ```

4. **사내 메신저 IT-Help 채널 접속**
   - 1단계: IT-Help 채널을 클릭합니다.
   - 2단계: IT-Help 채널을 클릭합니다.
   - 3단계: IT-Help 채널을 클릭합니다.
     ```bash
     https://www.example.com/IT-Help-채널
     ```

이러한 명령어들을 사용하면 사용자의 문제를 해결하는데 도움이 될 것입니다.",0.2307285930655466,0.1265241389617103,0.1142857142857142,0
Active Directory 계정 잠김 해결,High_Noise,4,2,325,709,1034,1.6723782099998061,"죄송합니다, 제가 잘못 이해했습니다. 사용자에게 직접적인 도움을 드리기 위해 필요한 정보를 제공해주시면 감사하겠습니다. 

1. **Active Directory 계정 잠김 해결**
   - 사내 동호회 지원금 신청은 매월 25일까지 총무팀으로 영수증을 첨부하여 제출하셔야 합니다.
   - 비밀번호 5회 오류로 인한 AD 계정 잠김은 사내 HR 포털의 '본인인증 기반 계정 잠금 해제' 페이지에서 풀거나, IT 헬프데스크(내선 1111)로 전화하여 사번과 신원 확인 후 즉시 해제할 수 있습니다. 잠금 해제 후에는 반드시 PC에 캐시된 이전 로그온 정보를 갱신해야 합니다.

2. **Visual Studio Code 테마 변경**
   - Ctrl + K Ctrl + T를 차례대로 누르고 원하는 색상 테마를 위아래 방향키로 선택하시면 됩니다.

3. **도서관 이용**
   - 사내 도서관은 본관 3층에 위치해 있으며, 1회 대출 시 최대 3권, 대출 기간은 14일이며 연장은 1회(7일) 가능합니다.

이러한 정보를 사용자에게 직접적으로 제공해주시면 감사하겠습니다.",0.2891314542368755,0.4702223533336804,0.3870967741935484,0
Active Directory 계정 잠김 해결,Ranking_Swapped,4,2,315,709,1024,1.619757042999936,"죄송합니다, 제가 잘못 이해했습니다. 사용자에게 직접적인 도움을 드리기 위해 필요한 정보를 제공해주시면 감사하겠습니다. 

1. **Active Directory 계정 잠김 해결**
   - **Step 1:** 사내 동호회 지원금을 신청하기 위한 영수증을 제출합니다.
   - **Step 2:** Visual Studio Code의 테마를 바꾸려면 Ctrl+K Ctrl+T를 누르고 원하는 색상을 선택합니다.
   - **Step 3:** 사내 도서관은 본관 3층에 위치해 있으며, 1회 대출 시 최대 3권, 대출 기간은 14일이며 연장은 1회(7일) 가능합니다.
   - **Step 4:** 비밀번호 5회 오류로 인한 AD 계정 잠김은 사내 HR 포털의 '본인인증 기반 계정 잠금 해제' 페이지에서 풀거나, IT 헬프데스크(내선 1111)로 전화하여 사번과 신원 확인 후 즉시 해제할 수 있습니다. 잠금 해제 후에는 반드시 PC에 캐시된 이전 로그온 정보를 갱신해야 합니다.

이러한 정보를 사용자에게 제공해주신다면, 그에 맞춰 적절한 처리를 진행해주시면 감사하겠습니다.",0.3474049914786954,0.4656172946768065,0.3333333333333333,0
Active Directory 계정 잠김 해결,Short_History,2,2,242,607,849,1.2495928530001947,"죄송합니다, 제가 잘못 이해했습니다. 사용자에게 직접 도움을 드리려고 노력하겠습니다. 

1. **비밀번호 5회 오류**:
   - 비밀번호 5회 오류로 인한 AD 계정 잠김은 사내 HR 포털의 '본인인증 기반 계정 잠금 해제' 페이지에서 풀거나, IT 헬프데스크(내선 1111)로 전화하여 사번과 신원 확인 후 즉시 해제할 수 있습니다. 잠금 해제 후에는 반드시 PC에 캐시된 이전 로그온 정보를 갱신해야 합니다.

2. **동호회 지원금 신청**:
   - 사내 동호회 지원금 신청은 매월 25일까지 총무팀으로 영수증을 첨부하여 제출하셔야 하며, 인당 최대 3만원까지 지원됩니다.

이러한 정보를 사용자에게 직접 제공하시면 더 정확한 도움을 드릴 수 있을 것 같습니다.",0.4165096599898064,0.4208355501159252,0.4705882352941177,0
Active Directory 계정 잠김 해결,Long_History,2,6,22,732,754,0.13659084999972038,"죄송합니다, 제가 잘못 이해했습니다. 사용자 질문에 대해 어떻게 도와드릴까요?",0.141158502954372,0.017969451931716,0.0,0
Active Directory 계정 잠김 해결,Forced_JSON_Format,2,2,214,635,849,1.1074707650000164,"```json
{
  ""status"": ""success"",
  ""topic"": ""Active Directory 계정 잠김 해결"",
  ""solution_steps"": [
    {
      ""step"": ""비밀번호 5회 오류로 인한 AD 계정 잠김 해결"",
      ""description"": ""사내 HR 포털의 '본인인증 기반 계정 잠금 해제' 페이지에서 풀거나, IT 헬프데스크(내선 1111)로 전화하여 사번과 신원 확인 후 즉시 해제할 수 있습니다.""
    },
    {
      ""step"": ""Visual Studio Code의 테마를 바꾸려면 Ctrl+K Ctrl+T를 차례대로 누른 뒤 원하는 색상 테마를 위아래 방향키로 선택하시면 됩니다."",
      ""description"": ""임시 테마를 변경하면, 원하시는 색상을 적용할 수 있습니다.""
    }
  ]
}
```",0.6332262389749372,0.6566040536890843,0.5789473684210527,1
Active Directory 계정 잠김 해결,Hallucination_Defense,3,2,43,599,642,0.23885829999971975,"죄송합니다, 제가 잘못 이해했습니다. 사용자에게 직접적인 도움을 드리기 위해 필요한 정보를 제공해야 합니다. 어떤 문제나 상황에 대해 도와드릴까요?",0.3918034282348975,0.0735367709445932,0.0,0
Active Directory 계정 잠김 해결,Mixed_Stress_Test,6,6,146,911,1057,0.7651908139996522,"```json
{
  ""step"": [
    {
      ""name"": ""Step 1"",
      ""description"": ""Visual Studio Code의 테마를 바꾸기"",
      ""action"": ""Ctrl + K Ctrl + T""
    },
    {
      ""name"": ""Step 2"",
      ""description"": ""비밀번호 5회 오류로 인한 AD 계정 잠김 해결"",
      ""action"": ""사내 HR 포털에서 풀 또는 IT 헬프데스크로 전화하여 사번과 신원 확인 후 즉시 해제"",
      ""redirect_url"": ""https://www.example.com/secure-login""
    }
  ]
}
```",0.6804890037976099,0.2866084739058308,0.2439024390243902,1
VS Code Pylance 확장 프로그램 오류,Baseline,3,2,27,537,564,0.16016674100001183,"죄송합니다, 제가 잘못 이해했습니다. 아래와 같이 정확한 해결 방법을 말씀해주시면 감사하겠습니다.",0.1456163736394887,0.0210707065019379,0.0,0
VS Code Pylance 확장 프로그램 오류,Context_Summarized,1,2,27,567,594,0.15945924900006503,"죄송합니다, 제가 잘못 이해했습니다. 아래와 같이 정확한 해결 방법을 말씀해주시면 감사하겠습니다.",0.1456163736394887,0.0210707065019379,0.0,0
VS Code Pylance 확장 프로그램 오류,Max_Chunks,6,2,418,754,1172,2.1398475199998757,"죄송합니다, 저는 실시간으로 정보를 제공하지 못했습니다. 하지만, 아래와 같은 명령어를 사용하면 정확한 처리를 수행할 수 있습니다:

1. **Ctrl + Shift + P** : VS Code에서 파이썬 import 구문이 흰색으로 변하거나 자동완성이 먹통이 되는 경우 Pylance 언어 서버의 오류를 해결합니다.
   
   ```bash
   Ctrl + Shift + P
   ```

2. **Setting > Python: Language Server** : 사내 동호회 지원금 신청은 매월 25일까지 총무팀으로 영수증을 첨부하여 제출하셔야 합니다.

   ```bash
   Setting > Python: Language Server
   ```

3. **Ctrl + K Ctrl + T** : 원하는 색상 테마를 위아래 방향키로 선택합니다.

   ```bash
   Ctrl + K Ctrl + T
   ```

4. **Ctrl + K Ctrl + T (재정의)** : 원하는 색상 테마를 재정의합니다.

   ```bash
   Ctrl + K Ctrl + T (재정의)
   ```

5. **Ctrl + K Ctrl + T (다이렉트 메시지)** : 사내 도서관의 메인 페이지를 다이렉트 메시지를 발송해 주세요.

   ```bash
   Ctrl + K Ctrl + T (다이렉트 메시지)
   ```

6. **Ctrl + K Ctrl + T (파일 열기)** : 파일 열기를 원하시는 파일을 열어서 확인해봅니다.

   ```bash
   Ctrl + K Ctrl + T (파일 열기)
   ```

이렇게 명령어를 사용하면 정확한 처리를 수행할 수 있습니다. 만약 문제가 계속 발생한다면, 사내 IT Support(Helpdesk)에게 문의하시는 것을 권장드립니다.",0.5069405649165791,0.2889772452247315,0.1095890410958904,0
VS Code Pylance 확장 프로그램 오류,High_Noise,4,2,285,691,976,1.4646382879996054,"죄송합니다, 제가 잘못 이해했습니다. 사용자에게 필요한 정보를 제공하기 위해 더 많은 정보를 제공해야 합니다. 

1. **VS Code Pylance 오류 발생 이유**:
   - **Visual Studio Code의 테마 변경**: VS Code의 테마를 바꾸려면 Ctrl + K Ctrl + T를 누르고 원하는 색상 테마를 선택하면 됩니다.
   - **도서관 이용**: 사내 도서관은 본관 3층에 위치하며, 1회 대출 시 최대 3권, 대출 기간은 14일이며 연장은 1회(7일) 가능합니다.

2. **VS Code Pylance 오류 해결 방법**:
   - Ctrl+Shift+P를 눌러 'Developer: Reload Window'를 실행하거나, 설정(Ctrl+,)에서 Python: Language Server를 None에서 Pylance로 재지정하여 해결합니다.
   - VS Code의 테마를 바꾸려면 Ctrl + K Ctrl + T를 누르고 원하는 색상 테마를 선택하면 됩니다.

3. **다음 단계**:
   - 메시지가 하나 뜨긴다는 것을 확인하였습니다. 정확한 처리 방법과 명령어를 알려주시면 감사하겠습니다.",0.3531745876359795,0.1710765064226642,0.2448979591836734,0
VS Code Pylance 확장 프로그램 오류,Ranking_Swapped,4,2,226,691,917,1.1654729289998613,"죄송합니다, 제가 잘못 이해했습니다. 사용자에게 필요한 정보를 제공하기 위해 더 많은 정보를 제공해야 합니다. 

1. **Visual Studio Code의 테마 변경**:
   - Ctrl + K Ctrl + T를 누르고 원하는 색상을 선택하면 됩니다.
   
2. **파이썬 import 구문**:
   - Ctrl + Shift + P를 눌러 'Developer: Reload Window'을 실행하거나, 설정(Ctrl+,)에서 Python: Language Server를 None에서 Pylance로 재지정하여 해결합니다.

3. **VS Code에서 파이썬 import 구문이 흰색으로 변하거나 자동완성이 먹통이 되는 경우**:
   - Ctrl + Shift + P를 눌러 'Developer: Reload Window'을 실행하거나, 설정(Ctrl+,)에서 Python: Language Server를 None에서 Pylance로 재지정하여 해결합니다.

이렇게 진행하면 문제가 해결될 것입니다. 혹시 다른 문제나 추가적인 정보가 필요하신다면 언제든지 말씀해주세요!",0.2007189815357346,0.3283450089761621,0.2666666666666666,0
VS Code Pylance 확장 프로그램 오류,Short_History,2,2,27,589,616,0.15842093699984616,"죄송합니다, 제가 잘못 이해했습니다. 아래와 같이 정확한 해결 방법을 말씀해주시면 감사하겠습니다.",0.1456163736394887,0.0210707065019379,0.0,0
VS Code Pylance 확장 프로그램 오류,Long_History,2,6,58,714,772,0.3161961320001865,"죄송합니다, 제가 잘못 이해했습니다. VS Code Pylance 확장 프로그램 오류는 무엇인지 알려주시겠어요? 예를 들어, 어떤 코드를 수정해야 하는지, 어떤 에러가 발생했는지 등에 대해 말씀해 주세요.",0.5501368349720763,0.2320246803273508,0.6,0
VS Code Pylance 확장 프로그램 오류,Forced_JSON_Format,2,2,220,617,837,1.13293642599956,"```json
{
  ""status"": ""success"",
  ""topic"": ""VS Code Pylance 오류 해결"",
  ""solution_steps"": [
    {
      ""step"": ""1. VS Code에서 파이썬 import 구문이 흰색으로 변하거나 자동완성이 먹통이 되는 경우 Pylance 언어 서버의 오류입니다."",
      ""description"": ""Ctrl+Shift+P를 눌러 'Developer: Reload Window'를 실행하거나, 설정(Ctrl+,)에서 Python: Language Server를 None에서 Pylance로 재지정하여 해결합니다.""
    },
    {
      ""step"": ""2. Visual Studio Code의 테마를 바꾸려면 Ctrl+K Ctrl+T를 차례대로 누른 뒤 원하는 색상 테마를 위아래 방향키로 선택하시면 됩니다."",
      ""description"": ""Visual Studio Code의 테마 변경은 Ctrl+K Ctrl+T를 통해 가능합니다.""
    }
  ]
}
```",0.7773883112398055,0.7637383511855714,0.6571428571428571,1
VS Code Pylance 확장 프로그램 오류,Hallucination_Defense,3,2,37,607,644,0.20882326399987505,"죄송합니다, 제가 잘못 이해했습니다. 사용자에게 정확한 메시지를 제공하기 위해 필요한 정보를 제공해야 합니다. 무엇을 도와드릴까요?",0.1791603969606446,0.0867224722611068,0.0,0
VS Code Pylance 확장 프로그램 오류,Mixed_Stress_Test,6,6,111,893,1004,0.5850212029999966,"```json
{
  ""step"": 1,
  ""command"": ""Ctrl + K Ctrl + T"",
  ""description"": ""파이썬 import 구문을 흰색으로 변경하고 자동완성이 먹통인 경우 Pylance 언어 서버 오류를 해결하기 위해 Ctrl+Shift+P를 눌러 'Developer: Reload Window'를 실행하거나, 설정(Ctrl+,)에서 Python: Language Server를 None에서 Pylance로 재지정하여 해결합니다.""
}
```",0.5811881845556985,0.3263076978059432,0.1176470588235294,1
Zoom/Teams 마이크 권한 거부,Baseline,3,2,43,539,582,0.24025863100041533,"죄송합니다, 제가 잘못 이해했습니다. 사용자에게 메시지를 보내고, 그 메시지를 받았는데, 메시지가 하나 뜨는 것을 어떻게 해야 할까요?",0.1284151469392282,0.0285839929639401,0.0,0
Zoom/Teams 마이크 권한 거부,Context_Summarized,1,2,28,567,595,0.16396466800006237,"죄송합니다, 제가 잘못 이해했습니다. 사용자에게 가능한 한 정확한 정보를 제공해주시면 감사하겠습니다.",0.1363386996165006,0.0296308276138331,0.0,0
Zoom/Teams 마이크 권한 거부,Max_Chunks,6,2,30,756,786,0.1740928750000421,"죄송합니다, 제가 잘못 이해했습니다. 사용자에게 메시지가 하나 뜨는 경우, 어떻게 처리해야 할까요?",0.1345363774538368,0.0228937728937728,0.0,0
Zoom/Teams 마이크 권한 거부,High_Noise,4,2,43,693,736,0.24004073100013557,"죄송합니다, 제가 잘못 이해했습니다. 사용자에게 메시지를 보내고, 그 메시지를 받았는데, 메시지가 하나 뜨는 방법을 알려주시겠어요?",0.127943620108178,0.0285839929639401,0.0,0
Zoom/Teams 마이크 권한 거부,Ranking_Swapped,4,2,43,693,736,0.24173676399959731,"죄송합니다, 제가 잘못 이해했습니다. 사용자에게 메시지를 보내고, 그 메시지를 받았는데, 메시지가 하나 뜨는 방법을 알려주시겠어요?",0.127943620108178,0.0285839929639401,0.0,0
Zoom/Teams 마이크 권한 거부,Short_History,2,2,43,591,634,0.23878237799999624,"죄송합니다, 제가 잘못 이해했습니다. 사용자에게 메시지를 보내고, 그 메시지를 받았는데, 메시지가 하나 뜨는 방법을 알려주시겠어요?",0.127943620108178,0.0285839929639401,0.0,0
Zoom/Teams 마이크 권한 거부,Long_History,2,6,22,716,738,0.13588637800012293,"죄송합니다, 제가 잘못 이해했습니다. 사용자 질문에 대해 어떻게 도와드릴까요?",0.1346307149765058,0.0117370892018779,0.0,0
Zoom/Teams 마이크 권한 거부,Forced_JSON_Format,2,2,218,619,837,1.1199359019997246,"```json
{
  ""status"": ""success"",
  ""topic"": ""Zoom/Teams 마이크 권한 거부"",
  ""solution_steps"": [
    {
      ""step"": ""1. macOS에서 Zoom 또는 Teams의 마이크 및 카메라가 작동하지 않을 때는 [시스템 설정 > 개인정보 보호 및 보안 > 마이크 / 카메라]에서 해당 앱의 토글 스위치가 켜져 있는지 확인해야 합니다."",
      ""description"": ""마이크와 카메라가 작동하지 않으면 이 과정을 수행합니다.""
    },
    {
      ""step"": ""2. Visual Studio Code의 테마를 바꾸려면 Ctrl+K Ctrl+T를 차례대로 누른 뒤 원하는 색상 테마를 위아래 방향키로 선택하시면 됩니다."",
      ""description"": ""테마 변경 시에는 이 과정을 수행합니다.""
    }
  ]
}
```",0.5893825485959377,0.6272220154618184,0.4615384615384615,1
Zoom/Teams 마이크 권한 거부,Hallucination_Defense,3,2,33,603,636,0.1880250630001683,"죄송합니다, 제가 잘못 이해했습니다. 사용자에게 메시지를 보내고, 그 메시지를 어떻게 처리해야 하는지 알려주시겠어요?",0.1657378739922876,0.0590112896246201,0.0,0
Zoom/Teams 마이크 권한 거부,Mixed_Stress_Test,6,6,135,895,1030,0.7039391779999278,"```json
{
  ""step"": [
    {
      ""name"": ""Step 1"",
      ""description"": ""사내 동호회 지원금 신청"",
      ""action"": ""매월 25일까지 총무팀으로 영수증을 첨부하여 제출""
    },
    {
      ""name"": ""Step 2"",
      ""description"": ""Visual Studio Code 테마 변경"",
      ""action"": ""Ctrl+K Ctrl+T를 차례대로 누른 뒤 원하는 색상 테마를 위아래 방향키로 선택""
    }
  ]
}
```",0.1580412843039993,0.137095773331307,0.0689655172413793,1
Windows 11 BitLocker 복구 키 요구,Baseline,3,2,29,532,561,0.1687780870001916,"죄송합니다, 제가 잘못 이해했습니다. 사용자 질문에 대해 더 자세한 정보를 제공해주시면 감사하겠습니다.",0.1303346914530799,0.0164203612479474,0.0,0
Windows 11 BitLocker 복구 키 요구,Context_Summarized,1,2,29,562,591,0.16937862200029485,"죄송합니다, 제가 잘못 이해했습니다. 사용자에게 보고서를 제공해주실 수 있는 방법을 알려주시겠어요?",0.1329063005276858,0.0164609053497942,0.0,0
Windows 11 BitLocker 복구 키 요구,Max_Chunks,6,2,396,749,1145,2.018198214000222,"네, 지금 바로 따라해주세요. 

1. **Windows 11 BitLocker 복구 키**:
   - [참고 문서]에서 확인한 방법을 통해 복구 키를 얻으세요. 
   - [참고 문서]에 따르면, 복구 키는 회사의 Microsoft Azure AD 포털(myaccount.microsoft.com)의 장치 탭에 로그인하여 해당 디바이스의 48자리 복구 키를 조회하여 입력해야 합니다.

2. **사내 동호회 지원금 신청**:
   - 사내 동호회 지원금은 매월 25일까지 총무팀으로 영수증을 첨부하여 제출해야 합니다.
   - 인당 최대 3만원까지 지원됩니다.

3. **Visual Studio Code의 테마**:
   - Ctrl+K Ctrl+T를 누르고 원하는 색상을 위아래 방향키로 선택하면 됩니다.

4. **사내 도서관**:
   - 본관 3층에 위치해 있으며, 1회 대출 시 최대 3권, 대출 기간은 14일이며 연장은 1회(7일) 가능합니다.

5. **더 많은 안내사항**:
   - 사내 전체 임직원 공통 지침서의 파생 문서입니다.
   - 긴급 장애 발생 시 사내 메신저 IT-Help 채널로 다이렉트 메시지를 발송해 주십시오.

이러한 모든 작업을 완료하면 복구 키와 관련된 모든 문제를 해결하실 수 있을 것입니다. 만약 문제가 계속 발생한다면, 더 자세한 사항을 말씀해주시면 도움을 드릴 수 있습니다.",0.192674958991672,0.2338334287649061,0.25,0
Windows 11 BitLocker 복구 키 요구,High_Noise,4,2,237,686,923,1.2142137380001259,"네, 지금 바로 따라해주세요. 

1. **Windows 11 BitLocker 복구 키**:
   - [참고 문서]에서 확인한 방법을 참고해주세요.

2. **BitLocker 복구 키 화면**:
   - [참고 문서]에서 확인한 방법을 참고해주세요.

3. **Visual Studio Code 테마 변경**:
   - Visual Studio Code의 테마를 바꾸려면 Ctrl + K Ctrl + T를 누르고 원하는 색상을 선택하세요.

4. **도서관 이용**:
   - 사내 도서관은 본관 3층에 위치해 있으며, 1회 대출 시 최대 3권, 대출 기간은 14일이며 연장은 1회(7일) 가능합니다.

이러한 방법들을 모두 따르면, 복구 키와 관련된 모든 작업이 완료될 것입니다. 만약 문제가 계속 발생한다면, 사내 보안 환경이나 로컬 설정에 대해 더 자세히 말씀해주시면 감사하겠습니다.",0.1900959142294965,0.2666886210079515,0.25,0
Windows 11 BitLocker 복구 키 요구,Ranking_Swapped,4,2,35,686,721,0.19848451000007117,"죄송합니다, 제가 잘못 이해했습니다. 사용자에게는 어떤 문제를 해결하기 위해 필요한 명령어와 메뉴 경로를 알려주시겠어요?",0.1372938135247506,0.0241792086948782,0.0,0
Windows 11 BitLocker 복구 키 요구,Short_History,2,2,29,584,613,0.16954567799984943,"죄송합니다, 제가 잘못 이해했습니다. 사용자에게 보고서를 제공해주실 수 있는 방법을 알려주시겠어요?",0.1329063005276858,0.0164609053497942,0.0,0
Windows 11 BitLocker 복구 키 요구,Long_History,2,6,310,709,1019,1.5858990110000377,"죄송합니다, 제가 잘못 이해했습니다. 사용자 질문에 대해 정확한 답변을 드릴 수 있도록 도와드리겠습니다. 

1. **Windows 11 BitLocker 복구 키 요구**:
   - **예외적**: 사내 보안 환경이나 로컬 설정에 따라 복구 키가 필요하지 않습니다.
   - **현장**: 사내 망에 있는 복구 키를 확인하고, 이를 통해 복구 키를 입력하여 재부팅을 진행할 수 있습니다.

2. **재부팅 방법**:
   - **예외적**: 재부팅은 시도해 보았지만, 복구 키가 필요하다는 것을 알 수 있습니다.
   - **현장**: 재부팅을 위해 필요한 모든 요소들을 확인하고, 재부팅을 시작합니다.

3. **사내 동호회 지원금**:
   - **예외적**: 매월 25일까지 총무팀으로 영수증을 첨부하여 지원금을 받으실 수 있습니다.
   - **현장**: 지원금을 받으실 수 있는 방법을 확인하고, 지원금을 받으실 수 있는 계정을 찾아보세요.

이러한 방법들은 모두 사내 보안 환경이나 로컬 설정에 따라 다르므로, 직접 확인하시거나 사내 보안 환경에 맞게 수정하시는 것이 좋습니다.",0.1905493113272573,0.1666629625368308,0.3999999999999999,0
Windows 11 BitLocker 복구 키 요구,Forced_JSON_Format,2,2,195,612,807,1.004331000000093,"```json
{
  ""status"": ""success"",
  ""topic"": ""Windows 11 BitLocker 복구 키 요청"",
  ""solution_steps"": [
    {
      ""step"": ""1. Windows 11 BitLocker 복구 키 요청 확인"",
      ""description"": ""Microsoft Azure AD 포털(myaccount.microsoft.com)의 장치 탭으로 로그인하여 해당 디바이스의 48자리 복구 키를 조회합니다.""
    },
    {
      ""step"": ""2. BitLocker 복구 키 입력"",
      ""description"": ""복구 키를 입력하여 BitLocker 복구 키 화면을 열립니다.""
    }
  ]
}
```

이렇게 작성하면, 사용자가 필요한 모든 정보를 제공하고, 정확한 처리를 위해 명령어와 메뉴 경로를 명확하게 설명하겠습니다.",0.5026484884732801,0.6012476320729284,0.6666666666666667,0
Windows 11 BitLocker 복구 키 요구,Hallucination_Defense,3,2,54,607,661,0.29362446699997236,"죄송합니다, 제가 잘못 이해했습니다. 사용자에게는 어떤 문제를 해결해야 하는지 명확하게 설명해주실 수 있을까요? 예를 들어, 어떤 문제인지, 어떻게 해결해야 하는지에 대해 말씀해주시면 감사하겠습니다.",0.3622785421401516,0.0888903976587285,0.0,0
Windows 11 BitLocker 복구 키 요구,Mixed_Stress_Test,6,6,76,888,964,0.4055208719996699,"```json
{
  ""step"": [
    {
      ""name"": ""Step 1"",
      ""description"": ""Visual Studio Code의 테마를 바꾸기""
    },
    {
      ""name"": ""Step 2"",
      ""description"": ""BitLocker 복구 키 화면을 확인하기""
    }
  ]
}
```",0.3806999163325941,0.2084884590191233,0.0769230769230769,1
GitHub Enterprise SSH 키 등록 오류,Baseline,3,2,184,528,712,1.0680726440000399,"죄송합니다, 제가 잘못 이해했습니다. 사용자에게 직접 도움을 드릴 수 있도록 최선을 다하겠습니다. 

먼저, 사용자에게 SSH 키를 등록하기 위해서는 다음과 같은 명령어를 사용할 수 있습니다:

```bash
# SSH 키 생성 및 등록
ssh-keygen -t rsa -b 4096 -C ""이름@example.com""
```

다음으로, 사용자에게 SSH 키를 추가하기 위해 다음 명령어를 실행하시면 됩니다:

```bash
# SSH 키 추가
ssh-add ~/.ssh/id_rsa
```

이렇게 진행하면 사용자에게 SSH 키를 등록하고 추가할 수 있습니다. 만약 문제가 발생했을 경우, 사용자에게 다시 도움을 드리거나, 필요한 정보를 제공해주시면 도와드리겠습니다.",0.1870160468077965,0.0845687311522499,0.0689655172413793,0
GitHub Enterprise SSH 키 등록 오류,Context_Summarized,1,2,3541,555,4096,17.972400654000012,"죄송합니다, 제가 잘못 이해했습니다. 사용자에게 직접 도움을 드릴 수 있도록 최선을 다하겠습니다. 

먼저, 사용자에게 SSH 키를 등록하는 과정을 설명해드리겠습니다:

1. **GitHub Enterprise SSH 키 등록**:
   - **Step 1**: GitHub Enterprise에서 SSH 키를 생성합니다. 
     - GitHub Enterprise에서 SSH 키를 생성하려면 `https://github.com/settings/keys` 페이지를 방문합니다. 
     - GitHub Enterprise에서 SSH 키를 생성하려면 `https://github.com/settings/tokens/new` 페이지를 클릭합니다.
   - **Step 2**: SSH 키를 생성한 후, `SSH Key ID`라는 항목을 확인합니다. 이 항목은 SSH 키의 유형과 관련이 있으므로, `publickey`이라는 항목을 확인합니다.
   - **Step 3**: SSH 키를 등록합니다. `SSH Key ID` 항목을 입력하고, `Key type` 선택하여 `Public key`를 선택합니다. 
   - **Step 4**: `Save & Continue` 버튼을 클릭하여 등록을 완료합니다.

2. **GitHub Enterprise SSH 키 등록 오류 해결**:
   - **Step 5**: 사용자에게 SSH 키를 등록한 후, `SSH Key ID` 항목을 확인합니다.
   - **Step 6**: 사용자에게 SSH 키를 등록한 후, `SSH Key ID` 항목을 확인합니다.
   - **Step 7**: 사용자에게 SSH 키를 등록한 후, `SSH Key ID` 항목을 확인합니다.
   - **Step 8**: 사용자에게 SSH 키를 등록한 후, `SSH Key ID` 항목을 확인합니다.
   - **Step 9**: 사용자에게 SSH 키를 등록한 후, `SSH Key ID` 항목을 확인합니다.
   - **Step 10**: 사용자에게 SSH 키를 등록한 후, `SSH Key ID` 항목을 확인합니다.
   - **Step 11**: 사용자에게 SSH 키를 등록한 후, `SSH Key ID` 항목을 확인합니다.
   - **Step 12**: 사용자에게 SSH 키를 등록한 후, `SSH Key ID` 항목을 확인합니다.
   - **Step 13**: 사용자에게 SSH 키를 등록한 후, `SSH Key ID` 항목을 확인합니다.
   - **Step 14**: 사용자에게 SSH 키를 등록한 후, `SSH Key ID` 항목을 확인합니다.
   - **Step 15**: 사용자에게 SSH 키를 등록한 후, `SSH Key ID` 항목을 확인합니다.
   - **Step 16**: 사용자에게 SSH 키를 등록한 후, `SSH Key ID` 항목을 확인합니다.
   - **Step 17**: 사용자에게 SSH 키를 등록한 후, `SSH Key ID` 항목을 확인합니다.
   - **Step 18**: 사용자에게 SSH 키를 등록한 후, `SSH Key ID` 항목을 확인합니다.
   - **Step 19**: 사용자에게 SSH 키를 등록한 후, `SSH Key ID` 항목을 확인합니다.
   - **Step 20**: 사용자에게 SSH 키를 등록한 후, `SSH Key ID` 항목을 확인합니다.
   - **Step 21**: 사용자에게 SSH 키를 등록한 후, `SSH Key ID` 항목을 확인합니다.
   - **Step 22**: 사용자에게 SSH 키를 등록한 후, `SSH Key ID` 항목을 확인합니다.
   - **Step 23**: 사용자에게 SSH 키를 등록한 후, `SSH Key ID` 항목을 확인합니다.
   - **Step 24**: 사용자에게 SSH 키를 등록한 후, `SSH Key ID` 항목을 확인합니다.
   - **Step 25**: 사용자에게 SSH 키를 등록한 후, `SSH Key ID` 항목을 확인합니다.
   - **Step 26**: 사용자에게 SSH 키를 등록한 후, `SSH Key ID` 항목을 확인합니다.
   - **Step 27**: 사용자에게 SSH 키를 등록한 후, `SSH Key ID` 항목을 확인합니다.
   - **Step 28**: 사용자에게 SSH 키를 등록한 후, `SSH Key ID` 항목을 확인합니다.
   - **Step 29**: 사용자에게 SSH 키를 등록한 후, `SSH Key ID` 항목을 확인합니다.
   - **Step 30**: 사용자에게 SSH 키를 등록한 후, `SSH Key ID` 항목을 확인합니다.
   - **Step 31**: 사용자에게 SSH 키를 등록한 후, `SSH Key ID` 항목을 확인합니다.
   - **Step 32**: 사용자에게 SSH 키를 등록한 후, `SSH Key ID` 항목을 확인합니다.
   - **Step 33**: 사용자에게 SSH 키를 등록한 후, `SSH Key ID` 항목을 확인합니다.
   - **Step 34**: 사용자에게 SSH 키를 등록한 후, `SSH Key ID` 항목을 확인합니다.
   - **Step 35**: 사용자에게 SSH 키를 등록한 후, `SSH Key ID` 항목을 확인합니다.
   - **Step 36**: 사용자에게 SSH 키를 등록한 후, `SSH Key ID` 항목을 확인합니다.
   - **Step 37**: 사용자에게 SSH 키를 등록한 후, `SSH Key ID` 항목을 확인합니다.
   - **Step 38**: 사용자에게 SSH 키를 등록한 후, `SSH Key ID` 항목을 확인합니다.
   - **Step 39**: 사용자에게 SSH 키를 등록한 후, `SSH Key ID` 항목을 확인합니다.
   - **Step 40**: 사용자에게 SSH 키를 등록한 후, `SSH Key ID` 항목을 확인합니다.
   - **Step 41**: 사용자에게 SSH 키를 등록한 후, `SSH Key ID` 항목을 확인합니다.
   - **Step 42**: 사용자에게 SSH 키를 등록한 후, `SSH Key ID` 항목을 확인합니다.
   - **Step 43**: 사용자에게 SSH 키를 등록한 후, `SSH Key ID` 항목을 확인합니다.
   - **Step 44**: 사용자에게 SSH 키를 등록한 후, `SSH Key ID` 항목을 확인합니다.
   - **Step 45**: 사용자에게 SSH 키를 등록한 후, `SSH Key ID` 항목을 확인합니다.
   - **Step 46**: 사용자에게 SSH 키를 등록한 후, `SSH Key ID` 항목을 확인합니다.
   - **Step 47**: 사용자에게 SSH 키를 등록한 후, `SSH Key ID` 항목을 확인합니다.
   - **Step 48**: 사용자에게 SSH 키를 등록한 후, `SSH Key ID` 항목을 확인합니다.
   - **Step 49**: 사용자에게 SSH 키를 등록한 후, `SSH Key ID` 항목을 확인합니다.
   - **Step 50**: 사용자에게 SSH 키를 등록한 후, `SSH Key ID` 항목을 확인합니다.
   - **Step 51**: 사용자에게 SSH 키를 등록한 후, `SSH Key ID` 항목을 확인합니다.
   - **Step 52**: 사용자에게 SSH 키를 등록한 후, `SSH Key ID` 항목을 확인합니다.
   - **Step 53**: 사용자에게 SSH 키를 등록한 후, `SSH Key ID` 항목을 확인합니다.
   - **Step 54**: 사용자에게 SSH 키를 등록한 후, `SSH Key ID` 항목을 확인합니다.
   - **Step 55**: 사용자에게 SSH 키를 등록한 후, `SSH Key ID` 항목을 확인합니다.
   - **Step 56**: 사용자에게 SSH 키를 등록한 후, `SSH Key ID` 항목을 확인합니다.
   - **Step 57**: 사용자에게 SSH 키를 등록한 후, `SSH Key ID` 항목을 확인합니다.
   - **Step 58**: 사용자에게 SSH 키를 등록한 후, `SSH Key ID` 항목을 확인합니다.
   - **Step 59**: 사용자에게 SSH 키를 등록한 후, `SSH Key ID` 항목을 확인합니다.
   - **Step 60**: 사용자에게 SSH 키를 등록한 후, `SSH Key ID` 항목을 확인합니다.
   - **Step 61**: 사용자에게 SSH 키를 등록한 후, `SSH Key ID` 항목을 확인합니다.
   - **Step 62**: 사용자에게 SSH 키를 등록한 후, `SSH Key ID` 항목을 확인합니다.
   - **Step 63**: 사용자에게 SSH 키를 등록한 후, `SSH Key ID` 항목을 확인합니다.
   - **Step 64**: 사용자에게 SSH 키를 등록한 후, `SSH Key ID` 항목을 확인합니다.
   - **Step 65**: 사용자에게 SSH 키를 등록한 후, `SSH Key ID` 항목을 확인합니다.
   - **Step 66**: 사용자에게 SSH 키를 등록한 후, `SSH Key ID` 항목을 확인합니다.
   - **Step 67**: 사용자에게 SSH 키를 등록한 후, `SSH Key ID` 항목을 확인합니다.
   - **Step 68**: 사용자에게 SSH 키를 등록한 후, `SSH Key ID` 항목을 확인합니다.
   - **Step 69**: 사용자에게 SSH 키를 등록한 후, `SSH Key ID` 항목을 확인합니다.
   - **Step 70**: 사용자에게 SSH 키를 등록한 후, `SSH Key ID` 항목을 확인합니다.
   - **Step 71**: 사용자에게 SSH 키를 등록한 후, `SSH Key ID` 항목을 확인합니다.
   - **Step 72**: 사용자에게 SSH 키를 등록한 후, `SSH Key ID` 항목을 확인합니다.
   - **Step 73**: 사용자에게 SSH 키를 등록한 후, `SSH Key ID` 항목을 확인합니다.
   - **Step 74**: 사용자에게 SSH 키를 등록한 후, `SSH Key ID` 항목을 확인합니다.
   - **Step 75**: 사용자에게 SSH 키를 등록한 후, `SSH Key ID` 항목을 확인합니다.
   - **Step 76**: 사용자에게 SSH 키를 등록한 후, `SSH Key ID` 항목을 확인합니다.
   - **Step 77**: 사용자에게 SSH 키를 등록한 후, `SSH Key ID` 항목을 확인합니다.
   - **Step 78**: 사용자에게 SSH 키를 등록한 후, `SSH Key ID` 항목을 확인합니다.
   - **Step 79**: 사용자에게 SSH 키를 등록한 후, `SSH Key ID` 항목을 확인합니다.
   - **Step 80**: 사용자에게 SSH 키를 등록한 후, `SSH Key ID` 항목을 확인합니다.
   - **Step 81**: 사용자에게 SSH 키를 등록한 후, `SSH Key ID` 항목을 확인합니다.
   - **Step 82**: 사용자에게 SSH 키를 등록한 후, `SSH Key ID` 항목을 확인합니다.
   - **Step 83**: 사용자에게 SSH 키를 등록한 후, `SSH Key ID` 항목을 확인합니다.
   - **Step 84**: 사용자에게 SSH 키를 등록한 후, `SSH Key ID` 항목을 확인합니다.
   - **Step 85**: 사용자에게 SSH 키를 등록한 후, `SSH Key ID` 항목을 확인합니다.
   - **Step 86**: 사용자에게 SSH 키를 등록한 후, `SSH Key ID` 항목을 확인합니다.
   - **Step 87**: 사용자에게 SSH 키를 등록한 후, `SSH Key ID` 항목을 확인합니다.
   - **Step 88**: 사용자에게 SSH 키를 등록한 후, `SSH Key ID` 항목을 확인합니다.
   - **Step 89**: 사용자에게 SSH 키를 등록한 후, `SSH Key ID` 항목을 확인합니다.
   - **Step 90**: 사용자에게 SSH 키를 등록한 후, `SSH Key ID` 항목을 확인합니다.
   - **Step 91**: 사용자에게 SSH 키를 등록한 후, `SSH Key ID` 항목을 확인합니다.
   - **Step 92**: 사용자에게 SSH 키를 등록한 후, `SSH Key ID` 항목을 확인합니다.
   - **Step 93**: 사용자에게 SSH 키를 등록한 후, `SSH Key ID` 항목을 확인합니다.
   - **Step 94**: 사용자에게 SSH 키를 등록한 후, `SSH Key ID` 항목을 확인합니다.
   - **Step 95**: 사용자에게 SSH 키를 등록한 후, `SSH Key ID` 항목을 확인합니다.
   - **Step 96**: 사용자에게 SSH 키를 등록한 후, `SSH Key ID` 항목을 확인합니다.
   - **Step 97**: 사용자에게 SSH 키를 등록한 후, `SSH Key ID` 항목을 확인합니다.
   - **Step 98**: 사용자에게 SSH 키를 등록한 후, `SSH Key ID` 항목을 확인합니다.
   - **Step 99**: 사용자에게 SSH 키를 등록한 후, `SSH Key ID` 항목을 확인합니다.
   - **Step 100**: 사용자에게 SSH 키를 등록한 후, `SSH Key ID` 항목을 확인합니다.
   - **Step 101**: 사용자에게 SSH 키를 등록한 후, `SSH Key ID` 항목을 확인합니다.
   - **Step 102**: 사용자에게 SSH 키를 등록한 후, `SSH Key ID` 항목을 확인합니다.
   - **Step 103**: 사용자에게 SSH 키를 등록한 후, `SSH Key ID` 항목을 확인합니다.
   - **Step 104**: 사용자에게 SSH 키를 등록한 후, `SSH Key ID` 항목을 확인합니다.
   - **Step 105**: 사용자에게 SSH 키를 등록한 후, `SSH Key ID` 항목을 확인합니다.
   - **Step 106**: 사용자에게 SSH 키를 등록한 후, `SSH Key ID` 항목을 확인합니다.
   - **Step 107**: 사용자에게 SSH 키를 등록한 후, `SSH Key ID` 항목을 확인합니다.
   - **Step 108**: 사용자에게 SSH 키를 등록한 후, `SSH Key ID` 항목을 확인합니다.
   - **Step 109**: 사용자에게 SSH 키를 등록한 후, `SSH Key ID` 항목을 확인합니다.
   - **Step 110",0.21846420173272,0.0432659057645551,0.0173160173160173,0
GitHub Enterprise SSH 키 등록 오류,Max_Chunks,6,2,491,745,1236,2.4869542789997467,"죄송합니다, 제가 잘못 이해했습니다. 사용자에게 직접적인 도움을 드리기 위해 필요한 정보를 제공해주시면 감사하겠습니다. 

1. **GitHub Enterprise SSH 키 등록 오류**:
   - **참고 문서**: [참고 문서]
   - **사용자 질문**: [사용자 질문]

2. **GitHub Enterprise SSH 키 등록 오류**:
   - **참고 문서**: [참고 문서]
   - **사용자 질문**: [사용자 질문]

3. **GitHub Enterprise SSH 키 등록 오류**:
   - **참고 문서**: [참고 문서]
   - **사용자 질문**: [사용자 질문]

4. **GitHub Enterprise SSH 키 등록 오류**:
   - **참고 문서**: [참고 문서]
   - **사용자 질문**: [사용자 질문]

5. **GitHub Enterprise SSH 키 등록 오류**:
   - **참고 문서**: [참고 문서]
   - **사용자 질문**: [사용자 질문]

6. **GitHub Enterprise SSH 키 등록 오류**:
   - **참고 문서**: [참고 문서]
   - **사용자 질문**: [사용자 질문]

7. **GitHub Enterprise SSH 키 등록 오류**:
   - **참고 문서**: [참고 문서]
   - **사용자 질문**: [사용자 질문]

8. **GitHub Enterprise SSH 키 등록 오류**:
   - **참고 문서**: [참고 문서]
   - **사용자 질문**: [사용자 질문]

9. **GitHub Enterprise SSH 키 등록 오류**:
   - **참고 문서**: [참고 문서]
   - **사용자 질문**: [사용자 질문]

10. **GitHub Enterprise SSH 키 등록 오류**:
    - **참고 문서**: [참고 문서]
    - **사용자 질문**: [사용자 질문]

이런 상황에서 가장 중요한 것은 사용자에게 직접적인 도움을 드리는 것입니다. 그들이 어떤 문제가 있었는지, 어떻게 해결했는지, 그리고 무엇을 더 도와줄 수 있을지에 대해 자세히 말씀해 주세요.",,0.1743531859930792,0.2083333333333333,0
GitHub Enterprise SSH 키 등록 오류,High_Noise,4,2,3414,682,4096,17.342158906999884,"죄송합니다, 제가 잘못 이해했습니다. 사용자에게 직접적인 도움을 드리기 위해 필요한 정보를 제공해주시면 감사하겠습니다. 

1. **GitHub Enterprise SSH 키 등록 오류**:
   - **Step 1**: [참고 문서]에서 SSH 키 등록을 위한 [참고 문서]을 참조하여 필요한 정보를 찾아보세요.
   - **Step 2**: [참고 문서]에서 [참고 문서]에 있는 [참고 문서]을 참조하여 필요한 정보를 찾아보세요.
   - **Step 3**: [참고 문서]에서 [참고 문서]에 있는 [참고 문서]을 참조하여 필요한 정보를 찾아보세요.
   - **Step 4**: [참고 문서]에서 [참고 문서]에 있는 [참고 문서]을 참조하여 필요한 정보를 찾아보세요.
   - **Step 5**: [참고 문서]에서 [참고 문서]에 있는 [참고 문서]을 참조하여 필요한 정보를 찾아보세요.
   - **Step 6**: [참고 문서]에서 [참고 문서]에 있는 [참고 문서]을 참조하여 필요한 정보를 찾아보세요.
   - **Step 7**: [참고 문서]에서 [참고 문서]에 있는 [참고 문서]을 참조하여 필요한 정보를 찾아보세요.
   - **Step 8**: [참고 문서]에서 [참고 문서]에 있는 [참고 문서]을 참조하여 필요한 정보를 찾아보세요.
   - **Step 9**: [참고 문서]에서 [참고 문서]에 있는 [참고 문서]을 참조하여 필요한 정보를 찾아보세요.
   - **Step 10**: [참고 문서]에서 [참고 문서]에 있는 [참고 문서]을 참조하여 필요한 정보를 찾아보세요.
   - **Step 11**: [참고 문서]에서 [참고 문서]에 있는 [참고 문서]을 참조하여 필요한 정보를 찾아보세요.
   - **Step 12**: [참고 문서]에서 [참고 문서]에 있는 [참고 문서]을 참조하여 필요한 정보를 찾아보세요.
   - **Step 13**: [참고 문서]에서 [참고 문서]에 있는 [참고 문서]을 참조하여 필요한 정보를 찾아보세요.
   - **Step 14**: [참고 문서]에서 [참고 문서]에 있는 [참고 문서]을 참조하여 필요한 정보를 찾아보세요.
   - **Step 15**: [참고 문서]에서 [참고 문서]에 있는 [참고 문서]을 참조하여 필요한 정보를 찾아보세요.
   - **Step 16**: [참고 문서]에서 [참고 문서]에 있는 [참고 문서]을 참조하여 필요한 정보를 찾아보세요.
   - **Step 17**: [참고 문서]에서 [참고 문서]에 있는 [참고 문서]을 참조하여 필요한 정보를 찾아보세요.
   - **Step 18**: [참고 문서]에서 [참고 문서]에 있는 [참고 문서]을 참조하여 필요한 정보를 찾아보세요.
   - **Step 19**: [참고 문서]에서 [참고 문서]에 있는 [참고 문서]을 참조하여 필요한 정보를 찾아보세요.
   - **Step 20**: [참고 문서]에서 [참고 문서]에 있는 [참고 문서]을 참조하여 필요한 정보를 찾아보세요.
   - **Step 21**: [참고 문서]에서 [참고 문서]에 있는 [참고 문서]을 참조하여 필요한 정보를 찾아보세요.
   - **Step 22**: [참고 문서]에서 [참고 문서]에 있는 [참고 문서]을 참조하여 필요한 정보를 찾아보세요.
   - **Step 23**: [참고 문서]에서 [참고 문서]에 있는 [참고 문서]을 참조하여 필요한 정보를 찾아보세요.
   - **Step 24**: [참고 문서]에서 [참고 문서]에 있는 [참고 문서]을 참조하여 필요한 정보를 찾아보세요.
   - **Step 25**: [참고 문서]에서 [참고 문서]에 있는 [참고 문서]을 참조하여 필요한 정보를 찾아보세요.
   - **Step 26**: [참고 문서]에서 [참고 문서]에 있는 [참고 문서]을 참조하여 필요한 정보를 찾아보세요.
   - **Step 27**: [참고 문서]에서 [참고 문서]에 있는 [참고 문서]을 참조하여 필요한 정보를 찾아보세요.
   - **Step 28**: [참고 문서]에서 [참고 문서]에 있는 [참고 문서]을 참조하여 필요한 정보를 찾아보세요.
   - **Step 29**: [참고 문서]에서 [참고 문서]에 있는 [참고 문서]을 참조하여 필요한 정보를 찾아보세요.
   - **Step 30**: [참고 문서]에서 [참고 문서]에 있는 [참고 문서]을 참조하여 필요한 정보를 찾아보세요.
   - **Step 31**: [참고 문서]에서 [참고 문서]에 있는 [참고 문서]을 참조하여 필요한 정보를 찾아보세요.
   - **Step 32**: [참고 문서]에서 [참고 문서]에 있는 [참고 문서]을 참조하여 필요한 정보를 찾아보세요.
   - **Step 33**: [참고 문서]에서 [참고 문서]에 있는 [참고 문서]을 참조하여 필요한 정보를 찾아보세요.
   - **Step 34**: [참고 문서]에서 [참고 문서]에 있는 [참고 문서]을 참조하여 필요한 정보를 찾아보세요.
   - **Step 35**: [참고 문서]에서 [참고 문서]에 있는 [참고 문서]을 참조하여 필요한 정보를 찾아보세요.
   - **Step 36**: [참고 문서]에서 [참고 문서]에 있는 [참고 문서]을 참조하여 필요한 정보를 찾아보세요.
   - **Step 37**: [참고 문서]에서 [참고 문서]에 있는 [참고 문서]을 참조하여 필요한 정보를 찾아보세요.
   - **Step 38**: [참고 문서]에서 [참고 문서]에 있는 [참고 문서]을 참조하여 필요한 정보를 찾아보세요.
   - **Step 39**: [참고 문서]에서 [참고 문서]에 있는 [참고 문서]을 참조하여 필요한 정보를 찾아보세요.
   - **Step 40**: [참고 문서]에서 [참고 문서]에 있는 [참고 문서]을 참조하여 필요한 정보를 찾아보세요.
   - **Step 41**: [참고 문서]에서 [참고 문서]에 있는 [참고 문서]을 참조하여 필요한 정보를 찾아보세요.
   - **Step 42**: [참고 문서]에서 [참고 문서]에 있는 [참고 문서]을 참조하여 필요한 정보를 찾아보세요.
   - **Step 43**: [참고 문서]에서 [참고 문서]에 있는 [참고 문서]을 참조하여 필요한 정보를 찾아보세요.
   - **Step 44**: [참고 문서]에서 [참고 문서]에 있는 [참고 문서]을 참조하여 필요한 정보를 찾아보세요.
   - **Step 45**: [참고 문서]에서 [참고 문서]에 있는 [참고 문서]을 참조하여 필요한 정보를 찾아보세요.
   - **Step 46**: [참고 문서]에서 [참고 문서]에 있는 [참고 문서]을 참조하여 필요한 정보를 찾아보세요.
   - **Step 47**: [참고 문서]에서 [참고 문서]에 있는 [참고 문서]을 참조하여 필요한 정보를 찾아보세요.
   - **Step 48**: [참고 문서]에서 [참고 문서]에 있는 [참고 문서]을 참조하여 필요한 정보를 찾아보세요.
   - **Step 49**: [참고 문서]에서 [참고 문서]에 있는 [참고 문서]을 참조하여 필요한 정보를 찾아보세요.
   - **Step 50**: [참고 문서]에서 [참고 문서]에 있는 [참고 문서]을 참조하여 필요한 정보를 찾아보세요.
   - **Step 51**: [참고 문서]에서 [참고 문서]에 있는 [참고 문서]을 참조하여 필요한 정보를 찾아보세요.
   - **Step 52**: [참고 문서]에서 [참고 문서]에 있는 [참고 문서]을 참조하여 필요한 정보를 찾아보세요.
   - **Step 53**: [참고 문서]에서 [참고 문서]에 있는 [참고 문서]을 참조하여 필요한 정보를 찾아보세요.
   - **Step 54**: [참고 문서]에서 [참고 문서]에 있는 [참고 문서]을 참조하여 필요한 정보를 찾아보세요.
   - **Step 55**: [참고 문서]에서 [참고 문서]에 있는 [참고 문서]을 참조하여 필요한 정보를 찾아보세요.
   - **Step 56**: [참고 문서]에서 [참고 문서]에 있는 [참고 문서]을 참조하여 필요한 정보를 찾아보세요.
   - **Step 57**: [참고 문서]에서 [참고 문서]에 있는 [참고 문서]을 참조하여 필요한 정보를 찾아보세요.
   - **Step 58**: [참고 문서]에서 [참고 문서]에 있는 [참고 문서]을 참조하여 필요한 정보를 찾아보세요.
   - **Step 59**: [참고 문서]에서 [참고 문서]에 있는 [참고 문서]을 참조하여 필요한 정보를 찾아보세요.
   - **Step 60**: [참고 문서]에서 [참고 문서]에 있는 [참고 문서]을 참조하여 필요한 정보를 찾아보세요.
   - **Step 61**: [참고 문서]에서 [참고 문서]에 있는 [참고 문서]을 참조하여 필요한 정보를 찾아보세요.
   - **Step 62**: [참고 문서]에서 [참고 문서]에 있는 [참고 문서]을 참조하여 필요한 정보를 찾아보세요.
   - **Step 63**: [참고 문서]에서 [참고 문서]에 있는 [참고 문서]을 참조하여 필요한 정보를 찾아보세요.
   - **Step 64**: [참고 문서]에서 [참고 문서]에 있는 [참고 문서]을 참조하여 필요한 정보를 찾아보세요.
   - **Step 65**: [참고 문서]에서 [참고 문서]에 있는 [참고 문서]을 참조하여 필요한 정보를 찾아보세요.
   - **Step 66**: [참고 문서]에서 [참고 문서]에 있는 [참고 문서]을 참조하여 필요한 정보를 찾아보세요.
   - **Step 67**: [참고 문서]에서 [참고 문서]에 있는 [참고 문서]을 참조하여 필요한 정보를 찾아보세요.
   - **Step 68**: [참고 문서]에서 [참고 문서]에 있는 [참고 문서]을 참조하여 필요한 정보를 찾아보세요.
   - **Step 69**: [참고 문서]에서 [참고 문서]에 있는 [참고 문서]을 참조하여 필요한 정보를 찾아보세요.
   - **Step 70**: [참고 문서]에서 [참고 문서]에 있는 [참고 문서]을 참조하여 필요한 정보를 찾아보세요.
   - **Step 71**: [참고 문서]에서 [참고 문서]에 있는 [참고 문서]을 참조하여 필요한 정보를 찾아보세요.
   - **Step 72**: [참고 문서]에서 [참고 문서]에 있는 [참고 문서]을 참조하여 필요한 정보를 찾아보세요.
   - **Step 73**: [참고 문서]에서 [참고 문서]에 있는 [참고 문서]을 참조하여 필요한 정보를 찾아보세요.
   - **Step 74**: [참고 문서]에서 [참고 문서]에 있는 [참고 문서]을 참조하여 필요한 정보를 찾아보세요.
   - **Step 75**: [참고 문서]에서 [참고 문서]에 있는 [참고 문서]을 참조하여 필요한 정보를 찾아보세요.
   - **Step 76**: [참고 문서]에서 [참고 문서]에 있는 [참고 문서]을 참조하여 필요한 정보를 찾아보세요.
   - **Step 77**: [참고 문서]에서 [참고 문서]에 있는 [참고 문서]을 참조하여 필요한 정보를 찾아보세요.
   - **Step 78**: [참고 문서]에서 [참고 문서]에 있는 [참고 문서]을 참조하여 필요한 정보를 찾아보세요.
   - **Step 79**: [참고 문서]에서 [참고 문서]에 있는 [참고 문서]을 참조하여 필요한 정보를 찾아보세요.
   - **Step 80**: [참고 문서]에서 [참고 문서]에 있는 [참고 문서]을 참조하여 필요한 정보를 찾아보세요.
   - **Step 81**: [참고 문서]에서 [참고 문서]에 있는 [참고 문서]을 참조하여 필요한 정보를 찾아보세요.
   - **Step 82**: [참고 문서]에서 [참고 문서]에 있는 [참고 문서]을 참조하여 필요한 정보를 찾아보세요.
   - **Step 83**: [참고 문서]에서 [참고 문서]에 있는 [참고 문서]을 참조하여 필요한 정보를 찾아보세요.
   - **Step 84**: [참고 문서]에서 [참고 문서]에 있는 [참고 문서]을 참조하여 필요한 정보를 찾아보세요.
   - **Step 85**: [참고 문서]에서 [참고 문서]에 있는 [참고 문서]을 참조하여 필요한 정보를 찾아보세요.
   - **Step 86**: [참고 문서]에서 [참고 문서]에 있는 [참고 문서]을 참조하여 필요한 정보를 찾아보세요.
   - **Step 87**: [참고 문서]에서 [참고 문서]에 있는 [참고 문서]을 참조하여 필요한 정보를 찾아보세요.
   - **Step 88**: [참고 문서]에서 [참고 문서]에 있는 [참고 문서]을 참조하여 필요한 정보를 찾아보세요.
   - **Step 89**: [참고 문서]에서 [참고 문서]에 있는 [참고 문서]을 참조하여 필요한 정보를 찾아보세요.
   - **Step 90**: [참고 문서]에서 [참고 문서]에 있는 [참고 문서]을 참조하여 필요한 정보를 찾아보세요.
   - **Step 91**: [참고 문서]에서 [참고 문서]에 있는 [참고 문서]을 참조하여 필요한 정보를 찾아보세요.
   - **Step 92**:",,0.0244068642811099,0.0304568527918781,0
GitHub Enterprise SSH 키 등록 오류,Ranking_Swapped,4,2,379,682,1061,1.9269769199995608,"죄송합니다, 제가 잘못 이해했습니다. 사용자에게 직접적인 도움을 드리기 위해 필요한 정보를 제공해주시면 감사하겠습니다. 

1. **GitHub Enterprise SSH 키 등록 오류**:
   - **Step 1**: [참고 문서]에서 확인한 내용을 참고하여, SSH 키 등록을 위한 [참고 문서]에 대해 더 자세히 알아봅니다.
   - **Step 2**: [참고 문서]에서 확인한 내용을 참고하여, SSH 키 등록을 진행합니다.
   - **Step 3**: SSH 키 등록이 완료되면, [참고 문서]에서 확인한 내용을 참고하여, [사용자 질문]에 대한 해결책을 말씀해주세요.

2. **Visual Studio Code 테마 변경**:
   - **Step 1**: Visual Studio Code의 테마를 바꾸려면 Ctrl + K Ctrl + T를 통해 원하는 색상을 선택합니다.
   - **Step 2**: 원하는 색상을 선택하고, 원하는 색상 테마를 위아래 방향키로 선택합니다.
   - **Step 3**: 테마를 적용합니다.

3. **GitHub Enterprise Access Error**:
   - **Step 1**: Permission Denied (Publickey) 에러가 발생하면, SSH와 GPG 키를 GitHub 프로필 설정에서 'SSH and GPG keys'에 정확히 등록되어 있는지 확인합니다.
   - **Step 2**: SSH와 GPG 키를 확인 후, [참고 문서]에서 확인한 내용을 참고하여, [사용자 질문]에 대한 해결책을 말씀해주세요.

이러한 정보를 제공해주셔서 감사합니다.",0.338960179098239,0.3322563119963731,0.2711864406779661,0
GitHub Enterprise SSH 키 등록 오류,Short_History,2,2,391,580,971,1.9890525760001765,"죄송합니다, 제가 잘못 이해했습니다. 사용자에게 직접 도움을 드리려고 노력하겠습니다. 

GitHub Enterprise SSH 키 등록 오류는 여러 가지 이유로 발생할 수 있습니다. 아래와 같이, 각각의 문제를 고려하여 해결책을 제시해 드릴 수 있을 것 같습니다:

1. **GitHub Enterprise에 접근할 때 Permission Denied (publickey)**:
   - **정확한 해결**: 
     1. SSH 및 GPG 키를 GitHub Enterprise에 등록한 후, `~/.ssh/id_rsa.pub` 파일을 GitHub 프로필 설정에서 'SSH and GPG keys'에 추가합니다.
     2. `ssh-add ~/.ssh/id_rsa.pub` 명령어를 실행하여 키를 추가합니다.
   
   - **주의사항**: 
     - SSH 및 GPG 키를 GitHub Enterprise에 등록한 후에는 `~/.ssh/id_rsa.pub` 파일을 GitHub 프로필 설정에서 'SSH and GPG keys'에 추가해야 합니다.
     - `ssh-add ~/.ssh/id_rsa.pub` 명령어를 실행하여 키를 추가해야 합니다.

2. **사내 동호회 지원금 신청**:
   - **정확한 해결**: 
     1. 매월 25일까지 총무팀으로 영수증을 첨부하여 제출합니다.
     2. 인당 최대 3만원까지 지원합니다.

   - **주의사항**: 
     - 매월 25일까지 총무팀으로 영수증을 첨부하여 제출해야 합니다.
     - 인당 최대 3만원까지 지원합니다.

이러한 방법들을 통해 사용자에게 필요한 해결책을 제공하겠습니다. 만약 다른 문제가 있다면 언제든지 말씀해 주세요.",0.6405743486059974,0.3540406522617234,0.25,0
GitHub Enterprise SSH 키 등록 오류,Long_History,2,6,36,705,741,0.20481502299981003,"죄송합니다, 제가 잘못 이해했습니다. 사용자 질문에 대해 정확한 답변을 드리기 위해 필요한 정보를 제공해주시면 감사하겠습니다.",0.1354337658733188,0.0133792048929663,0.0,0
GitHub Enterprise SSH 키 등록 오류,Forced_JSON_Format,2,2,249,608,857,1.2743209689997457,"```json
{
  ""status"": ""success"",
  ""topic"": ""GitHub Enterprise SSH 키 등록 오류 해결"",
  ""solution_steps"": [
    {
      ""step"": ""GitHub Enterprise SSH 키 등록을 확인하기 위해, 사용자에게 SSH 및 GPG 키를 등록한 후, SSH와 GPG 키를 확인했습니다."",
      ""description"": ""GitHub Enterprise SSH 키 등록을 확인하려면, 사용자에게 SSH 및 GPG 키를 등록한 후, SSH와 GPG 키를 확인했습니다.""
    },
    {
      ""step"": ""Visual Studio Code의 테마를 변경하기 위해서는, Ctrl + K Ctrl + T를 사용하여 원하는 색상 테마를 위아래 방향키로 선택했습니다."",
      ""description"": ""Visual Studio Code의 테마를 변경하기 위해서는, Ctrl + K Ctrl + T를 사용하여 원하는 색상 테마를 위아래 방향키로 선택했습니다.""
    }
  ]
}
```

이렇게 작성하면, 사용자가 정확하게 문제를 해결하고, 필요한 정보를 제공할 수 있을 것입니다.",0.5795044383715191,0.3439173800213467,0.4242424242424242,0
GitHub Enterprise SSH 키 등록 오류,Hallucination_Defense,3,2,408,601,1009,2.078092638999806,"죄송합니다, 제가 잘못 이해했습니다. 사용자에게 직접적인 도움을 드리기 위해 필요한 정보를 제공해주시면 감사하겠습니다. 

1. **GitHub Enterprise SSH 키 등록 오류**:
   - **정확한 해결 방법**: 
     1. **참고 문서 확인**: 사내 동호회 지원금 신청 및 Visual Studio Code 테마 변경은 매월 25일까지 총무팀으로 영수증을 첨부하여 제출해야 합니다. 또한, 테마 변경은 Ctrl+K Ctrl+T를 통해 원하는 색상을 위아래 방향키로 선택하면 됩니다. 
     2. **다음 단계**: 사내 도서관은 본관 3층에 위치해 있으며, 1회 대출 시 최대 3권, 대출 기간은 14일이며 연장은 1회(7일) 가능합니다. 

2. **메시지가 하나 뜨긴**:
   - **정확한 해결 방법**: 
     1. **참고 문서 확인**: 사내 동호회 지원금 신청 및 Visual Studio Code 테마 변경은 매월 25일까지 총무팀으로 영수증을 첨부하여 제출해야 합니다. 또한, 테마 변경은 Ctrl+K Ctrl+T를 통해 원하는 색상을 위아래 방향키로 선택하면 됩니다. 
     2. **다음 단계**: 사내 도서관은 본관 3층에 위치해 있으며, 1회 대출 시 최대 3권, 대출 기간은 14일이며 연장은 1회(7일) 가능합니다. 

이러한 정보를 사용하여 사용자에게 정확한 도움을 드릴 수 있도록 최선을 다하겠습니다.",0.270011022245145,0.0540671375356216,0.0,0
GitHub Enterprise SSH 키 등록 오류,Mixed_Stress_Test,6,6,97,884,981,0.5120877999997901,"```json
{
  ""step"": [
    {
      ""name"": ""Step 1"",
      ""description"": ""Visual Studio Code의 테마를 바꾸기"",
      ""command"": ""code . --theme=light""
    },
    {
      ""name"": ""Step 2"",
      ""description"": ""GitHub Enterprise에 접근하기"",
      ""command"": ""git clone https://github.com/username/repo.git""
    }
  ]
}
```",0.1665570552009042,0.2587787592629224,0.15,1
Docker Desktop 가상 디스크 용량 초과,Baseline,3,2,389,545,934,1.9810152949999065,"죄송합니다, 제가 잘못 이해했습니다. 

Docker Desktop 가상 디스크 용량 초과 문제를 해결하기 위해 다음 단계를 따르시겠습니까?

1. **Virtual Disk Limit** : 가상 디스크의 용량을 확인하시고, 필요한 경우 최소한의 용량을 줄여보세요. 
   ```bash
   docker volume ls | grep ""docker.io"" | awk '{print $1}' | xargs docker volume set min-size <최소 용량>
   ```

2. **Virtual Disk Size** : 가상 디스크의 실제 용량을 확인하시고, 필요한 경우 최대한 적은 용량을 설정하세요.
   ```bash
   docker volume ls | grep ""docker.io"" | awk '{print $1}' | xargs docker volume set max-size <최대 용량>
   ```

3. **Virtual Disk Resize** : 가상 디스크를 최소한의 용량으로 설정하고, 최대한 적은 용량으로 설정하면 됩니다.
   ```bash
   docker volume create --small <최소 용량> --size <최대 용량>
   ```

4. **Virtual Disk Cleanup** : 마지막으로, 가상 디스크를 최소한의 용량으로 설정하고 최대한 적은 용량으로 설정한 후, Virtual Disk Cleanup 명령어를 실행하세요.
   ```bash
   docker volume cleanup
   ```

5. **Restart Docker Desktop** : 이제 모든 작업이 완료되면, 다시 Docker Desktop를 시작하세요.
   ```bash
   docker run hello-world
   ```

이렇게 하면 문제가 해결될 것입니다. 만약 계속해서 문제가 발생한다면, 더 자세한 정보를 제공해주셔야 합니다.",0.2584810776421912,0.1848293003326517,0.0952380952380952,0
Docker Desktop 가상 디스크 용량 초과,Context_Summarized,1,2,327,575,902,1.66951600900029,"죄송합니다, 제가 잘못 이해했습니다. 저는 사용자의 질문에 대해 더 정확한 답변을 제공하도록 노력하겠습니다. 

Docker Desktop 가상 디스크 용량 초과 문제를 해결하기 위해서는 다음과 같은 단계를 거쳐야 합니다:

1. **구체적인 문제 확인**: 먼저, 사용자의 컴퓨터에서 Docker Desktop가 설치되어 있는지 확인하시길 바랍니다. 또한, 사용자의 컴퓨터가 어떤 운영 체제인지 확인하시길 바랍니다.

2. **설정 변경**: 사용자에게 필요한 설정을 변경하시길 바랍니다. 예를 들어, Virtual Disk Limits 설정을 늘리거나, Virtual Machine Size 설정을 줄여보세요. 이는 가상 디스크 용량을 줄이는 데 도움이 될 것입니다.

3. **삭제 및 재설정**: 사용자에게 필요한 컨테이너와 볼륨을 삭제하고 다시 설정하시길 바랍니다. 이는 가상 디스크를 최소화시키는 데 도움이 됩니다.

4. **다음 단계**: 사용자에게 필요한 작업을 수행하시길 바랍니다. 예를 들어, Virtual Machine Size 설정을 줄여보거나, Virtual Disk Limits 설정을 늘리세요.

5. **확인**: 사용자에게 결과를 확인하시길 바랍니다. 만약 문제가 해결되지 않았다면, 사용자에게 추가적인 정보를 제공하시길 바랍니다.

이러한 단계들을 모두 수행하시면, 가상 디스크 용량 초과 문제를 해결하실 수 있을 것입니다.",0.2044528129183833,0.2066949557585795,0.2580645161290322,0
Docker Desktop 가상 디스크 용량 초과,Max_Chunks,6,2,33,762,795,0.1906522340000265,"죄송합니다, 제가 잘못 이해했습니다. 사용자에게 필요한 정보를 제공하기 위해 더 자세한 정보를 제공해주시면 감사하겠습니다.",0.1287256938977737,0.0140562248995983,0.0,0
Docker Desktop 가상 디스크 용량 초과,High_Noise,4,2,37,699,736,0.21027811300018584,"죄송합니다, 제가 잘못 이해했습니다. 사용자에게 필요한 정보를 제공하기 위해 더 자세한 정보를 제공해야 합니다. 무엇을 도와드릴까요?",0.1292221606121912,0.0139220365950676,0.0,0
Docker Desktop 가상 디스크 용량 초과,Ranking_Swapped,4,2,33,699,732,0.18975465099993016,"죄송합니다, 제가 잘못 이해했습니다. 사용자에게 필요한 정보를 제공하기 위해 더 자세한 정보를 제공해주시면 감사하겠습니다.",0.1287256938977737,0.0140562248995983,0.0,0
Docker Desktop 가상 디스크 용량 초과,Short_History,2,2,416,597,1013,2.122676898000009,"죄송합니다, 제가 잘못 이해했습니다. 저는 사용자의 질문에 대해 더 정확한 답변을 제공하도록 노력하겠습니다. 

1. **정보의 출처**: 사용자의 질문을 시작하기 전에 제공되는 참조 문서에 근거하여 답변하려고 합니다.
   
2. **할루시네이션 방지**: [참고 문서]에 없는 내용은 절대 추측하거나 지어내지 마십시오. 정보가 부족하다면 ""제공된 문서에서 해당 내용을 찾을 수 없습니다.""라고 답변하십시오.

3. **단계별 안내**: 
   - **Step 1:** 먼저, 사용자의 질문에 대해 더 자세히 설명해주실 수 있는 정보를 제공해야 합니다. 예를 들어, 사용자가 어떤 문제가 발생했는지, 그 이유를 설명하시겠습니까?
   - **Step 2:** 사용자의 질문에 대한 답변을 제공하려면, 사용자가 질문에 대해 더 자세히 설명해주실 수 있도록, 필요한 경우 참조 문서에 대한 정보를 제공해주시면 감사하겠습니다.
   - **Step 3:** 사용자가 질문에 대한 답변을 제공하면, 다음 단계로 넘어갑니다. 이 단계에서는 사용자가 어떤 작업을 수행했는지, 그리고 그 결과를 설명해주시면 감사하겠습니다.
   - **Step 4:** 사용자가 질문에 대한 답변을 제공하면, 다음 단계로 넘어갑니다. 이 단계에서는 사용자가 어떤 작업을 수행했는지, 그리고 그 결과를 설명해주시면 감사하겠습니다.
   - **Step 5:** 사용자가 질문에 대한 답변을 제공하면, 마지막 단계로 넘어갑니다. 이 단계에서는 사용자가 어떤 작업을 수행했는지, 그리고 그 결과를 설명해주시면 감사하겠습니다.

이렇게 진행하면 사용자가 질문에 대한 답변을 제공할 수 있을 것입니다. 만약 다른 질문이 있으시다면 언제든지 말씀해주세요!",0.1359487429152577,0.0273526751821781,0.0,0
Docker Desktop 가상 디스크 용량 초과,Long_History,2,6,198,722,920,1.0234250439998505,"죄송합니다, 제가 잘못 이해했습니다. 
Docker Desktop 가상 디스크 용량 초과 문제를 해결하기 위해 다음 단계를 따르시겠습니까?
1. **Docker System Prune** : Docker System Prune -a --volumes 명령어를 사용하여 가상 디스크(qcow2/vhdx) 용량을 줄이는 작업을 수행합니다. 이 명령어는 사용자에게 요청한 가상 디스크의 용량을 줄여주는 역할을 합니다.
2. **Virtual Disk Limit Increase** : 사내 동호회 지원금 신청은 매월 25일까지 총무팀으로 영수증을 첨부하여 제출해야 합니다. 이는 사내 동호회 지원금을 받으려면 필요한 모든 정보를 포함해야 합니다. 

이 두 가지 작업을 모두 수행하면 문제가 해결될 것입니다.",0.3517410669589571,0.2834671733898488,0.2068965517241379,0
Docker Desktop 가상 디스크 용량 초과,Forced_JSON_Format,2,2,276,625,901,1.4157109859997945,"```json
{
  ""status"": ""success"",
  ""topic"": ""Docker Desktop 가상 디스크 용량 초과 문제 해결"",
  ""solution_steps"": [
    {
      ""step"": ""1. Docker Desktop 실행 중 'No space left on device' 에러가 발생하면, 'docker system prune -a --volumes' 명령어를 사용하여 가상 디스크(qcow2/vhdx) 용량을 줄이는 작업을 수행합니다."",
      ""description"": ""docker system prune -a --volumes 명령어는 Docker Container 및 Volume 관리 프로그램을 최소화하고, 가상 디스크 용량을 줄이는 작업을 수행합니다.""
    },
    {
      ""step"": ""2. Visual Studio Code의 테마를 바꾸려면 Ctrl+K Ctrl+T를 사용하여 원하는 색상 테마를 위아래 방향키로 선택합니다."",
      ""description"": ""Visual Studio Code의 테마 변경은 편집기의 기본 설정으로 작동하며, 테마를 선택하면 텍스트 색상이 변경됩니다.""
    }
  ]
}
```

이렇게 작성하면, 사용자가 필요한 정보를 얻을 수 있도록 도와드리겠습니다.",0.4846874933890462,0.5360390158158288,0.5633802816901409,0
Docker Desktop 가상 디스크 용량 초과,Hallucination_Defense,3,2,37,607,644,0.20932384599973375,"죄송합니다, 제가 잘못 이해했습니다. 사용자에게 필요한 정보를 제공하기 위해 더 자세한 정보를 제공해야 합니다. 무엇을 도와드릴까요?",0.1776247187993618,0.0780813424520232,0.0,0
Docker Desktop 가상 디스크 용량 초과,Mixed_Stress_Test,6,6,41,901,942,0.23063608600023144,"```json
{
  ""step"": ""1. 가상 디스크 용량 초과 문제 해결"",
  ""command"": ""docker system prune -a --volumes""
}
```",0.496878533209869,0.1707110576409606,0.0869565217391304,1
AWS CLI 로컬 크레덴셜 만료,Baseline,3,2,41,540,581,0.2305791940002564,"죄송합니다, 제가 잘못 이해했습니다. AWS CLI 로컬 크레덴셜 만료 문제를 해결하기 위해 필요한 단계와 명령어를 말씀해주시면 감사하겠습니다.",,0.1782605756894109,0.4444444444444445,0
AWS CLI 로컬 크레덴셜 만료,Context_Summarized,1,2,3528,568,4096,17.98752952599989,"먼저, AWS CLI 명령 'aws sts get-session-token'를 사용하여 새로운 AccessKey, SecretKey, SessionToken을 발급받아 ~/.aws/credentials 파일에 업데이트해야 합니다. 다음은 구체적인 처리 순서와 명령어 및 메뉴 경로입니다:

1. **AWS CLI 명령 실행**:
   ```bash
   aws sts get-session-token --role-arn <your-role-arn> --query='AccessKeyId,SecretAccessKey,SessionToken' --output text
   ```

2. **명령 실행 후 명령어 확인**:
   ```bash
   aws sts get-session-token --role-arn <your-role-arn> --query='AccessKeyId,SecretAccessKey,SessionToken' --output text
   ```

3. **~/.aws/credentials 파일 업데이트**:
   ```bash
   echo ""$AWS_ACCESS_KEY_ID:$AWS_SECRET_ACCESS_KEY:$AWS_SESSION_TOKEN"" | sudo tee -a ~/.aws/credentials
   ```

4. **AWS CLI 명령 실행**:
   ```bash
   aws configure set default.region us-east-1
   ```

5. **AWS CLI 명령 실행**:
   ```bash
   aws ssm start-up-recovery-group --region us-east-1 --recovery-schedule RecoveryScheduleName
   ```

6. **AWS CLI 명령 실행**:
   ```bash
   aws ec2 create-instances --image-id ami-0abcdef1234567890 --count 1 --instance-type t2.micro --key-name your-key-pair-name --security-groups your-security-group-id
   ```

7. **AWS CLI 명령 실행**:
   ```bash
   aws ec2 associate-vpc-id --vpc-id vpc-id --subnet-id subnet-id --associate-vpc
   ```

8. **AWS CLI 명령 실행**:
   ```bash
   aws ec2 delete-instances --instance-ids instance-id --terminate
   ```

9. **AWS CLI 명령 실행**:
   ```bash
   aws ec2 terminate-instances --instance-ids instance-id
   ```

10. **AWS CLI 명령 실행**:
    ```bash
    aws iam switch-user --user-data-file /path/to/user-data.json
    ```

11. **AWS CLI 명령 실행**:
    ```bash
    aws ec2 delete-instances --instance-ids instance-id --terminate
    ```

12. **AWS CLI 명령 실행**:
    ```bash
    aws ec2 terminate-instances --instance-ids instance-id
    ```

13. **AWS CLI 명령 실행**:
    ```bash
    aws ec2 delete-instances --instance-ids instance-id --terminate
    ```

14. **AWS CLI 명령 실행**:
    ```bash
    aws ec2 terminate-instances --instance-ids instance-id
    ```

15. **AWS CLI 명령 실행**:
    ```bash
    aws ec2 delete-instances --instance-ids instance-id --terminate
    ```

16. **AWS CLI 명령 실행**:
    ```bash
    aws ec2 terminate-instances --instance-ids instance-id
    ```

17. **AWS CLI 명령 실행**:
    ```bash
    aws ec2 delete-instances --instance-ids instance-id --terminate
    ```

18. **AWS CLI 명령 실행**:
    ```bash
    aws ec2 terminate-instances --instance-ids instance-id
    ```

19. **AWS CLI 명령 실행**:
    ```bash
    aws ec2 delete-instances --instance-ids instance-id --terminate
    ```

20. **AWS CLI 명령 실행**:
    ```bash
    aws ec2 terminate-instances --instance-ids instance-id
    ```

21. **AWS CLI 명령 실행**:
    ```bash
    aws ec2 delete-instances --instance-ids instance-id --terminate
    ```

22. **AWS CLI 명령 실행**:
    ```bash
    aws ec2 terminate-instances --instance-ids instance-id
    ```

23. **AWS CLI 명령 실행**:
    ```bash
    aws ec2 delete-instances --instance-ids instance-id --terminate
    ```

24. **AWS CLI 명령 실행**:
    ```bash
    aws ec2 terminate-instances --instance-ids instance-id
    ```

25. **AWS CLI 명령 실행**:
    ```bash
    aws ec2 delete-instances --instance-ids instance-id --terminate
    ```

26. **AWS CLI 명령 실행**:
    ```bash
    aws ec2 terminate-instances --instance-ids instance-id
    ```

27. **AWS CLI 명령 실행**:
    ```bash
    aws ec2 delete-instances --instance-ids instance-id --terminate
    ```

28. **AWS CLI 명령 실행**:
    ```bash
    aws ec2 terminate-instances --instance-ids instance-id
    ```

29. **AWS CLI 명령 실행**:
    ```bash
    aws ec2 delete-instances --instance-ids instance-id --terminate
    ```

30. **AWS CLI 명령 실행**:
    ```bash
    aws ec2 terminate-instances --instance-ids instance-id
    ```

31. **AWS CLI 명령 실행**:
    ```bash
    aws ec2 delete-instances --instance-ids instance-id --terminate
    ```

32. **AWS CLI 명령 실행**:
    ```bash
    aws ec2 terminate-instances --instance-ids instance-id
    ```

33. **AWS CLI 명령 실행**:
    ```bash
    aws ec2 delete-instances --instance-ids instance-id --terminate
    ```

34. **AWS CLI 명령 실행**:
    ```bash
    aws ec2 terminate-instances --instance-ids instance-id
    ```

35. **AWS CLI 명령 실행**:
    ```bash
    aws ec2 delete-instances --instance-ids instance-id --terminate
    ```

36. **AWS CLI 명령 실행**:
    ```bash
    aws ec2 terminate-instances --instance-ids instance-id
    ```

37. **AWS CLI 명령 실행**:
    ```bash
    aws ec2 delete-instances --instance-ids instance-id --terminate
    ```

38. **AWS CLI 명령 실행**:
    ```bash
    aws ec2 terminate-instances --instance-ids instance-id
    ```

39. **AWS CLI 명령 실행**:
    ```bash
    aws ec2 delete-instances --instance-ids instance-id --terminate
    ```

40. **AWS CLI 명령 실행**:
    ```bash
    aws ec2 terminate-instances --instance-ids instance-id
    ```

41. **AWS CLI 명령 실행**:
    ```bash
    aws ec2 delete-instances --instance-ids instance-id --terminate
    ```

42. **AWS CLI 명령 실행**:
    ```bash
    aws ec2 terminate-instances --instance-ids instance-id
    ```

43. **AWS CLI 명령 실행**:
    ```bash
    aws ec2 delete-instances --instance-ids instance-id --terminate
    ```

44. **AWS CLI 명령 실행**:
    ```bash
    aws ec2 terminate-instances --instance-ids instance-id
    ```

45. **AWS CLI 명령 실행**:
    ```bash
    aws ec2 delete-instances --instance-ids instance-id --terminate
    ```

46. **AWS CLI 명령 실행**:
    ```bash
    aws ec2 terminate-instances --instance-ids instance-id
    ```

47. **AWS CLI 명령 실행**:
    ```bash
    aws ec2 delete-instances --instance-ids instance-id --terminate
    ```

48. **AWS CLI 명령 실행**:
    ```bash
    aws ec2 terminate-instances --instance-ids instance-id
    ```

49. **AWS CLI 명령 실행**:
    ```bash
    aws ec2 delete-instances --instance-ids instance-id --terminate
    ```

50. **AWS CLI 명령 실행**:
    ```bash
    aws ec2 terminate-instances --instance-ids instance-id
    ```

51. **AWS CLI 명령 실행**:
    ```bash
    aws ec2 delete-instances --instance-ids instance-id --terminate
    ```

52. **AWS CLI 명령 실행**:
    ```bash
    aws ec2 terminate-instances --instance-ids instance-id
    ```

53. **AWS CLI 명령 실행**:
    ```bash
    aws ec2 delete-instances --instance-ids instance-id --terminate
    ```

54. **AWS CLI 명령 실행**:
    ```bash
    aws ec2 terminate-instances --instance-ids instance-id
    ```

55. **AWS CLI 명령 실행**:
    ```bash
    aws ec2 delete-instances --instance-ids instance-id --terminate
    ```

56. **AWS CLI 명령 실행**:
    ```bash
    aws ec2 terminate-instances --instance-ids instance-id
    ```

57. **AWS CLI 명령 실행**:
    ```bash
    aws ec2 delete-instances --instance-ids instance-id --terminate
    ```

58. **AWS CLI 명령 실행**:
    ```bash
    aws ec2 terminate-instances --instance-ids instance-id
    ```

59. **AWS CLI 명령 실행**:
    ```bash
    aws ec2 delete-instances --instance-ids instance-id --terminate
    ```

60. **AWS CLI 명령 실행**:
    ```bash
    aws ec2 terminate-instances --instance-ids instance-id
    ```

61. **AWS CLI 명령 실행**:
    ```bash
    aws ec2 delete-instances --instance-ids instance-id --terminate
    ```

62. **AWS CLI 명령 실행**:
    ```bash
    aws ec2 terminate-instances --instance-ids instance-id
    ```

63. **AWS CLI 명령 실행**:
    ```bash
    aws ec2 delete-instances --instance-ids instance-id --terminate
    ```

64. **AWS CLI 명령 실행**:
    ```bash
    aws ec2 terminate-instances --instance-ids instance-id
    ```

65. **AWS CLI 명령 실행**:
    ```bash
    aws ec2 delete-instances --instance-ids instance-id --terminate
    ```

66. **AWS CLI 명령 실행**:
    ```bash
    aws ec2 terminate-instances --instance-ids instance-id
    ```

67. **AWS CLI 명령 실행**:
    ```bash
    aws ec2 delete-instances --instance-ids instance-id --terminate
    ```

68. **AWS CLI 명령 실행**:
    ```bash
    aws ec2 terminate-instances --instance-ids instance-id
    ```

69. **AWS CLI 명령 실행**:
    ```bash
    aws ec2 delete-instances --instance-ids instance-id --terminate
    ```

70. **AWS CLI 명령 실행**:
    ```bash
    aws ec2 terminate-instances --instance-ids instance-id
    ```

71. **AWS CLI 명령 실행**:
    ```bash
    aws ec2 delete-instances --instance-ids instance-id --terminate
    ```

72. **AWS CLI 명령 실행**:
    ```bash
    aws ec2 terminate-instances --instance-ids instance-id
    ```

73. **AWS CLI 명령 실행**:
    ```bash
    aws ec2 delete-instances --instance-ids instance-id --terminate
    ```

74. **AWS CLI 명령 실행**:
    ```bash
    aws ec2 terminate-instances --instance-ids instance-id
    ```

75. **AWS CLI 명령 실행**:
    ```bash
    aws ec2 delete-instances --instance-ids instance-id --terminate
    ```

76. **AWS CLI 명령 실행**:
    ```bash
    aws ec2 terminate-instances --instance-ids instance-id
    ```

77. **AWS CLI 명령 실행**:
    ```bash
    aws ec2 delete-instances --instance-ids instance-id --terminate
    ```

78. **AWS CLI 명령 실행**:
    ```bash
    aws ec2 terminate-instances --instance-ids instance-id
    ```

79. **AWS CLI 명령 실행**:
    ```bash
    aws ec2 delete-instances --instance-ids instance-id --terminate
    ```

80. **AWS CLI 명령 실행**:
    ```bash
    aws ec2 terminate-instances --instance-ids instance-id
    ```

81. **AWS CLI 명령 실행**:
    ```bash
    aws ec2 delete-instances --instance-ids instance-id --terminate
    ```

82. **AWS CLI 명령 실행**:
    ```bash
    aws ec2 terminate-instances --instance-ids instance-id
    ```

83. **AWS CLI 명령 실행**:
    ```bash
    aws ec2 delete-instances --instance-ids instance-id --terminate
    ```

84. **AWS CLI 명령 실행**:
    ```bash
    aws ec2 terminate-instances --instance-ids instance-id
    ```

85. **AWS CLI 명령 실행**:
    ```bash
    aws ec2 delete-instances --instance-ids instance-id --terminate
    ```

86. **AWS CLI 명령 실행**:
    ```bash
    aws ec2 terminate-instances --instance-ids instance-id
    ```

87. **AWS CLI 명령 실행**:
    ```bash
    aws ec2 delete-instances --instance-ids instance-id --terminate
    ```

88. **AWS CLI 명령 실행**:
    ```bash
    aws ec2 terminate-instances --instance-ids instance-id
    ```

89. **AWS CLI 명령 실행**:
    ```bash
    aws ec2 delete-instances --instance-ids instance-id --terminate
    ```

90. **AWS CLI 명령 실행**:
    ```bash
    aws ec2 terminate-instances --instance-ids instance-id
    ```

91. **AWS CLI 명령 실행**:
    ```bash
    aws ec2 delete-instances --instance-ids instance-id --terminate
    ```

92. **AWS CLI 명령 실행**:
    ```bash
    aws ec2 terminate-instances --instance-ids instance-id
    ```

93. **AWS CLI 명령 실행**:
    ```bash
    aws ec2 delete-instances --instance-ids instance-id --terminate
    ```

94. **AWS CLI 명령 실행**:
    ```bash
    aws ec2 terminate-instances --instance-ids instance-id
    ```

95. **AWS CLI 명령 실행**:
    ```bash
    aws ec2 delete-instances --instance-ids instance-id --terminate
    ```

96. **AWS CLI 명령 실행**:
    ```bash
    aws ec2 terminate-instances --instance-ids instance-id
    ```

97. **AWS CLI 명령 실행**:
    ```bash
    aws ec2 delete-instances --instance-ids instance-id --terminate
    ```

98. **AWS CLI 명령 실행**:
    ```bash
    aws ec2 terminate-instances --instance-ids instance-id
    ```

99. **AWS CLI 명령 실행**:
    ```bash
    aws ec2 delete-instances --instance-ids instance-id --terminate
    ```

100. **AWS CLI 명령 실행**:
    ```bash
    aws ec2 terminate-instances --instance-ids instance-id
    ```

101. **AWS CLI 명령 실행**:
    ```bash
    aws ec2 delete-instances --instance-ids instance-id --terminate
    ```

102. **AWS CLI 명령 실행**:
    ```bash
    aws ec2 terminate-instances --instance-ids instance-id
   ",,0.0090651798480458,0.0074239049740163,0
AWS CLI 로컬 크레덴셜 만료,Max_Chunks,6,2,35,757,792,0.1990516480000224,"죄송합니다, 제가 잘못 이해했습니다. 사용자에게 메시지가 하나 뜨기는 정확한 처리 방법을 알려주시면 감사하겠습니다.",0.1315308428000643,0.0201612903225806,0.0,0
AWS CLI 로컬 크레덴셜 만료,High_Noise,4,2,32,694,726,0.18426656299971,"죄송합니다, 제가 잘못 이해했습니다. 사용자에게 메시지를 보내고, 그 메시지를 어떻게 처리하는지 알려주시겠어요?",0.1218154780875114,0.0157232704402515,0.0,0
AWS CLI 로컬 크레덴셜 만료,Ranking_Swapped,4,2,32,694,726,0.1835415769996871,"죄송합니다, 제가 잘못 이해했습니다. 사용자에게 메시지를 보내고, 그 메시지를 어떻게 처리하는지 알려주시겠어요?",0.1218154780875114,0.0157232704402515,0.0,0
AWS CLI 로컬 크레덴셜 만료,Short_History,2,2,25,592,617,0.1476256339997235,"죄송합니다, 제가 잘못 이해했습니다. 사용자에게 메시지를 보내는 방법을 알려주시겠어요?",0.1227870845831495,0.0138888888888888,0.0,0
AWS CLI 로컬 크레덴셜 만료,Long_History,2,6,39,717,756,0.21977540600028078,"죄송합니다, 제가 잘못 이해했습니다. AWS CLI 로컬 크레덴셜 만료 문제를 해결하기 위해 필요한 단계와 명령어를 말씀해주시겠어요?",0.2201866218198004,0.1784794563103605,0.4444444444444445,0
AWS CLI 로컬 크레덴셜 만료,Forced_JSON_Format,2,2,196,620,816,1.0122721299999284,"{
  ""status"": ""success"",
  ""topic"": ""AWS CLI 로컬 크레덴셜 만료"",
  ""solution_steps"": [
    {
      ""step"": ""AWS CLI 명령 수행 시 'ExpiredToken' 오류가 뜬 경우"",
      ""description"": ""MFA 연동 임시 세션 토큰의 유효 시간(기본 12시간)이 만료되었기 때문입니다.""
    },
    {
      ""step"": ""aws sts get-session-token 명령을 통해 새 AccessKey, SecretKey, SessionToken을 발급받아 ~/.aws/credentials 파일에 업데이트해야 합니다."",
      ""description"": ""Visual Studio Code의 테마를 바꾸려면 Ctrl+K Ctrl+T를 차례대로 누른 후 원하는 색상 테마를 위아래 방향키로 선택합니다.""
    }
  ]
}",0.8338209671576693,0.8082672123604496,0.75,1
AWS CLI 로컬 크레덴셜 만료,Hallucination_Defense,3,2,34,603,637,0.19184641199990438,"죄송합니다, 제가 잘못 이해했습니다. 사용자에게 필요한 정보를 제공하기 위해 필요한 정보를 제공해야 합니다. 무엇을 도와드릴까요?",0.1766096438396737,0.0783533088206409,0.0,0
AWS CLI 로컬 크레덴셜 만료,Mixed_Stress_Test,6,6,131,896,1027,0.684988346999944,"```json
{
  ""step"": ""1"",
  ""command"": ""aws sts get-session-token --duration 10 --token-lifetime-steps 10 --region us-east-1"",
  ""description"": ""AWS CLI 명령 실행 시 'ExpiredToken' 오류가 뜬 경우, MFA 연동 임시 세션 토큰의 유효 시간(기본 12시간)이 만료되었음을 확인한 후, 새 AccessKey, SecretKey, SessionToken을 발급받아 ~/.aws/credentials 파일에 업데이트합니다.""
}
```",0.7112376470428143,0.4035764550059346,0.2926829268292683,1
사내 슬랙 채널 미동기화 및 유실,Baseline,3,2,3549,547,4096,18.07237360099998,"네, 지금 바로 따라해주세요. 

1. **메시지 확인**: 먼저 메시지를 확인해 보세요. 메시지는 어떤 종류인지 확인하시겠습니까?
   
   - **예외**:
     - **""메시지가 하나 뜨긴""**: 메시지가 하나 뜨는 것을 확인했습니다. 
     
     - **예외**:
       - **""정확한 메시지가 없거나 메시지가 여러 개 뜨는""**: 메시지가 여러 개 뜨는 것을 확인했습니다. 

2. **메시지 확인 후 메뉴 선택**: 메시지가 하나 뜨는 것을 확인했으니, 다음으로 메시지 확인 후 메뉴 선택을 진행해 보세요. 

   - **예외**:
     - **""메시지가 하나 뜨는""**: 메시지가 하나 뜨는 것을 확인했습니다. 
     
     - **예외**:
       - **""다음 메뉴를 선택해야 합니다""**: 메시지가 하나 뜨는 것을 확인했지만, 다음 메뉴를 선택해야 한다는 것을 알았습니다. 

3. **메뉴 선택 후 메시지 확인**: 메뉴를 선택해 보세요. 메시지가 하나 뜨는 것을 확인했으니, 다음으로 메뉴 선택 후 메시지 확인을 진행해 보세요. 

   - **예외**:
     - **""다음 메뉴를 선택해야 합니다""**: 메시지가 하나 뜨는 것을 확인했지만, 다음 메뉴를 선택해야 한다는 것을 알았습니다. 

4. **메시지 확인 후 메뉴 선택**: 메시지가 하나 뜨는 것을 확인했으니, 다음으로 메시지 확인 후 메뉴 선택을 진행해 보세요. 

   - **예외**:
     - **""다음 메뉴를 선택해야 합니다""**: 메시지가 하나 뜨는 것을 확인했지만, 다음 메뉴를 선택해야 한다는 것을 알았습니다. 

5. **메시지 확인 후 메뉴 선택**: 메시지가 하나 뜨는 것을 확인했으니, 마지막으로 메시지 확인 후 메뉴 선택을 진행해 보세요. 

   - **예외**:
     - **""다음 메뉴를 선택해야 합니다""**: 메시지가 하나 뜨는 것을 확인했지만, 다음 메뉴를 선택해야 한다는 것을 알았습니다. 

6. **메시지 확인 후 메뉴 선택**: 메시지가 하나 뜨는 것을 확인했으니, 마지막으로 메시지 확인 후 메뉴 선택을 진행해 보세요. 

   - **예외**:
     - **""다음 메뉴를 선택해야 합니다""**: 메시지가 하나 뜨는 것을 확인했지만, 다음 메뉴를 선택해야 한다는 것을 알았습니다. 

7. **메시지 확인 후 메뉴 선택**: 메시지가 하나 뜨는 것을 확인했으니, 마지막으로 메시지 확인 후 메뉴 선택을 진행해 보세요. 

   - **예외**:
     - **""다음 메뉴를 선택해야 합니다""**: 메시지가 하나 뜨는 것을 확인했지만, 다음 메뉴를 선택해야 한다는 것을 알았습니다. 

8. **메시지 확인 후 메뉴 선택**: 메시지가 하나 뜨는 것을 확인했으니, 마지막으로 메시지 확인 후 메뉴 선택을 진행해 보세요. 

   - **예외**:
     - **""다음 메뉴를 선택해야 합니다""**: 메시지가 하나 뜨는 것을 확인했지만, 다음 메뉴를 선택해야 한다는 것을 알았습니다. 

9. **메시지 확인 후 메뉴 선택**: 메시지가 하나 뜨는 것을 확인했으니, 마지막으로 메시지 확인 후 메뉴 선택을 진행해 보세요. 

   - **예외**:
     - **""다음 메뉴를 선택해야 합니다""**: 메시지가 하나 뜨는 것을 확인했지만, 다음 메뉴를 선택해야 한다는 것을 알았습니다. 

10. **메시지 확인 후 메뉴 선택**: 메시지가 하나 뜨는 것을 확인했으니, 마지막으로 메시지 확인 후 메뉴 선택을 진행해 보세요. 

    - **예외**:
      - **""다음 메뉴를 선택해야 합니다""**: 메시지가 하나 뜨는 것을 확인했지만, 다음 메뉴를 선택해야 한다는 것을 알았습니다. 

11. **메시지 확인 후 메뉴 선택**: 메시지가 하나 뜨는 것을 확인했으니, 마지막으로 메시지 확인 후 메뉴 선택을 진행해 보세요. 

    - **예외**:
      - **""다음 메뉴를 선택해야 합니다""**: 메시지가 하나 뜨는 것을 확인했지만, 다음 메뉴를 선택해야 한다는 것을 알았습니다. 

12. **메시지 확인 후 메뉴 선택**: 메시지가 하나 뜨는 것을 확인했으니, 마지막으로 메시지 확인 후 메뉴 선택을 진행해 보세요. 

    - **예외**:
      - **""다음 메뉴를 선택해야 합니다""**: 메시지가 하나 뜨는 것을 확인했지만, 다음 메뉴를 선택해야 한다는 것을 알았습니다. 

13. **메시지 확인 후 메뉴 선택**: 메시지가 하나 뜨는 것을 확인했으니, 마지막으로 메시지 확인 후 메뉴 선택을 진행해 보세요. 

    - **예외**:
      - **""다음 메뉴를 선택해야 합니다""**: 메시지가 하나 뜨는 것을 확인했지만, 다음 메뉴를 선택해야 한다는 것을 알았습니다. 

14. **메시지 확인 후 메뉴 선택**: 메시지가 하나 뜨는 것을 확인했으니, 마지막으로 메시지 확인 후 메뉴 선택을 진행해 보세요. 

    - **예외**:
      - **""다음 메뉴를 선택해야 합니다""**: 메시지가 하나 뜨는 것을 확인했지만, 다음 메뉴를 선택해야 한다는 것을 알았습니다. 

15. **메시지 확인 후 메뉴 선택**: 메시지가 하나 뜨는 것을 확인했으니, 마지막으로 메시지 확인 후 메뉴 선택을 진행해 보세요. 

    - **예외**:
      - **""다음 메뉴를 선택해야 합니다""**: 메시지가 하나 뜨는 것을 확인했지만, 다음 메뉴를 선택해야 한다는 것을 알았습니다. 

16. **메시지 확인 후 메뉴 선택**: 메시지가 하나 뜨는 것을 확인했으니, 마지막으로 메시지 확인 후 메뉴 선택을 진행해 보세요. 

    - **예외**:
      - **""다음 메뉴를 선택해야 합니다""**: 메시지가 하나 뜨는 것을 확인했지만, 다음 메뉴를 선택해야 한다는 것을 알았습니다. 

17. **메시지 확인 후 메뉴 선택**: 메시지가 하나 뜨는 것을 확인했으니, 마지막으로 메시지 확인 후 메뉴 선택을 진행해 보세요. 

    - **예외**:
      - **""다음 메뉴를 선택해야 합니다""**: 메시지가 하나 뜨는 것을 확인했지만, 다음 메뉴를 선택해야 한다는 것을 알았습니다. 

18. **메시지 확인 후 메뉴 선택**: 메시지가 하나 뜨는 것을 확인했으니, 마지막으로 메시지 확인 후 메뉴 선택을 진행해 보세요. 

    - **예외**:
      - **""다음 메뉴를 선택해야 합니다""**: 메시지가 하나 뜨는 것을 확인했지만, 다음 메뉴를 선택해야 한다는 것을 알았습니다. 

19. **메시지 확인 후 메뉴 선택**: 메시지가 하나 뜨는 것을 확인했으니, 마지막으로 메시지 확인 후 메뉴 선택을 진행해 보세요. 

    - **예외**:
      - **""다음 메뉴를 선택해야 합니다""**: 메시지가 하나 뜨는 것을 확인했지만, 다음 메뉴를 선택해야 한다는 것을 알았습니다. 

20. **메시지 확인 후 메뉴 선택**: 메시지가 하나 뜨는 것을 확인했으니, 마지막으로 메시지 확인 후 메뉴 선택을 진행해 보세요. 

    - **예외**:
      - **""다음 메뉴를 선택해야 합니다""**: 메시지가 하나 뜨는 것을 확인했지만, 다음 메뉴를 선택해야 한다는 것을 알았습니다. 

21. **메시지 확인 후 메뉴 선택**: 메시지가 하나 뜨는 것을 확인했으니, 마지막으로 메시지 확인 후 메뉴 선택을 진행해 보세요. 

    - **예외**:
      - **""다음 메뉴를 선택해야 합니다""**: 메시지가 하나 뜨는 것을 확인했지만, 다음 메뉴를 선택해야 한다는 것을 알았습니다. 

22. **메시지 확인 후 메뉴 선택**: 메시지가 하나 뜨는 것을 확인했으니, 마지막으로 메시지 확인 후 메뉴 선택을 진행해 보세요. 

    - **예외**:
      - **""다음 메뉴를 선택해야 합니다""**: 메시지가 하나 뜨는 것을 확인했지만, 다음 메뉴를 선택해야 한다는 것을 알았습니다. 

23. **메시지 확인 후 메뉴 선택**: 메시지가 하나 뜨는 것을 확인했으니, 마지막으로 메시지 확인 후 메뉴 선택을 진행해 보세요. 

    - **예외**:
      - **""다음 메뉴를 선택해야 합니다""**: 메시지가 하나 뜨는 것을 확인했지만, 다음 메뉴를 선택해야 한다는 것을 알았습니다. 

24. **메시지 확인 후 메뉴 선택**: 메시지가 하나 뜨는 것을 확인했으니, 마지막으로 메시지 확인 후 메뉴 선택을 진행해 보세요. 

    - **예외**:
      - **""다음 메뉴를 선택해야 합니다""**: 메시지가 하나 뜨는 것을 확인했지만, 다음 메뉴를 선택해야 한다는 것을 알았습니다. 

25. **메시지 확인 후 메뉴 선택**: 메시지가 하나 뜨는 것을 확인했으니, 마지막으로 메시지 확인 후 메뉴 선택을 진행해 보세요. 

    - **예외**:
      - **""다음 메뉴를 선택해야 합니다""**: 메시지가 하나 뜨는 것을 확인했지만, 다음 메뉴를 선택해야 한다는 것을 알았습니다. 

26. **메시지 확인 후 메뉴 선택**: 메시지가 하나 뜨는 것을 확인했으니, 마지막으로 메시지 확인 후 메뉴 선택을 진행해 보세요. 

    - **예외**:
      - **""다음 메뉴를 선택해야 합니다""**: 메시지가 하나 뜨는 것을 확인했지만, 다음 메뉴를 선택해야 한다는 것을 알았습니다. 

27. **메시지 확인 후 메뉴 선택**: 메시지가 하나 뜨는 것을 확인했으니, 마지막으로 메시지 확인 후 메뉴 선택을 진행해 보세요. 

    - **예외**:
      - **""다음 메뉴를 선택해야 합니다""**: 메시지가 하나 뜨는 것을 확인했지만, 다음 메뉴를 선택해야 한다는 것을 알았습니다. 

28. **메시지 확인 후 메뉴 선택**: 메시지가 하나 뜨는 것을 확인했으니, 마지막으로 메시지 확인 후 메뉴 선택을 진행해 보세요. 

    - **예외**:
      - **""다음 메뉴를 선택해야 합니다""**: 메시지가 하나 뜨는 것을 확인했지만, 다음 메뉴를 선택해야 한다는 것을 알았습니다. 

29. **메시지 확인 후 메뉴 선택**: 메시지가 하나 뜨는 것을 확인했으니, 마지막으로 메시지 확인 후 메뉴 선택을 진행해 보세요. 

    - **예외**:
      - **""다음 메뉴를 선택해야 합니다""**: 메시지가 하나 뜨는 것을 확인했지만, 다음 메뉴를 선택해야 한다는 것을 알았습니다. 

30. **메시지 확인 후 메뉴 선택**: 메시지가 하나 뜨는 것을 확인했으니, 마지막으로 메시지 확인 후 메뉴 선택을 진행해 보세요. 

    - **예외**:
      - **""다음 메뉴를 선택해야 합니다""**: 메시지가 하나 뜨는 것을 확인했지만, 다음 메뉴를 선택해야 한다는 것을 알았습니다. 

31. **메시지 확인 후 메뉴 선택**: 메시지가 하나 뜨는 것을 확인했으니, 마지막으로 메시지 확인 후 메뉴 선택을 진행해 보세요. 

    - **예외**:
      - **""다음 메뉴를 선택해야 합니다""**: 메시지가 하나 뜨는 것을 확인했지만, 다음 메뉴를 선택해야 한다는 것을 알았습니다. 

32. **메시지 확인 후 메뉴 선택**: 메시지가 하나 뜨는 것을 확인했으니, 마지막으로 메시지 확인 후 메뉴 선택을 진행해 보세요. 

    - **예외**:
      - **""다음 메뉴를 선택해야 합니다""**: 메시지가 하나 뜨는 것을 확인했지만, 다음 메뉴를 선택해야 한다는 것을 알았습니다. 

33. **메시지 확인 후 메뉴 선택**: 메시지가 하나 뜨는 것을 확인했으니, 마지막으로 메시지 확인 후 메뉴 선택을 진행해 보세요. 

    - **예외**:
      - **""다음 메뉴를 선택해야 합니다""**: 메시지가 하나 뜨는 것을 확인했지만, 다음 메뉴를 선택해야 한다는 것을 알았습니다. 

34. **메시지 확인 후 메뉴 선택**: 메시지가 하나 뜨는 것을 확인했으니, 마지막으로 메시지 확인 후 메뉴 선택을 진행해 보세요. 

    - **예외**:
      - **""다음 메뉴를 선택해야 합니다""**: 메시지가 하나 뜨는 것을 확인했지만, 다음 메뉴를 선택해야 한다는 것을 알았습니다. 

35. **메시지 확인 후 메뉴 선택**: 메시지가 하나 뜨는 것을 확인했으니, 마지막으로 메시지 확인 후 메뉴 선택을 진행해 보세요. 

    - **예외**:
      - **""다음 메뉴를 선택해야 합니다""**: 메시지가 하나 뜨는 것을 확인했지만, 다음 메뉴를 선택해야 한다는 것을 알았습니다. 

36. **메시지 확인 후 메뉴 선택**: 메시지가 하나 뜨는 것을 확인했으니, 마지막으로 메시지 확인 후 메뉴 선택을 진행해 보세요. 

    - **예외**:
      - **""다음 메뉴를 선택해야 합니다""**: 메시지가 하나 뜨는 것을 확인했지만, 다음 메뉴를 선택해야 한다는 것을 알았습니다. 

37. **메시지 확인 후 메뉴 선택**: 메시지가 하나 뜨는 것을 확인했으니, 마지막으로 메시지 확인 후 메뉴 선택을 진행해 보세요. 

    - **예외**:
      - **""다음 메뉴를 선택해야 합니다""**: 메시지가 하나 뜨는 것을 확인했지만, 다음 메뉴를 선택해야 한다는 것을 알았습니다. 

38. **메",,0.0035978363071116,0.0,0
사내 슬랙 채널 미동기화 및 유실,Context_Summarized,1,2,353,581,934,1.7994864739998775,"네, 지금 바로 따라해요. 

1. **메시지가 하나 뜨는 이유**:
   - 메시지는 슬랙 엔터프라이즈 그리드 마이그레이션 후 특정 채널이 보이지 않는 현상을 나타냅니다. 
   - 이 현상은 워크스페이스 연결 세션 오류가 발생한 결과입니다.

2. **다음 단계로 진행**:
   - **Step 1**: 슬랙 앱에서 [Help > Troubleshoot > Clear Cache and Restart]를 실행합니다.
     - 이 메뉴에서는 'Clear Cache' 버튼을 클릭하여 채널 목록을 초기화합니다.
   - **Step 2**: 슬랙 앱에서 [Help > Troubleshoot > Clear Cache and Restart]를 실행합니다.
     - 이 메뉴에서는 'Restart' 버튼을 클릭하여 채널 목록을 초기화합니다.
   - **Step 3**: 슬랙 앱에서 [Help > Troubleshoot > Clear Cache and Restart]를 실행합니다.
     - 이 메뉴에서는 'Reinstall' 버튼을 클릭하여 채널 목록을 초기화합니다.

3. **결과 확인**:
   - 메시지를 하나 뜨지 않 anymore으로 변경되었습니다. 이제 슬랙 채널 목록이 다시 동기화되어야 합니다. 

이러한 작업을 완료하면 메시지가 하나 뜨지 않 anymore으로 변경되었습니다. 이제 슬랙 채널 목록이 다시 동기화되어야 합니다.",0.3996438197032063,0.2627000469893822,0.0,0
사내 슬랙 채널 미동기화 및 유실,Max_Chunks,6,2,3332,764,4096,16.950605132999954,"네, 지금 바로 따라해요. 

1. **메시지 확인**: 먼저 메시지가 하나 뜨는 것을 확인해 보세요. 
   - 메시지는 메시지 창에서 메시지 확인 버튼을 클릭하세요.

2. **메시지 확인 후 처리**: 메시지가 하나 뜨는 것을 확인한 후, 메시지 내용을 확인하고 필요에 따라 처리해야 할 부분을 찾아보세요.
   - 예를 들어, 메시지 내용이 '다음 메시지'라는 것이라면, 다음 메시지로 넘어갑니다.

3. **다음 메시지 확인**: 메시지가 다음 메시지로 넘어가는 것을 확인해 보세요.
   - 메시지가 다음 메시지로 넘어가면, 다음 메시지로 넘어갑니다.

4. **다음 메시지 처리**: 다음 메시지로 넘어가면, 다음 메시지로 넘어갑니다.

5. **다음 메시지 확인**: 다음 메시지로 넘어가면, 다음 메시지로 넘어갑니다.

6. **다음 메시지 처리**: 다음 메시지로 넘어가면, 다음 메시지로 넘어갑니다.

7. **다음 메시지 확인**: 다음 메시지로 넘어가면, 다음 메시지로 넘어갑니다.

8. **다음 메시지 처리**: 다음 메시지로 넘어가면, 다음 메시지로 넘어갑니다.

9. **다음 메시지 확인**: 다음 메시지로 넘어가면, 다음 메시지로 넘어갑니다.

10. **다음 메시지 처리**: 다음 메시지로 넘어가면, 다음 메시지로 넘어갑니다.

11. **다음 메시지 확인**: 다음 메시지로 넘어가면, 다음 메시지로 넘어갑니다.

12. **다음 메시지 처리**: 다음 메시지로 넘어가면, 다음 메시지로 넘어갑니다.

13. **다음 메시지 확인**: 다음 메시지로 넘어가면, 다음 메시지로 넘어갑니다.

14. **다음 메시지 처리**: 다음 메시지로 넘어가면, 다음 메시지로 넘어갑니다.

15. **다음 메시지 확인**: 다음 메시지로 넘어가면, 다음 메시지로 넘어갑니다.

16. **다음 메시지 처리**: 다음 메시지로 넘어가면, 다음 메시지로 넘어갑니다.

17. **다음 메시지 확인**: 다음 메시지로 넘어가면, 다음 메시지로 넘어갑니다.

18. **다음 메시지 처리**: 다음 메시지로 넘어가면, 다음 메시지로 넘어갑니다.

19. **다음 메시지 확인**: 다음 메시지로 넘어가면, 다음 메시지로 넘어갑니다.

20. **다음 메시지 처리**: 다음 메시지로 넘어가면, 다음 메시지로 넘어갑니다.

21. **다음 메시지 확인**: 다음 메시지로 넘어가면, 다음 메시지로 넘어갑니다.

22. **다음 메시지 처리**: 다음 메시지로 넘어가면, 다음 메시지로 넘어갑니다.

23. **다음 메시지 확인**: 다음 메시지로 넘어가면, 다음 메시지로 넘어갑니다.

24. **다음 메시지 처리**: 다음 메시지로 넘어가면, 다음 메시지로 넘어갑니다.

25. **다음 메시지 확인**: 다음 메시지로 넘어가면, 다음 메시지로 넘어갑니다.

26. **다음 메시지 처리**: 다음 메시지로 넘어가면, 다음 메시지로 넘어갑니다.

27. **다음 메시지 확인**: 다음 메시지로 넘어가면, 다음 메시지로 넘어갑니다.

28. **다음 메시지 처리**: 다음 메시지로 넘어가면, 다음 메시지로 넘어갑니다.

29. **다음 메시지 확인**: 다음 메시지로 넘어가면, 다음 메시지로 넘어갑니다.

30. **다음 메시지 처리**: 다음 메시지로 넘어가면, 다음 메시지로 넘어갑니다.

31. **다음 메시지 확인**: 다음 메시지로 넘어가면, 다음 메시지로 넘어갑니다.

32. **다음 메시지 처리**: 다음 메시지로 넘어가면, 다음 메시지로 넘어갑니다.

33. **다음 메시지 확인**: 다음 메시지로 넘어가면, 다음 메시지로 넘어갑니다.

34. **다음 메시지 처리**: 다음 메시지로 넘어가면, 다음 메시지로 넘어갑니다.

35. **다음 메시지 확인**: 다음 메시지로 넘어가면, 다음 메시지로 넘어갑니다.

36. **다음 메시지 처리**: 다음 메시지로 넘어가면, 다음 메시지로 넘어갑니다.

37. **다음 메시지 확인**: 다음 메시지로 넘어가면, 다음 메시지로 넘어갑니다.

38. **다음 메시지 처리**: 다음 메시지로 넘어가면, 다음 메시지로 넘어갑니다.

39. **다음 메시지 확인**: 다음 메시지로 넘어가면, 다음 메시지로 넘어갑니다.

40. **다음 메시지 처리**: 다음 메시지로 넘어가면, 다음 메시지로 넘어갑니다.

41. **다음 메시지 확인**: 다음 메시지로 넘어가면, 다음 메시지로 넘어갑니다.

42. **다음 메시지 처리**: 다음 메시지로 넘어가면, 다음 메시지로 넘어갑니다.

43. **다음 메시지 확인**: 다음 메시지로 넘어가면, 다음 메시지로 넘어갑니다.

44. **다음 메시지 처리**: 다음 메시지로 넘어가면, 다음 메시지로 넘어갑니다.

45. **다음 메시지 확인**: 다음 메시지로 넘어가면, 다음 메시지로 넘어갑니다.

46. **다음 메시지 처리**: 다음 메시지로 넘어가면, 다음 메시지로 넘어갑니다.

47. **다음 메시지 확인**: 다음 메시지로 넘어가면, 다음 메시지로 넘어갑니다.

48. **다음 메시지 처리**: 다음 메시지로 넘어가면, 다음 메시지로 넘어갑니다.

49. **다음 메시지 확인**: 다음 메시지로 넘어가면, 다음 메시지로 넘어갑니다.

50. **다음 메시지 처리**: 다음 메시지로 넘어가면, 다음 메시지로 넘어갑니다.

51. **다음 메시지 확인**: 다음 메시지로 넘어가면, 다음 메시지로 넘어갑니다.

52. **다음 메시지 처리**: 다음 메시지로 넘어가면, 다음 메시지로 넘어갑니다.

53. **다음 메시지 확인**: 다음 메시지로 넘어가면, 다음 메시지로 넘어갑니다.

54. **다음 메시지 처리**: 다음 메시지로 넘어가면, 다음 메시지로 넘어갑니다.

55. **다음 메시지 확인**: 다음 메시지로 넘어가면, 다음 메시지로 넘어갑니다.

56. **다음 메시지 처리**: 다음 메시지로 넘어가면, 다음 메시지로 넘어갑니다.

57. **다음 메시지 확인**: 다음 메시지로 넘어가면, 다음 메시지로 넘어갑니다.

58. **다음 메시지 처리**: 다음 메시지로 넘어가면, 다음 메시지로 넘어갑니다.

59. **다음 메시지 확인**: 다음 메시지로 넘어가면, 다음 메시지로 넘어갑니다.

60. **다음 메시지 처리**: 다음 메시지로 넘어가면, 다음 메시지로 넘어갑니다.

61. **다음 메시지 확인**: 다음 메시지로 넘어가면, 다음 메시지로 넘어갑니다.

62. **다음 메시지 처리**: 다음 메시지로 넘어가면, 다음 메시지로 넘어갑니다.

63. **다음 메시지 확인**: 다음 메시지로 넘어가면, 다음 메시지로 넘어갑니다.

64. **다음 메시지 처리**: 다음 메시지로 넘어가면, 다음 메시지로 넘어갑니다.

65. **다음 메시지 확인**: 다음 메시지로 넘어가면, 다음 메시지로 넘어갑니다.

66. **다음 메시지 처리**: 다음 메시지로 넘어가면, 다음 메시지로 넘어갑니다.

67. **다음 메시지 확인**: 다음 메시지로 넘어가면, 다음 메시지로 넘어갑니다.

68. **다음 메시지 처리**: 다음 메시지로 넘어가면, 다음 메시지로 넘어갑니다.

69. **다음 메시지 확인**: 다음 메시지로 넘어가면, 다음 메시지로 넘어갑니다.

70. **다음 메시지 처리**: 다음 메시지로 넘어가면, 다음 메시지로 넘어갑니다.

71. **다음 메시지 확인**: 다음 메시지로 넘어가면, 다음 메시지로 넘어갑니다.

72. **다음 메시지 처리**: 다음 메시지로 넘어가면, 다음 메시지로 넘어갑니다.

73. **다음 메시지 확인**: 다음 메시지로 넘어가면, 다음 메시지로 넘어갑니다.

74. **다음 메시지 처리**: 다음 메시지로 넘어가면, 다음 메시지로 넘어갑니다.

75. **다음 메시지 확인**: 다음 메시지로 넘어가면, 다음 메시지로 넘어갑니다.

76. **다음 메시지 처리**: 다음 메시지로 넘어가면, 다음 메시지로 넘어갑니다.

77. **다음 메시지 확인**: 다음 메시지로 넘어가면, 다음 메시지로 넘어갑니다.

78. **다음 메시지 처리**: 다음 메시지로 넘어가면, 다음 메시지로 넘어갑니다.

79. **다음 메시지 확인**: 다음 메시지로 넘어가면, 다음 메시지로 넘어갑니다.

80. **다음 메시지 처리**: 다음 메시지로 넘어가면, 다음 메시지로 넘어갑니다.

81. **다음 메시지 확인**: 다음 메시지로 넘어가면, 다음 메시지로 넘어갑니다.

82. **다음 메시지 처리**: 다음 메시지로 넘어가면, 다음 메시지로 넘어갑니다.

83. **다음 메시지 확인**: 다음 메시지로 넘어가면, 다음 메시지로 넘어갑니다.

84. **다음 메시지 처리**: 다음 메시지로 넘어가면, 다음 메시지로 넘어갑니다.

85. **다음 메시지 확인**: 다음 메시지로 넘어가면, 다음 메시지로 넘어갑니다.

86. **다음 메시지 처리**: 다음 메시지로 넘어가면, 다음 메시지로 넘어갑니다.

87. **다음 메시지 확인**: 다음 메시지로 넘어가면, 다음 메시지로 넘어갑니다.

88. **다음 메시지 처리**: 다음 메시지로 넘어가면, 다음 메시지로 넘어갑니다.

89. **다음 메시지 확인**: 다음 메시지로 넘어가면, 다음 메시지로 넘어갑니다.

90. **다음 메시지 처리**: 다음 메시지로 넘어가면, 다음 메시지로 넘어갑니다.

91. **다음 메시지 확인**: 다음 메시지로 넘어가면, 다음 메시지로 넘어갑니다.

92. **다음 메시지 처리**: 다음 메시지로 넘어가면, 다음 메시지로 넘어갑니다.

93. **다음 메시지 확인**: 다음 메시지로 넘어가면, 다음 메시지로 넘어갑니다.

94. **다음 메시지 처리**: 다음 메시지로 넘어가면, 다음 메시지로 넘어갑니다.

95. **다음 메시지 확인**: 다음 메시지로 넘어가면, 다음 메시지로 넘어갑니다.

96. **다음 메시지 처리**: 다음 메시지로 넘어가면, 다음 메시지로 넘어갑니다.

97. **다음 메시지 확인**: 다음 메시지로 넘어가면, 다음 메시지로 넘어갑니다.

98. **다음 메시지 처리**: 다음 메시지로 넘어가면, 다음 메시지로 넘어갑니다.

99. **다음 메시지 확인**: 다음 메시지로 넘어가면, 다음 메시지로 넘어갑니다.

100. **다음 메시지 처리**: 다음 메시지로 넘어가면, 다음 메시지로 넘어갑니다.

101. **다음 메시지 확인**: 다음 메시지로 넘어가면, 다음 메시지로 넘어갑니다.

102. **다음 메시지 처리**: 다음 메시지로 넘어가면, 다음 메시지로 넘어갑니다.

103. **다음 메시지 확인**: 다음 메시지로 넘어가면, 다음 메시지로 넘어갑니다.

104. **다음 메시지 처리**: 다음 메시지로 넘어가면, 다음 메시지로 넘어갑니다.

105. **다음 메시지 확인**: 다음 메시지로 넘어가면, 다음 메시지로 넘어갑니다.

106. **다음 메시지 처리**: 다음 메시지로 넘어가면, 다음 메시지로 넘어갑니다.

107. **다음 메시지 확인**: 다음 메시지로 넘어가면, 다음 메시지로 넘어갑니다.

108. **다음 메시지 처리**: 다음 메시지로 넘어가면, 다음 메시지로 넘어갑니다.

109. **다음 메시지 확인**: 다음 메시지로 넘어가면, 다음 메시지로 넘어갑니다.

110. **다음 메시지 처리**: 다음 메시지로 넘어가면, 다음 메시지로 넘어갑니다.

111. **다음 메시지 확인**: 다음 메시지로 넘어가면, 다음 메시지로 넘어갑니다.

112. **다음 메시지 처리**:",0.1503597862544093,0.0041076255146707,0.0,0
사내 슬랙 채널 미동기화 및 유실,High_Noise,4,2,3395,701,4096,17.254345462999936,"네, 지금 바로 따라해요. 

1. **메시지가 하나 뜨는 이유**:
   - 메시지를 하나 뜨는 것은 슬랙 엔터프라이즈 그리드 마이그레이션 후 특정 채널이 보이지 않는 현상을 나타냅니다. 
   - 이 경우, 워크스페이스 연결 세션 캐시 오류가 발생했음을 확인해야 합니다.

2. **다음 단계**:
   - **Step 1**: 슬랙 앱에서 [Help > Troubleshoot > Clear Cache and Restart]를 실행합니다.
     - 이 메뉴에서는 메시지가 하나 뜨는 원인을 확인할 수 있습니다. 
     - 만약 메시지는 없거나, 메시지가 하나 뜨는 이유가 다른 것 같다면, 다음 단계를 진행하겠습니다.

3. **다음 단계**:
   - **Step 2**: 슬랙 앱에서 메시지가 하나 뜨는 이유를 확인합니다.
     - 메시지가 하나 뜨는 이유가 워크스페이스 연결 세션 캐시 오류라면, 이를 해결하기 위해 다음과 같은 방법들을尝试해볼 수 있습니다.
       - **Option 1:** 워크스페이스 연결 세션 캐시 오류를 해결하기 위한 방법을 확인해봅니다.
         - 워크스페이스 연결 세션 캐시 오류를 해결하기 위해서는 워크스페이스 연결 세션 캐시를 재설정해야 합니다.
           - 워크스페이스 연결 세션 캐시를 재설정하려면, 워크스페이스 연결 세션 캐시를 삭제하고 다시 생성합니다.
             - 삭제한 워크스페이스 연결 세션 캐시를 다시 생성하려면, 워크스페이스 연결 세션 캐시를 삭제하고 다시 생성합니다.
               - 삭제한 워크스페이스 연결 세션 캐시를 다시 생성하려면, 워크스페이스 연결 세션 캐시를 삭제하고 다시 생성합니다.
                 - 삭제한 워크스페이스 연결 세션 캐시를 다시 생성하려면, 워크스페이스 연결 세션 캐시를 삭제하고 다시 생성합니다.
                   - 삭제한 워크스페이스 연결 세션 캐시를 다시 생성하려면, 워크스페이스 연결 세션 캐시를 삭제하고 다시 생성합니다.
                     - 삭제한 워크스페이스 연결 세션 캐시를 다시 생성하려면, 워크스페이스 연결 세션 캐시를 삭제하고 다시 생성합니다.
                       - 삭제한 워크스페이스 연결 세션 캐시를 다시 생성하려면, 워크스페이스 연결 세션 캐시를 삭제하고 다시 생성합니다.
                         - 삭제한 워크스페이스 연결 세션 캐시를 다시 생성하려면, 워크스페이스 연결 세션 캐시를 삭제하고 다시 생성합니다.
                           - 삭제한 워크스페이스 연결 세션 캐시를 다시 생성하려면, 워크스페이스 연결 세션 캐시를 삭제하고 다시 생성합니다.
                             - 삭제한 워크스페이스 연결 세션 캐시를 다시 생성하려면, 워크스페이스 연결 세션 캐시를 삭제하고 다시 생성합니다.
                               - 삭제한 워크스페이스 연결 세션 캐시를 다시 생성하려면, 워크스페이스 연결 세션 캐시를 삭제하고 다시 생성합니다.
                                 - 삭제한 워크스페이스 연결 세션 캐시를 다시 생성하려면, 워크스페이스 연결 세션 캐시를 삭제하고 다시 생성합니다.
                                   - 삭제한 워크스페이스 연결 세션 캐시를 다시 생성하려면, 워크스페이스 연결 세션 캐시를 삭제하고 다시 생성합니다.
                                     - 삭제한 워크스페이스 연결 세션 캐시를 다시 생성하려면, 워크스페이스 연결 세션 캐시를 삭제하고 다시 생성합니다.
                                       - 삭제한 워크스페이스 연결 세션 캐시를 다시 생성하려면, 워크스페이스 연결 세션 캐시를 삭제하고 다시 생성합니다.
                                         - 삭제한 워크스페이스 연결 세션 캐시를 다시 생성하려면, 워크스페이스 연결 세션 캐시를 삭제하고 다시 생성합니다.
                                           - 삭제한 워크스페이스 연결 세션 캐시를 다시 생성하려면, 워크스페이스 연결 세션 캐시를 삭제하고 다시 생성합니다.
                                             - 삭제한 워크스페이스 연결 세션 캐시를 다시 생성하려면, 워크스페이스 연결 세션 캐시를 삭제하고 다시 생성합니다.
                                               - 삭제한 워크스페이스 연결 세션 캐시를 다시 생성하려면, 워크스페이스 연결 세션 캐시를 삭제하고 다시 생성합니다.
                                                 - 삭제한 워크스페이스 연결 세션 캐시를 다시 생성하려면, 워크스페이스 연결 세션 캐시를 삭제하고 다시 생성합니다.
                                                   - 삭제한 워크스페이스 연결 세션 캐시를 다시 생성하려면, 워크스페이스 연결 세션 캐시를 삭제하고 다시 생성합니다.
                                                     - 삭제한 워크스페이스 연결 세션 캐시를 다시 생성하려면, 워크스페이스 연결 세션 캐시를 삭제하고 다시 생성합니다.
                                                       - 삭제한 워크스페이스 연결 세션 캐시를 다시 생성하려면, 워크스페이스 연결 세션 캐시를 삭제하고 다시 생성합니다.
                                                         - 삭제한 워크스페이스 연결 세션 캐시를 다시 생성하려면, 워크스페이스 연결 세션 캐시를 삭제하고 다시 생성합니다.
                                                           - 삭제한 워크스페이스 연결 세션 캐시를 다시 생성하려면, 워크스페이스 연결 세션 캐시를 삭제하고 다시 생성합니다.
                                                             - 삭제한 워크스페이스 연결 세션 캐시를 다시 생성하려면, 워크스페이스 연결 세션 캐시를 삭제하고 다시 생성합니다.
                                                                 - 삭제한 워크스페이스 연결 세션 캐시를 다시 생성하려면, 워크스페이스 연결 세션 캐시를 삭제하고 다시 생성합니다.
                                                                 - 삭제한 워크스페이스 연결 세션 캐시를 다시 생성하려면, 워크스페이스 연결 세션 캐시를 삭제하고 다시 생성합니다.
                                                                 - 삭제한 워크스페이스 연결 세션 캐시를 다시 생성하려면, 워크스페이스 연결 세션 캐시를 삭제하고 다시 생성합니다.
                                                                 - 삭제한 워크스페이스 연결 세션 캐시를 다시 생성하려면, 워크스페이스 연결 세션 캐시를 삭제하고 다시 생성합니다.
                                                                 - 삭제한 워크스페이스 연결 세션 캐시를 다시 생성하려면, 워크스페이스 연결 세션 캐시를 삭제하고 다시 생성합니다.
                                                                 - 삭제한 워크스페이스 연결 세션 캐시를 다시 생성하려면, 워크스페이스 연결 세션 캐시를 삭제하고 다시 생성합니다.
                                                                 - 삭제한 워크스페이스 연결 세션 캐시를 다시 생성하려면, 워크스페이스 연결 세션 캐시를 삭제하고 다시 생성합니다.
                                                                 - 삭제한 워크스페이스 연결 세션 캐시를 다시 생성하려면, 워크스페이스 연결 세션 캐시를 삭제하고 다시 생성합니다.
                                                                 - 삭제한 워크스페이스 연결 세션 캐시를 다시 생성하려면, 워크스페이스 연결 세션 캐시를 삭제하고 다시 생성합니다.
                                                                 - 삭제한 워크스페이스 연결 세션 캐시를 다시 생성하려면, 워크스페이스 연결 세션 캐시를 삭제하고 다시 생성합니다.
                                                                 - 삭제한 워크스페이스 연결 세션 캐시를 다시 생성하려면, 워크스페이스 연결 세션 캐시를 삭제하고 다시 생성합니다.
                                                                 - 삭제한 워크스페이스 연결 세션 캐시를 다시 생성하려면, 워크스페이스 연결 세션 캐시를 삭제하고 다시 생성합니다.
                                                                 - 삭제한 워크스페이스 연결 세션 캐시를 다시 생성하려면, 워크스페이스 연결 세션 캐시를 삭제하고 다시 생성합니다.
                                                                 - 삭제한 워크스페이스 연결 세션 캐시를 다시 생성하려면, 워크스페이스 연결 세션 캐시를 삭제하고 다시 생성합니다.
                                                                 - 삭제한 워크스페이스 연결 세션 캐시를 다시 생성하려면, 워크스페이스 연결 세션 캐시를 삭제하고 다시 생성합니다.
                                                                 - 삭제한 워크스페이스 연결 세션 캐시를 다시 생성하려면, 워크스페이스 연결 세션 캐시를 삭제하고 다시 생성합니다.
                                                                 - 삭제한 워크스페이스 연결 세션 캐시를 다시 생성하려면, 워크스페이스 연결 세션 캐시를 삭제하고 다시 생성합니다.
                                                                 - 삭제한 워크스페이스 연결 세션 캐시를 다시 생성하려면, 워크스페이스 연결 세션 캐시를 삭제하고 다시 생성합니다.
                                                                 - 삭제한 워크스페이스 연결 세션 캐시를 다시 생성하려면, 워크스페이스 연결 세션 캐시를 삭제하고 다시 생성합니다.
                                                                 - 삭제한 워크스페이스 연결 세션 캐시를 다시 생성하려면, 워크스페이스 연결 세션 캐시를 삭제하고 다시 생성합니다.
                                                                 - 삭제한 워크스페이스 연결 세션 캐시를 다시 생성하려면, 워크스페이스 연결 세션 캐시를 삭제하고 다시 생성합니다.
                                                                 - 삭제한 워크스페이스 연결 세션 캐시를 다시 생성하려면, 워크스페이스 연결 세션 캐시를 삭제하고 다시 생성합니다.
                                                                 - 삭제한 워크스페이스 연결 세션 캐시를 다시 생성하려면, 워크스페이스 연결 세션 캐시를 삭제하고 다시 생성합니다.
                                                                 - 삭제한 워크스페이스 연결 세션 캐시를 다시 생성하려면, 워크스페이스 연결 세션 캐시를 삭제하고 다시 생성합니다.
                                                                 - 삭제한 워크스페이스 연결 세션 캐시를 다시 생성하려면, 워크스페이스 연결 세션 캐시를 삭제하고 다시 생성합니다.
                                                                 - 삭제한 워크스페이스 연결 세션 캐시를 다시 생성하려면, 워크스페이스 연결 세션 캐시를 삭제하고 다시 생성합니다.
                                                                 - 삭제한 워크스페이스 연결 세션 캐시를 다시 생성하려면, 워크스페이스 연결 세션 캐시를 삭제하고 다시 생성합니다.
                                                                 - 삭제한 워크스페이스 연결 세션 캐시를 다시 생성하려면, 워크스페이스 연결 세션 캐시를 삭제하고 다시 생성합니다.
                                                                 - 삭제한 워크스페이스 연결 세션 캐시를 다시 생성하려면, 워크스페이스 연결 세션 캐시를 삭제하고 다시 생성합니다.
                                                                 - 삭제한 워크스페이스 연결 세션 캐시를 다시 생성하려면, 워크스페이스 연결 세션 캐시를 삭제하고 다시 생성합니다.
                                                                 - 삭제한 워크스페이스 연결 세션 캐시를 다시 생성하려면, 워크스페이스 연결 세션 캐시를 삭제하고 다시 생성합니다.
                                                                 - 삭제한 워크스페이스 연결 세션 캐시를 다시 생성하려면, 워크스페이스 연결 세션 캐시를 삭제하고 다시 생성합니다.
                                                                 - 삭제한 워크스페이스 연결 세션 캐시를 다시 생성하려면, 워크스페이스 연결 세션 캐시를 삭제하고 다시 생성합니다.
                                                                 - 삭제한 워크스페이스 연결 세션 캐시를 다시 생성하려면, 워크스페이스 연결 세션 캐시를 삭제하고 다시 생성합니다.
                                                                 - 삭제한 워크스페이스 연결 세션 캐시를 다시 생성하려면, 워크스페이스 연결 세션 캐시를 삭제하고 다시 생성합니다.
                                                                 - 삭제한 워크스페이스 연결 세션 캐시를 다시 생성하려면, 워크스페이스 연결 세션 캐시를 삭제하고 다시 생성합니다.
                                                                 - 삭제한 워크스페이스 연결 세션 캐시를 다시 생성하려면, 워크스페이스 연결 세션 캐시를 삭제하고 다시 생성합니다.
                                                                 - 삭제한 워크스페이스 연결 세션 캐시를 다시 생성하려면, 워크스페이스 연결 세션 캐시를 삭제하고 다시 생성합니다.
                                                                 - 삭제한 워크스페이스 연결 세션 캐시를 다시 생성하려면, 워크스페이스 연결 세션 캐시를 삭제하고 다시 생성합니다.
                                                                 - 삭제한 워크스페이스 연결 세션 캐시를 다시 생성하려면, 워크스페이스 연결 세션 캐시를 삭제하고 다시 생성합니다.
                                                                 - 삭제한 워크스",,0.0518948142040763,0.0,0
사내 슬랙 채널 미동기화 및 유실,Ranking_Swapped,4,2,3395,701,4096,17.276613006999924,"네, 지금 바로 따라해요. 

1. **메시지 확인**: 메시지를 클릭한 후, 메시지 상단의 '확인' 버튼을 눌러 메시지를 확인해보세요. 
   
2. **메시지 수정**: 메시지 상단의 '수정' 버튼을 눌러 메시지를 수정해보세요. 

3. **메시지 삭제**: 메시지 상단의 '삭제' 버튼을 눌러 메시지를 삭제해보세요. 

4. **메시지 재생성**: 메시지 상단의 '재생성' 버튼을 눌러 메시지를 재생성해보세요. 

5. **메시지 복구**: 메시지 상단의 '복구' 버튼을 눌러 메시지를 복구해보세요. 

6. **메시지 저장**: 메시지 상단의 '저장' 버튼을 눌러 메시지를 저장해보세요. 

7. **메시지 삭제 후 다시 시작**: 메시지 상단의 '삭제 후 다시 시작' 버튼을 눌러 메시지를 다시 시작해보세요. 

8. **메시지 재생성 후 다시 시작**: 메시지 상단의 '재생성 후 다시 시작' 버튼을 눌러 메시지를 재생성해 다시 시작해보세요. 

9. **메시지 복구 후 다시 시작**: 메시지 상단의 '복구 후 다시 시작' 버튼을 눌러 메시지를 복구해 다시 시작해보세요. 

10. **메시지 삭제 후 메시지 복구**: 메시지 상단의 '삭제 후 복구' 버튼을 눌러 메시지를 복구해 다시 시작해보세요. 

11. **메시지 복구 후 메시지 삭제**: 메시지 상단의 '복구 후 삭제' 버튼을 눌러 메시지를 삭제해 다시 시작해보세요. 

12. **메시지 삭제 후 메시지 복구**: 메시지 상단의 '삭제 후 복구' 버튼을 눌러 메시지를 복구해 다시 시작해보세요. 

13. **메시지 복구 후 메시지 삭제**: 메시지 상단의 '복구 후 삭제' 버튼을 눌러 메시지를 삭제해 다시 시작해보세요. 

14. **메시지 복구 후 메시지 삭제 후 메시지 복구**: 메시지 상단의 '복구 후 삭제 후 복구' 버튼을 눌러 메시지를 복구해 다시 시작해보세요. 

15. **메시지 복구 후 메시지 삭제 후 메시지 복구 후 메시지 삭제**: 메시지 상단의 '복구 후 삭제 후 복구 후 복구' 버튼을 눌러 메시지를 복구해 다시 시작해보세요. 

16. **메시지 복구 후 메시지 삭제 후 메시지 복구 후 메시지 삭제 후 메시지 복구**: 메시지 상단의 '복구 후 삭제 후 복구 후 복구 후 복구' 버튼을 눌러 메시지를 복구해 다시 시작해보세요. 

17. **메시지 복구 후 메시지 삭제 후 메시지 복구 후 메시지 삭제 후 메시지 복구 후 메시지 복구**: 메시지 상단의 '복구 후 삭제 후 복구 후 복구 후 복구 후 복구' 버튼을 눌러 메시지를 복구해 다시 시작해보세요. 

18. **메시지 복구 후 메시지 삭제 후 메시지 복구 후 메시지 삭제 후 메시지 복구 후 메시지 삭제 후 메시지 복구 후 메시지 복구**: 메시지 상단의 '복구 후 삭제 후 복구 후 복구 후 복구 후 복구 후 복구' 버튼을 눌러 메시지를 복구해 다시 시작해보세요. 

19. **메시지 복구 후 메시지 삭제 후 메시지 복구 후 메시지 삭제 후 메시지 복구 후 메시지 삭제 후 메시지 복구 후 메시지 복구 후 메시지 복구**: 메시지 상단의 '복구 후 삭제 후 복구 후 복구 후 복구 후 복구 후 복구 후 복구' 버튼을 눌러 메시지를 복구해 다시 시작해보세요. 

20. **메시지 복구 후 메시지 삭제 후 메시지 복구 후 메시지 삭제 후 메시지 복구 후 메시지 삭제 후 메시지 복구 후 메시지 삭제 후 메시지 복구 후 메시지 복구 후 메시지 복구**: 메시지 상단의 '복구 후 삭제 후 복구 후 복구 후 복구 후 복구 후 복구 후 복구 후 복구 후 복구' 버튼을 눌러 메시지를 복구해 다시 시작해보세요. 

21. **메시지 복구 후 메시지 삭제 후 메시지 복구 후 메시지 삭제 후 메시지 복구 후 메시지 삭제 후 메시지 복구 후 메시지 삭제 후 메시지 복구 후 메시지 복구 후 메시지 복구 후 메시지 복구 후 메시지 복구**: 메시지 상단의 '복구 후 삭제 후 복구 후 복구 후 복구 후 복구 후 복구 후 복구 후 복구 후 복구 후 복구 후 복구 후 복구 후 복구 후 복구' 버튼을 눌러 메시지를 복구해 다시 시작해보세요. 

22. **메시지 복구 후 메시지 삭제 후 메시지 복구 후 메시지 삭제 후 메시지 복구 후 메시지 삭제 후 메시지 복구 후 메시지 삭제 후 메시지 복구 후 메시지 삭제 후 메시지 복구 후 메시지 복구 후 메시지 복구 후 메시지 복구 후 메시지 복구 후 메시지 복구 후 메시지 복구 후 메시지 복구 후 메시지 복구 후 메시지 복구 후 메시지 복구 후 메시지 복구 후 메시지 복구 후 메시지 복구 후 메시지 복구 후 메시지 복구 후 메시지 복구 후 메시지 복구 후 메시지 복구 후 메시지 복구 후 메시지 복구 후 메시지 복구 후 메시지 복구 후 메시지 복구 후 메시지 복구 후 메시지 복구 후 메시지 복구 후 메시지 복구 후 메시지 복구 후 메시지 복구 후 메시지 복구 후 메시지 복구 후 메시지 복구 후 메시지 복구 후 메시지 복구 후 메시지 복구 후 메시지 복구 후 메시지 복구 후 메시지 복구 후 메시지 복구 후 메시지 복구 후 메시지 복구 후 메시지 복구 후 메시지 복구 후 메시지 복구 후 메시지 복구 후 메시지 복구 후 메시지 복구 후 메시지 복구 후 메시지 복구 후 메시지 복구 후 메시지 복구 후 메시지 복구 후 메시지 복구 후 메시지 복구 후 메시지 복구 후 메시지 복구 후 메시지 복구 후 메시지 복구 후 메시지 복구 후 메시지 복구 후 메시지 복구 후 메시지 복구 후 메시지 복구 후 메시지 복구 후 메시지 복구 후 메시지 복구 후 메시지 복구 후 메시지 복구 후 메시지 복구 후 메시지 복구 후 메시지 복구 후 메시지 복구 후 메시지 복구 후 메시지 복구 후 메시지 복구 후 메시지 복구 후 메시지 복구 후 메시지 복구 후 메시지 복구 후 메시지 복구 후 메시지 복구 후 메시지 복구 후 메시지 복구 후 메시지 복구 후 메시지 복구 후 메시지 복구 후 메시지 복구 후 메시지 복구 후 메시지 복구 후 메시지 복구 후 메시지 복구 후 메시지 복구 후 메시지 복구 후 메시지 복구 후 메시지 복구 후 메시지 복구 후 메시지 복구 후 메시지 복구 후 메시지 복구 후 메시지 복구 후 메시지 복구 후 메시지 복구 후 메시지 복구 후 메시지 복구 후 메시지 복구 후 메시지 복구 후 메시지 복구 후 메시지 복구 후 메시지 복구 후 메시지 복구 후 메시지 복구 후 메시지 복구 후 메시지 복구 후 메시지 복구 후 메시지 복구 후 메시지 복구 후 메시지 복구 후 메시지 복구 후 메시지 복구 후 메시지 복구 후 메시지 복구 후 메시지 복구 후 메시지 복구 후 메시지 복구 후 메시지 복구 후 메시지 복구 후 메시지 복구 후 메시지 복구 후 메시지 복구 후 메시지 복구 후 메시지 복구 후 메시지 복구 후 메시지 복구 후 메시지 복구 후 메시지 복구 후 메시지 복구 후 메시지 복구 후 메시지 복구 후 메시지 복구 후 메시지 복구 후 메시지 복구 후 메시지 복구 후 메시지 복구 후 메시지 복구 후 메시지 복구 후 메시지 복구 후 메시지 복구 후 메시지 복구 후 메시지 복구 후 메시지 복구 후 메시지 복구 후 메시지 복구 후 메시지 복구 후 메시지 복구 후 메시지 복구 후 메시지 복구 후 메시지 복구 후 메시지 복구 후 메시지 복구 후 메시지 복구 후 메시지 복구 후 메시지 복구 후 메시지 복구 후 메시지 복구 후 메시지 복구 후 메시지 복구 후 메시지 복구 후 메시지 복구 후 메시지 복구 후 메시지 복구 후 메시지 복구 후 메시지 복구 후 메시지 복구 후 메시지 복구 후 메시지 복구 후 메시지 복구 후 메시지 복구 후 메시지 복구 후 메시지 복구 후 메시지 복구 후 메시지 복구 후 메시지 복구 후 메시지 복구 후 메시지 복구 후 메시지 복구 후 메시지 복구 후 메시지 복구 후 메시지 복구 후 메시지 복구 후 메시지 복구 후 메시지 복구 후 메시지 복구 후 메시지 복구 후 메시지 복구 후 메시지 복구 후 메시지 복구 후 메시지 복구 후 메시지 복구 후 메시지 복구 후 메시지 복구 후 메시지 복구 후 메시지 복구 후 메시지 복구 후 메시지 복구 후 메시지 복구 후 메시지 복구 후 메시지 복구 후 메시지 복구 후 메시지 복구 후 메시지 복구 후 메시지 복구 후 메시지 복구 후 메시지 복구 후 메시지 복구 후 메시지 복구 후 메시지 복구 후 메시지 복구 후 메시지 복구 후 메시지 복구 후 메시지 복구 후 메시지 복구 후 메시지 복구 후 메시지 복구 후 메시지 복구 후 메시지 복구 후 메시지 복구 후 메시지 복구 후 메시지 복구 후 메시지 복구 후 메시지 복구 후 메시지 복구 후 메시지 복구 후 메시지 복구 후 메시지 복구 후 메시지 복구 후 메시지 복구 후 메시지 복구 후 메시지 복구 후 메시지 복구 후 메시지 복구 후 메시지 복구 후 메시지 복구 후 메시지 복구 후 메시지 복구 후 메시지 복구 후 메시지 복구 후 메시지 복구 후 메시지 복구 후 메시지 복구 후 메시지 복구 후 메시지 복구 후 메시지 복구 후 메시지 복구 후 메시지 복구 후 메시지 복구 후 메시지 복구 후 메시지 복구 후 메시지 복구 후 메시지 복구 후 메시지 복구 후 메시지 복구 후 메시지 복구 후 메시지 복구 후 메시지 복구 후 메시지 복구 후 메시지 복구 후 메시지 복구 후 메시지 복구 후 메시지 복구 후 메시지 복구 후 메시지 복구 후 메시지 복구 후 메시지 복구 후 메시지 복구 후 메시지 복구 후 메시지 복구 후 메시지 복구 후 메시지 복구 후 메",,0.0035898908673176,0.0,0
사내 슬랙 채널 미동기화 및 유실,Short_History,2,2,350,599,949,1.7858555349998824,"네, 지금 바로 따라해주세요. 

1. **메시지가 하나 뜨는 이유**:
   - 메시지를 하나 뜨는 것은 슬랙 엔터프라이즈 그리드 마이그레이션 후 특정 채널이 보이지 않는 현상을 나타냅니다. 
   - 이 현상은 워크스페이스 연결 세션 캐시 오류가 발생했을 때 발생합니다.

2. **다음 단계**:
   - 슬랙 앱에서 [Help > Troubleshoot > Clear Cache and Restart]를 실행합니다. 
   - 실행한 후, 서버와 채널 목록이 다시 동기화됩니다.

3. **다음 단계**:
   - 사내 동호회 지원금 신청은 매월 25일까지 총무팀으로 영수증을 첨부하여 제출해야 합니다. 
   - 인당 최대 3만원까지 지원됩니다.

4. **다음 단계**:
   - 다음에 메시지가 하나 뜨는 이유를 확인하시고, 필요한 경우 다른 방법으로 해결해주시기 바랍니다.

5. **다음 단계**:
   - 만약 문제가 해결되지 않으면, 사내 IT 기술 지원(Helpdesk) 전문가에게 문의하시는 것을 권장드립니다.

이러한 방법들을 따르시면, 메시지가 하나 뜨는 현상이 해결될 것입니다. 만약 계속해서 문제가 발생한다면, 더 자세한 정보를 제공해주실 수 있으니, 언제든지 말씀해 주세요.",0.3869246522945118,0.3048026522245852,0.0,0
사내 슬랙 채널 미동기화 및 유실,Long_History,2,6,29,724,753,0.17074469500039413,"죄송합니다, 제가 잘못 이해했습니다. 사용자 질문에 대해 더 구체적인 정보를 제공해주시면 감사하겠습니다.",0.142901670493787,0.0326298620882113,0.0,0
사내 슬랙 채널 미동기화 및 유실,Forced_JSON_Format,2,2,268,627,895,1.3723519440000018,"{
  ""status"": ""success"",
  ""topic"": ""Slack 엔터프라이즈 그리드 마이그레이션 후 특정 채널이 보이지 않는 현상"",
  ""solution_steps"": [
    {
      ""step"": ""Slack 엔터프라이즈 그리드 마이그레이션 후 특정 채널이 보이지 않는 현상은 워크스페이스 연결 세션 캐시 오류입니다."",
      ""solution"": ""Slack 엔터프라이즈 그리드 마이그레이션 후 특정 채널이 보이지 않는 현상은 워크스페이스 연결 세션 캐시 오류입니다.""
    },
    {
      ""step"": ""Slack 엔터프라이즈 그리드 마이그레이션 후 특정 채널이 보이지 않는 현상은 워크스페이스 연결 세션 캐시 오류입니다."",
      ""solution"": ""Slack 엔터프라이즈 그리드 마이그레이션 후 특정 채널이 보이지 않는 현상은 워크스페이스 연결 세션 캐시 오류입니다.""
    }
  ]
}",0.7250481555418412,0.3920952079496211,0.3076923076923076,1
사내 슬랙 채널 미동기화 및 유실,Hallucination_Defense,3,2,39,615,654,0.21728855200035468,"죄송합니다, 제가 잘못 이해했습니다. 사용자에게 메시지를 보내고, 그 메시지를 확인하고 이를 다시 보내는 과정을 설명해주시겠어요?",0.1533429463240955,0.072402728346467,0.0,0
사내 슬랙 채널 미동기화 및 유실,Mixed_Stress_Test,6,6,38,903,941,0.21582930499971553,"```json
{
  ""step"": ""1. Visual Studio Code의 테마를 바꾸기"",
  ""command"": ""Ctrl + K Ctrl + T""
}
```",0.1361943562455168,0.0918034753215879,0.0,1
프린터 스풀러 서비스 중지 에러,Baseline,3,2,42,545,587,0.23433548000002702,"죄송합니다, 제가 잘못 이해했습니다. 사용자에게 프린터 스풀러 서비스 중지 에러를 발생시키는 이유와 해결 방법을 알려주시면 감사하겠습니다.",0.2177256400896887,0.1626071661120555,0.0,0
프린터 스풀러 서비스 중지 에러,Context_Summarized,1,2,323,576,899,1.6529426300003252,"죄송합니다, 제가 잘못 이해했습니다. 사용자에게 프린터 스풀러 서비스 중지 에러를 해결하는 방법을 알려드리겠습니다:

1. **메시지 확인**: 먼저 사용자가 메시지를 확인하시면 됩니다. 메시지는 프린터 스풀러 서비스 중지 에러를 발생시키는 것이라고 볼 수 있습니다. 

2. **인쇄 작업 중 멈춤 현상**: 이 시점에서는 프린터 스풀러 서비스가 죽어지거나 중지되므로, 프린터를 다시 사용하지 않아야 합니다.

3. **프린터 드라이버 오류**: 프린터 드라이버 오류가 발생하면 프린터를 제거하고 다시 설치해야 합니다. 

4. **cmd를 관리자 권한으로 열어 net stop spooler 실행**: 프린터 스풀러 서비스가 죽어지면, 프린터 스풀러 서비스를 제거하고 다시 시작해야 합니다. 

5. **C:\Windows\System32\spool\PRINTERS 내부 파일을 전부 삭제하고 net start spooler로 서비스 재시작**: 프린터 스풀러 서비스가 중지되면, 해당 파일들을 모두 삭제하고, 프린터 스풀러 서비스를 재시작해야 합니다.

이렇게 진행하면 프린터 스풀러 서비스 중지 에러를 해결할 수 있을 것입니다.",0.3948696812547052,0.2525683036807486,0.2,0
프린터 스풀러 서비스 중지 에러,Max_Chunks,6,2,68,762,830,0.3665147399997295,"죄송합니다, 제가 잘못 이해했습니다. 사용자에게 필요한 정보를 제공하기 위해 사용자 질문에 대해 더 자세히 설명해주시겠어요? 예를 들어, 어떤 문제를 해결해야 하는지, 어떤 메뉴를 선택해야 하는지 등에 대한 정보를 제공해 주시면 감사하겠습니다.",0.1299353640765529,0.0199603440143014,0.0,0
프린터 스풀러 서비스 중지 에러,High_Noise,4,2,67,699,766,0.3619988549999107,"죄송합니다, 제가 잘못 이해했습니다. 사용자에게 필요한 정보를 제공하기 위해 사용자 질문에 대해 더 자세히 설명해주시겠어요? 예를 들어, 어떤 문제를 해결해야 하는지, 어떤 메뉴를 선택해야 하는지 등에 대한 정보를 제공해주시면 감사하겠습니다.",0.13005089209427,0.0199603440143014,0.0,0
프린터 스풀러 서비스 중지 에러,Ranking_Swapped,4,2,68,699,767,0.3653963910001039,"죄송합니다, 제가 잘못 이해했습니다. 사용자에게 필요한 정보를 제공하기 위해 사용자 질문에 대해 더 자세히 설명해주시겠어요? 예를 들어, 어떤 문제를 해결해야 하는지, 어떤 메뉴를 선택해야 하는지 등에 대한 정보를 제공해 주시면 감사하겠습니다.",0.1299353640765529,0.0199603440143014,0.0,0
프린터 스풀러 서비스 중지 에러,Short_History,2,2,68,597,665,0.3651429910000843,"죄송합니다, 제가 잘못 이해했습니다. 사용자에게 필요한 정보를 제공하기 위해 사용자 질문에 대해 더 자세히 설명해주시겠어요? 예를 들어, 어떤 문제를 해결해야 하는지, 어떤 메뉴를 선택해야 하는지 등에 대한 정보를 제공해 주시면 감사하겠습니다.",0.1299353640765529,0.0199603440143014,0.0,0
프린터 스풀러 서비스 중지 에러,Long_History,2,6,31,722,753,0.17914738600029523,"죄송합니다, 제가 잘못 이해했습니다. 사용자에게 직접 도움을 드릴 수 있는 방법을 알려주시면 감사하겠습니다.",0.1323253539891474,0.0185185185185185,0.0,0
프린터 스풀러 서비스 중지 에러,Forced_JSON_Format,2,2,135,625,760,0.7008362990000023,"```json
{
  ""status"": ""success"",
  ""topic"": ""프린터 스풀러 서비스 중지 에러 해결"",
  ""solution_steps"": [
    {
      ""step"": ""Windows의 Print Spooler 서비스가 죽음으로 인해 프린터 스풀러 서비스 중지됩니다."",
      ""description"": ""cmd를 관리자 권한으로 열어 net stop spooler 실행 후 C:\Windows\System32\spool\PRINTERS 내부 파일을 전부 삭제하고 net start spooler로 서비스를 재시작해야 합니다.""
    }
  ]
}
```",0.7357781787301512,0.716719069896383,0.8636363636363636,0
프린터 스풀러 서비스 중지 에러,Hallucination_Defense,3,2,37,609,646,0.20814698899994255,"죄송합니다, 제가 잘못 이해했습니다. 사용자에게 정확한 메뉴 및 명령어를 제공하기 위해 필요한 정보를 제공해주시면 감사하겠습니다.",0.1799415222125277,0.1105261521096366,0.0,0
프린터 스풀러 서비스 중지 에러,Mixed_Stress_Test,6,6,87,901,988,0.4624363500001891,"```json
{
  ""step"": [
    {
      ""name"": ""Step 1"",
      ""description"": ""Visual Studio Code의 테마를 바꾸기""
    },
    {
      ""name"": ""Step 2"",
      ""description"": ""인쇄 작업 중 멈춤 현상과 함께 프린터 드라이버 오류가 날 경우""
    }
  ]
}
```",0.4724768002642532,0.3038095293535154,0.0,1
크롬 브라우저 확장프로그램 차단 정책,Baseline,3,2,31,556,587,0.1786038010000084,"죄송합니다, 제가 잘못 이해했습니다. 사용자에게 직접 도움을 드릴 수 있는 방법을 알려주시면 감사하겠습니다.",0.1415302214163103,0.0318286287101344,0.0,0
크롬 브라우저 확장프로그램 차단 정책,Context_Summarized,1,2,28,589,617,0.16410782000002655,"죄송합니다, 제가 잘못 이해했습니다. 사용자에게 가능한 한 정확한 정보를 제공해주시면 감사하겠습니다.",0.1356218440230066,0.041110752630251,0.0,0
크롬 브라우저 확장프로그램 차단 정책,Max_Chunks,6,2,30,773,803,0.17537455699994098,"죄송합니다, 제가 잘못 이해했습니다. 사용자에게 직접적인 도움을 드릴 수 있는 방법을 알려주시겠어요?",0.1409121759134862,0.0343744321897428,0.0,0
크롬 브라우저 확장프로그램 차단 정책,High_Noise,4,2,33,710,743,0.18938114399998085,"죄송합니다, 제가 잘못 이해했습니다. 사용자에게 메시지를 보내고, 그 메시지를 어떻게 처리해야 하는지 알려주시겠어요?",0.1388286708433265,0.0493956490678189,0.0,0
크롬 브라우저 확장프로그램 차단 정책,Ranking_Swapped,4,2,58,710,768,0.31441511200000605,"죄송합니다, 제가 잘못 이해했습니다. 사용자에게 직접적인 도움을 드릴 수 있는 방법을 알려주시겠어요? 예를 들어, 어떤 작업을 원하시는지, 어떤 정보를 제공해야 하는지 등을 말씀해 주시면 감사하겠습니다.",0.1387740468211743,0.0449262768013756,0.0,0
크롬 브라우저 확장프로그램 차단 정책,Short_History,2,2,31,608,639,0.17734549099986907,"죄송합니다, 제가 잘못 이해했습니다. 사용자에게 직접 도움을 드릴 수 있는 방법을 알려주시면 감사하겠습니다.",,0.0318286287101344,0.0,0
크롬 브라우저 확장프로그램 차단 정책,Long_History,2,6,3363,733,4096,17.141690879999715,"죄송합니다, 제가 잘못 이해했습니다. 사용자 질문에 대해 정확한 답변을 드릴 수 있도록 도와드리겠습니다. 

1. **예외 신청:** 
   - 사내 IT 자산 보안성 심사 시스템(it-security.company.com)을 통해 예외 신청 후 승인을 받으시면 됩니다. 이 시스템은 사내 보안 환경과 관련된 모든 확장 프로그램 설치를 차단합니다.
   
2. **재부팅:** 
   - 재부팅은 시스템을 다시 시작하는 것에 불과하며, 확장 프로그램 설치를 차단하는 것은 아니므로, 이에 대한 해결책은 없습니다.

3. **메뉴 경로:** 
   - 사용자에게 메뉴 경로를 설명하기 위해서는 사용자에게 직접 메뉴 경로를 설명해야 합니다. 예를 들어, ""크롬 브라우저"" -> ""설정"" -> ""크롬 브라우저 설정"" -> ""크롬 브라우저 설정"" -> ""크롬 브라우저 설정"" -> ""크롬 브라우저 설정"" -> ""크롬 브라우저 설정"" -> ""크롬 브라우저 설정"" -> ""크롬 브라우저 설정"" -> ""크롬 브라우저 설정"" -> ""크롬 브라우저 설정"" -> ""크롬 브라우저 설정"" -> ""크롬 브라우저 설정"" -> ""크롬 브라우저 설정"" -> ""크롬 브라우저 설정"" -> ""크롬 브라우저 설정"" -> ""크롬 브라우저 설정"" -> ""크롬 브라우저 설정"" -> ""크롬 브라우저 설정"" -> ""크롬 브라우저 설정"" -> ""크롬 브라우저 설정"" -> ""크롬 브라우저 설정"" -> ""크롬 브라우저 설정"" -> ""크롬 브라우저 설정"" -> ""크롬 브라우저 설정"" -> ""크롬 브라우저 설정"" -> ""크롬 브라우저 설정"" -> ""크롬 브라우저 설정"" -> ""크롬 브라우저 설정"" -> ""크롬 브라우저 설정"" -> ""크롬 브라우저 설정"" -> ""크롬 브라우저 설정"" -> ""크롬 브라우저 설정"" -> ""크롬 브라우저 설정"" -> ""크롬 브라우저 설정"" -> ""크롬 브라우저 설정"" -> ""크롬 브라우저 설정"" -> ""크롬 브라우저 설정"" -> ""크롬 브라우저 설정"" -> ""크롬 브라우저 설정"" -> ""크롬 브라우저 설정"" -> ""크롬 브라우저 설정"" -> ""크롬 브라우저 설정"" -> ""크롬 브라우저 설정"" -> ""크롬 브라우저 설정"" -> ""크롬 브라우저 설정"" -> ""크롬 브라우저 설정"" -> ""크롬 브라우저 설정"" -> ""크롬 브라우저 설정"" -> ""크롬 브라우저 설정"" -> ""크롬 브라우저 설정"" -> ""크롬 브라우저 설정"" -> ""크롬 브라우저 설정"" -> ""크롬 브라우저 설정"" -> ""크롬 브라우저 설정"" -> ""크롬 브라우저 설정"" -> ""크롬 브라우저 설정"" -> ""크롬 브라우저 설정"" -> ""크롬 브라우저 설정"" -> ""크롬 브라우저 설정"" -> ""크롬 브라우저 설정"" -> ""크롬 브라우저 설정"" -> ""크롬 브라우저 설정"" -> ""크롬 브라우저 설정"" -> ""크롬 브라우저 설정"" -> ""크롬 브라우저 설정"" -> ""크롬 브라우저 설정"" -> ""크롬 브라우저 설정"" -> ""크롬 브라우저 설정"" -> ""크롬 브라우저 설정"" -> ""크롬 브라우저 설정"" -> ""크롬 브라우저 설정"" -> ""크롬 브라우저 설정"" -> ""크롬 브라우저 설정"" -> ""크롬 브라우저 설정"" -> ""크롬 브라우저 설정"" -> ""크롬 브라우저 설정"" -> ""크롬 브라우저 설정"" -> ""크롬 브라우저 설정"" -> ""크롬 브라우저 설정"" -> ""크롬 브라우저 설정"" -> ""크롬 브라우저 설정"" -> ""크롬 브라우저 설정"" -> ""크롬 브라우저 설정"" -> ""크롬 브라우저 설정"" -> ""크롬 브라우저 설정"" -> ""크롬 브라우저 설정"" -> ""크롬 브라우저 설정"" -> ""크롬 브라우저 설정"" -> ""크롬 브라우저 설정"" -> ""크롬 브라우저 설정"" -> ""크롬 브라우저 설정"" -> ""크롬 브라우저 설정"" -> ""크롬 브라우저 설정"" -> ""크롬 브라우저 설정"" -> ""크롬 브라우저 설정"" -> ""크롬 브라우저 설정"" -> ""크롬 브라우저 설정"" -> ""크롬 브라우저 설정"" -> ""크롬 브라우저 설정"" -> ""크롬 브라우저 설정"" -> ""크롬 브라우저 설정"" -> ""크롬 브라우저 설정"" -> ""크롬 브라우저 설정"" -> ""크롬 브라우저 설정"" -> ""크롬 브라우저 설정"" -> ""크롬 브라우저 설정"" -> ""크롬 브라우저 설정"" -> ""크롬 브라우저 설정"" -> ""크롬 브라우저 설정"" -> ""크롬 브라우저 설정"" -> ""크롬 브라우저 설정"" -> ""크롬 브라우저 설정"" -> ""크롬 브라우저 설정"" -> ""크롬 브라우저 설정"" -> ""크롬 브라우저 설정"" -> ""크롬 브라우저 설정"" -> ""크롬 브라우저 설정"" -> ""크롬 브라우저 설정"" -> ""크롬 브라우저 설정"" -> ""크롬 브라우저 설정"" -> ""크롬 브라우저 설정"" -> ""크롬 브라우저 설정"" -> ""크롬 브라우저 설정"" -> ""크롬 브라우저 설정"" -> ""크롬 브라우저 설정"" -> ""크롬 브라우저 설정"" -> ""크롬 브라우저 설정"" -> ""크롬 브라우저 설정"" -> ""크롬 브라우저 설정"" -> ""크롬 브라우저 설정"" -> ""크롬 브라우저 설정"" -> ""크롬 브라우저 설정"" -> ""크롬 브라우저 설정"" -> ""크롬 브라우저 설정"" -> ""크롬 브라우저 설정"" -> ""크롬 브라우저 설정"" -> ""크롬 브라우저 설정"" -> ""크롬 브라우저 설정"" -> ""크롬 브라우저 설정"" -> ""크롬 브라우저 설정"" -> ""크롬 브라우저 설정"" -> ""크롬 브라우저 설정"" -> ""크롬 브라우저 설정"" -> ""크롬 브라우저 설정"" -> ""크롬 브라우저 설정"" -> ""크롬 브라우저 설정"" -> ""크롬 브라우저 설정"" -> ""크롬 브라우저 설정"" -> ""크롬 브라우저 설정"" -> ""크롬 브라우저 설정"" -> ""크롬 브라우저 설정"" -> ""크롬 브라우저 설정"" -> ""크롬 브라우저 설정"" -> ""크롬 브라우저 설정"" -> ""크롬 브라우저 설정"" -> ""크롬 브라우저 설정"" -> ""크롬 브라우저 설정"" -> ""크롬 브라우저 설정"" -> ""크롬 브라우저 설정"" -> ""크롬 브라우저 설정"" -> ""크롬 브라우저 설정"" -> ""크롬 브라우저 설정"" -> ""크롬 브라우저 설정"" -> ""크롬 브라우저 설정"" -> ""크롬 브라우저 설정"" -> ""크롬 브라우저 설정"" -> ""크롬 브라우저 설정"" -> ""크롬 브라우저 설정"" -> ""크롬 브라우저 설정"" -> ""크롬 브라우저 설정"" -> ""크롬 브라우저 설정"" -> ""크롬 브라우저 설정"" -> ""크롬 브라우저 설정"" -> ""크롬 브라우저 설정"" -> ""크롬 브라우저 설정"" -> ""크롬 브라우저 설정"" -> ""크롬 브라우저 설정"" -> ""크롬 브라우저 설정"" -> ""크롬 브라우저 설정"" -> ""크롬 브라우저 설정"" -> ""크롬 브라우저 설정"" -> ""크롬 브라우저 설정"" -> ""크롬 브라우저 설정"" -> ""크롬 브라우저 설정"" -> ""크롬 브라우저 설정"" -> ""크롬 브라우저 설정"" -> ""크롬 브라우저 설정"" -> ""크롬 브라우저 설정"" -> ""크롬 브라우저 설정"" -> ""크롬 브라우저 설정"" -> ""크롬 브라우저 설정"" -> ""크롬 브라우저 설정"" -> ""크롬 브라우저 설정"" -> ""크롬 브라우저 설정"" -> ""크롬 브라우저 설정"" -> ""크롬 브라우저 설정"" -> ""크롬 브라우저 설정"" -> ""크롬 브라우저 설정"" -> ""크롬 브라우저 설정"" -> ""크롬 브라우저 설정"" -> ""크롬 브라우저 설정"" -> ""크롬 브라우저 설정"" -> ""크롬 브라우저 설정"" -> ""크롬 브라우저 설정"" -> ""크롬 브라우저 설정"" -> ""크롬 브라우저 설정"" -> ""크롬 브라우저 설정"" -> ""크롬 브라우저 설정"" -> ""크롬 브라우저 설정"" -> ""크롬 브라우저 설정"" -> ""크롬 브라우저 설정"" -> ""크롬 브라우저 설정"" -> ""크롬 브라우저 설정"" -> ""크롬 브라우저 설정"" -> ""크롬 브라우저 설정"" -> ""크롬 브라우저 설정"" -> ""크롬 브라우저 설정"" -> ""크롬 브라우저 설정"" -> ""크롬 브라우저 설정"" -> ""크롬 브라우저 설정"" -> ""크롬 브라우저 설정"" -> ""크롬 브라우저 설정"" -> ""크롬 브라우저 설정"" -> ""크롬 브라우저 설정"" -> ""크롬 브라우저 설정"" -> ""크롬 브라우저 설정"" -> ""크롬 브라우저 설정"" -> ""크롬 브라우저 설정"" -> ""크롬 브라우저 설정"" -> ""크롬 브라우저 설정"" -> ""크롬 브라우저 설정"" -> ""크롬 브라우저 설정"" -> ""크롬 브라우저 설정"" -> ""크롬 브라우저 설정"" -> ""크롬 브라우저 설정"" -> ""크롬 브라우저 설정"" -> ""크롬 브라우저 설정"" -> ""크롬 브라우저 설정"" -> ""크롬 브라우저 설정"" -> ""크롬 브라우저 설정"" -> ""크롬 브라우저 설정"" -> ""크롬 브라우저 설정"" -> ""크롬 브라우저 설정"" -> ""크롬 브라우저 설정"" -> ""크롬 브라우저 설정"" -> ""크롬 브라우저 설정"" -> ""크롬 브라우저 설정"" -> ""크롬 브라우저 설정"" -> ""크롬 브라우저 설정"" -> ""크롬 브라우저 설정"" -> ""크롬 브라우저 설정"" -> ""크롬 브라우저 설정"" -> ""크롬 브라우저 설정"" -> ""크롬 브라우저 설정"" -> ""크롬 브라우저 설정"" -> ""크롬 브라우저 설정"" -> ""크롬 브라우저 설정"" -> ""크롬 브라우저 설정"" -> ""크롬 브라우저 설정"" -> ""크롬 브라우저 설정"" -> ""크롬 브라우저 설정"" -> ""크롬 브라우저 설정"" -> ""크롬 브라우저 설정"" -> ""크롬 브라우",,0.0282368105685487,0.0,0
크롬 브라우저 확장프로그램 차단 정책,Forced_JSON_Format,2,2,306,636,942,1.5631976250001571,"{
  ""status"": ""success"",
  ""topic"": ""Visual Studio Code 테마 변경"",
  ""solution_steps"": [
    {
      ""step"": ""1. Visual Studio Code > Extensions > Manage Extensions"",
      ""description"": ""Visual Studio Code에서 확장 프로그램을 관리하기 위해 이 페이지를 열어.extension을 클릭합니다.""
    },
    {
      ""step"": ""2. Extensions > Manage Extensions"",
      ""description"": ""다음 페이지에서 확장 프로그램을 선택합니다.""
    },
    {
      ""step"": ""3. Extensions > Install Extension"",
      ""description"": ""Install Extension 버튼을 클릭하여 확장 프로그램을 설치합니다.""
    },
    {
      ""step"": ""4. Extensions > Update Extension"",
      ""description"": ""Update Extension 버튼을 클릭하여 최신 버전의 확장 프로그램을 설치합니다.""
    },
    {
      ""step"": ""5. Extensions > Select Extension"",
      ""description"": ""Select Extension 버튼을 클릭하여 확장 프로그램을 선택합니다.""
    },
    {
      ""step"": ""6. Extensions > Choose Theme"",
      ""description"": ""Theme 선택 버튼을 클릭하여 원하는 색상을 선택합니다.""
    },
    {
      ""step"": ""7. Extensions > Save Changes"",
      ""description"": ""Save Changes 버튼을 클릭하여 변경사항을 저장합니다.""
    }
  ]
}",0.1879803112821222,0.1918235664064884,0.1038961038961039,1
크롬 브라우저 확장프로그램 차단 정책,Hallucination_Defense,3,2,37,613,650,0.2075943320000988,"죄송합니다, 제가 잘못 이해했습니다. 사용자에게 정확한 메뉴 및 명령어를 제공하기 위해 필요한 정보를 제공해주시면 감사하겠습니다.",0.1799415222125277,0.1105261521096366,0.0,0
크롬 브라우저 확장프로그램 차단 정책,Mixed_Stress_Test,6,6,105,912,1017,0.5519494829995892,"```json
{
  ""step"": [
    {
      ""name"": ""Step 1"",
      ""description"": ""Visual Studio Code의 테마를 바꾸기"",
      ""action"": ""Ctrl + K Ctrl + T""
    },
    {
      ""name"": ""Step 2"",
      ""description"": ""회사 보안 정책 확인"",
      ""action"": ""사내 IT 자산 보안성 심사 시스템(it-security.company.com)""
    }
  ]
}
```",0.3319380352966726,0.1375881752350178,0.0714285714285714,1
사내 MDM 프로필 설치 실패,Baseline,3,2,92,544,636,0.4882234020001306,"네, 지금 바로 따라해주세요. 

1. **iOS/Android 설정 > 일반 > VPN 및 기기 관리** : 기존 프로필을 모두 제거하고 다시 설치합니다.
2. **메시지가 하나 뜨는 이유** : 메시지를 받았는데, 그 메시지는 특정 기능을 수행하지 못하도록 설정되었거나, 메시지가 잘못 이해되었음을 나타냅니다.",0.1862212261704962,0.0789724423443821,0.25,0
사내 MDM 프로필 설치 실패,Context_Summarized,1,2,256,572,828,1.3085559930000272,"네, 지금 바로 따라해주세요. 

1. **iOS/Android 기기에서 MDM 프로필 설치 실패**
   - **Step 1:** iOS/Android 시스템에서 MDM 프로필 설치를 시작하십시오. 
     - Go to Settings > General > Mobile Device Management (MDM).
   - **Step 2:** MDM 프로필을 삭제합니다.
     - Go to Settings > General > MDM Profile.
     - Click on the profile you want to delete and then click Delete.
   - **Step 3:** MDM 프로필을 재스캔합니다.
     - Go back to Settings > General > MDM Profile.
     - Click on the profile you just deleted and then click Scan for Updates.
     - If there are any updates available, they will be installed automatically.
     - Otherwise, you may need to manually install them by going to Settings > General > Update & Security > Apps and then installing the update from the App Store or Google Play Store.

이러한 방법으로 MDM 프로필을 다시 설치하면 문제가 해결될 것입니다. 만약 계속해서 문제가 발생한다면, 사내 IT 기술 지원(Helpdesk)에 문의하시는 것을 권장드립니다.",,0.0991975344001554,0.0560747663551401,0
사내 MDM 프로필 설치 실패,Max_Chunks,6,2,3335,761,4096,16.951685663000262,"네, 지금 바로 따라해주세요. 

1. **메시지 확인**: 메시지가 하나 뜨는 것을 확인해 주세요. 
   - 만약 메시지는 없으면, 다음 단계를 진행하겠습니다.

2. **메시지 확인 후 실행**: 메시지가 하나 뜨는 것을 확인했으니, 그 메시지에 대해 더 자세히 이해하기 위해 다시 한번 확인해 주세요.
   - 만약 메시지가 여러 개 뜨는 것을 확인했으니, 다음 단계를 진행하겠습니다.

3. **메시지 확인 후 실행**: 메시지가 여러 개 뜨는 것을 확인했으니, 그 메시지에 대해 더 자세히 이해하기 위해 다시 한번 확인해 주세요.
   - 만약 메시지가 여러 개 뜨는 것을 확인했으니, 다음 단계를 진행하겠습니다.

4. **메시지 확인 후 실행**: 메시지가 여러 개 뜨는 것을 확인했으니, 그 메시지에 대해 더 자세히 이해하기 위해 다시 한번 확인해 주세요.
   - 만약 메시지가 여러 개 뜨는 것을 확인했으니, 다음 단계를 진행하겠습니다.

5. **메시지 확인 후 실행**: 메시지가 여러 개 뜨는 것을 확인했으니, 그 메시지에 대해 더 자세히 이해하기 위해 다시 한번 확인해 주세요.
   - 만약 메시지가 여러 개 뜨는 것을 확인했으니, 다음 단계를 진행하겠습니다.

6. **메시지 확인 후 실행**: 메시지가 여러 개 뜨는 것을 확인했으니, 그 메시지에 대해 더 자세히 이해하기 위해 다시 한번 확인해 주세요.
   - 만약 메시지가 여러 개 뜨는 것을 확인했으니, 다음 단계를 진행하겠습니다.

7. **메시지 확인 후 실행**: 메시지가 여러 개 뜨는 것을 확인했으니, 그 메시지에 대해 더 자세히 이해하기 위해 다시 한번 확인해 주세요.
   - 만약 메시지가 여러 개 뜨는 것을 확인했으니, 다음 단계를 진행하겠습니다.

8. **메시지 확인 후 실행**: 메시지가 여러 개 뜨는 것을 확인했으니, 그 메시지에 대해 더 자세히 이해하기 위해 다시 한번 확인해 주세요.
   - 만약 메시지가 여러 개 뜨는 것을 확인했으니, 다음 단계를 진행하겠습니다.

9. **메시지 확인 후 실행**: 메시지가 여러 개 뜨는 것을 확인했으니, 그 메시지에 대해 더 자세히 이해하기 위해 다시 한번 확인해 주세요.
   - 만약 메시지가 여러 개 뜨는 것을 확인했으니, 다음 단계를 진행하겠습니다.

10. **메시지 확인 후 실행**: 메시지가 여러 개 뜨는 것을 확인했으니, 그 메시지에 대해 더 자세히 이해하기 위해 다시 한번 확인해 주세요.
    - 만약 메시지가 여러 개 뜨는 것을 확인했으니, 다음 단계를 진행하겠습니다.

11. **메시지 확인 후 실행**: 메시지가 여러 개 뜨는 것을 확인했으니, 그 메시지에 대해 더 자세히 이해하기 위해 다시 한번 확인해 주세요.
    - 만약 메시지가 여러 개 뜨는 것을 확인했으니, 다음 단계를 진행하겠습니다.

12. **메시지 확인 후 실행**: 메시지가 여러 개 뜨는 것을 확인했으니, 그 메시지에 대해 더 자세히 이해하기 위해 다시 한번 확인해 주세요.
    - 만약 메시지가 여러 개 뜨는 것을 확인했으니, 다음 단계를 진행하겠습니다.

13. **메시지 확인 후 실행**: 메시지가 여러 개 뜨는 것을 확인했으니, 그 메시지에 대해 더 자세히 이해하기 위해 다시 한번 확인해 주세요.
    - 만약 메시지가 여러 개 뜨는 것을 확인했으니, 다음 단계를 진행하겠습니다.

14. **메시지 확인 후 실행**: 메시지가 여러 개 뜨는 것을 확인했으니, 그 메시지에 대해 더 자세히 이해하기 위해 다시 한번 확인해 주세요.
    - 만약 메시지가 여러 개 뜨는 것을 확인했으니, 다음 단계를 진행하겠습니다.

15. **메시지 확인 후 실행**: 메시지가 여러 개 뜨는 것을 확인했으니, 그 메시지에 대해 더 자세히 이해하기 위해 다시 한번 확인해 주세요.
    - 만약 메시지가 여러 개 뜨는 것을 확인했으니, 다음 단계를 진행하겠습니다.

16. **메시지 확인 후 실행**: 메시지가 여러 개 뜨는 것을 확인했으니, 그 메시지에 대해 더 자세히 이해하기 위해 다시 한번 확인해 주세요.
    - 만약 메시지가 여러 개 뜨는 것을 확인했으니, 다음 단계를 진행하겠습니다.

17. **메시지 확인 후 실행**: 메시지가 여러 개 뜨는 것을 확인했으니, 그 메시지에 대해 더 자세히 이해하기 위해 다시 한번 확인해 주세요.
    - 만약 메시지가 여러 개 뜨는 것을 확인했으니, 다음 단계를 진행하겠습니다.

18. **메시지 확인 후 실행**: 메시지가 여러 개 뜨는 것을 확인했으니, 그 메시지에 대해 더 자세히 이해하기 위해 다시 한번 확인해 주세요.
    - 만약 메시지가 여러 개 뜨는 것을 확인했으니, 다음 단계를 진행하겠습니다.

19. **메시지 확인 후 실행**: 메시지가 여러 개 뜨는 것을 확인했으니, 그 메시지에 대해 더 자세히 이해하기 위해 다시 한번 확인해 주세요.
    - 만약 메시지가 여러 개 뜨는 것을 확인했으니, 다음 단계를 진행하겠습니다.

20. **메시지 확인 후 실행**: 메시지가 여러 개 뜨는 것을 확인했으니, 그 메시지에 대해 더 자세히 이해하기 위해 다시 한번 확인해 주세요.
    - 만약 메시지가 여러 개 뜨는 것을 확인했으니, 다음 단계를 진행하겠습니다.

21. **메시지 확인 후 실행**: 메시지가 여러 개 뜨는 것을 확인했으니, 그 메시지에 대해 더 자세히 이해하기 위해 다시 한번 확인해 주세요.
    - 만약 메시지가 여러 개 뜨는 것을 확인했으니, 다음 단계를 진행하겠습니다.

22. **메시지 확인 후 실행**: 메시지가 여러 개 뜨는 것을 확인했으니, 그 메시지에 대해 더 자세히 이해하기 위해 다시 한번 확인해 주세요.
    - 만약 메시지가 여러 개 뜨는 것을 확인했으니, 다음 단계를 진행하겠습니다.

23. **메시지 확인 후 실행**: 메시지가 여러 개 뜨는 것을 확인했으니, 그 메시지에 대해 더 자세히 이해하기 위해 다시 한번 확인해 주세요.
    - 만약 메시지가 여러 개 뜨는 것을 확인했으니, 다음 단계를 진행하겠습니다.

24. **메시지 확인 후 실행**: 메시지가 여러 개 뜨는 것을 확인했으니, 그 메시지에 대해 더 자세히 이해하기 위해 다시 한번 확인해 주세요.
    - 만약 메시지가 여러 개 뜨는 것을 확인했으니, 다음 단계를 진행하겠습니다.

25. **메시지 확인 후 실행**: 메시지가 여러 개 뜨는 것을 확인했으니, 그 메시지에 대해 더 자세히 이해하기 위해 다시 한번 확인해 주세요.
    - 만약 메시지가 여러 개 뜨는 것을 확인했으니, 다음 단계를 진행하겠습니다.

26. **메시지 확인 후 실행**: 메시지가 여러 개 뜨는 것을 확인했으니, 그 메시지에 대해 더 자세히 이해하기 위해 다시 한번 확인해 주세요.
    - 만약 메시지가 여러 개 뜨는 것을 확인했으니, 다음 단계를 진행하겠습니다.

27. **메시지 확인 후 실행**: 메시지가 여러 개 뜨는 것을 확인했으니, 그 메시지에 대해 더 자세히 이해하기 위해 다시 한번 확인해 주세요.
    - 만약 메시지가 여러 개 뜨는 것을 확인했으니, 다음 단계를 진행하겠습니다.

28. **메시지 확인 후 실행**: 메시지가 여러 개 뜨는 것을 확인했으니, 그 메시지에 대해 더 자세히 이해하기 위해 다시 한번 확인해 주세요.
    - 만약 메시지가 여러 개 뜨는 것을 확인했으니, 다음 단계를 진행하겠습니다.

29. **메시지 확인 후 실행**: 메시지가 여러 개 뜨는 것을 확인했으니, 그 메시지에 대해 더 자세히 이해하기 위해 다시 한번 확인해 주세요.
    - 만약 메시지가 여러 개 뜨는 것을 확인했으니, 다음 단계를 진행하겠습니다.

30. **메시지 확인 후 실행**: 메시지가 여러 개 뜨는 것을 확인했으니, 그 메시지에 대해 더 자세히 이해하기 위해 다시 한번 확인해 주세요.
    - 만약 메시지가 여러 개 뜨는 것을 확인했으니, 다음 단계를 진행하겠습니다.

31. **메시지 확인 후 실행**: 메시지가 여러 개 뜨는 것을 확인했으니, 그 메시지에 대해 더 자세히 이해하기 위해 다시 한번 확인해 주세요.
    - 만약 메시지가 여러 개 뜨는 것을 확인했으니, 다음 단계를 진행하겠습니다.

32. **메시지 확인 후 실행**: 메시지가 여러 개 뜨는 것을 확인했으니, 그 메시지에 대해 더 자세히 이해하기 위해 다시 한번 확인해 주세요.
    - 만약 메시지가 여러 개 뜨는 것을 확인했으니, 다음 단계를 진행하겠습니다.

33. **메시지 확인 후 실행**: 메시지가 여러 개 뜨는 것을 확인했으니, 그 메시지에 대해 더 자세히 이해하기 위해 다시 한번 확인해 주세요.
    - 만약 메시지가 여러 개 뜨는 것을 확인했으니, 다음 단계를 진행하겠습니다.

34. **메시지 확인 후 실행**: 메시지가 여러 개 뜨는 것을 확인했으니, 그 메시지에 대해 더 자세히 이해하기 위해 다시 한번 확인해 주세요.
    - 만약 메시지가 여러 개 뜨는 것을 확인했으니, 다음 단계를 진행하겠습니다.

35. **메시지 확인 후 실행**: 메시지가 여러 개 뜨는 것을 확인했으니, 그 메시지에 대해 더 자세히 이해하기 위해 다시 한번 확인해 주세요.
    - 만약 메시지가 여러 개 뜨는 것을 확인했으니, 다음 단계를 진행하겠습니다.

36. **메시지 확인 후 실행**: 메시지가 여러 개 뜨는 것을 확인했으니, 그 메시지에 대해 더 자세히 이해하기 위해 다시 한번 확인해 주세요.
    - 만약 메시지가 여러 개 뜨는 것을 확인했으니, 다음 단계를 진행하겠습니다.

37. **메시지 확인 후 실행**: 메시지가 여러 개 뜨는 것을 확인했으니, 그 메시지에 대해 더 자세히 이해하기 위해 다시 한번 확인해 주세요.
    - 만약 메시지가 여러 개 뜨는 것을 확인했으니, 다음 단계를 진행하겠습니다.

38. **메시지 확인 후 실행**: 메시지가 여러 개 뜨는 것을 확인했으니, 그 메시지에 대해 더 자세히 이해하기 위해 다시 한번 확인해 주세요.
    - 만약 메시지가 여러 개 뜨는 것을 확인했으니, 다음 단계를 진행하겠습니다.

39. **메시지 확인 후 실행**: 메시지가 여러 개 뜨는 것을 확인했으니, 그 메시지에 대해 더 자세히 이해하기 위해 다시 한번 확인해 주세요.
    - 만약 메시지가 여러 개 뜨는 것을 확인했으니, 다음 단계를 진행하겠습니다.

40. **메시지 확인 후 실행**: 메시지가 여러 개 뜨는 것을 확인했으니, 그 메시지에 대해 더 자세히 이해하기 위해 다시 한번 확인해 주세요.
    - 만약 메시지가 여러 개 뜨는 것을 확인했으니, 다음 단계를 진행하겠습니다.

41. **메시지 확인 후 실행**: 메시지가 여러 개 뜨는 것을 확인했으니, 그 메시지에 대해 더 자세히 이해하기 위해 다시 한번 확인해 주세요.
    - 만약 메시지가 여러 개 뜨는 것을 확인했으니, 다음 단계를 진행하겠습니다.

42. **메시지 확인 후 실행**: 메시지가 여러 개 뜨는 것을 확인했으니, 그 메시지에 대해 더 자세히 이해하기 위해 다시 한번 확인해 주세요.
    - 만약 메시지가 여러 개 뜨는 것을 확인했으니, 다음 단계를 진행하겠습니다.

43. **메시지 확인 후 실행**: 메시지가 여러 개 뜨는 것을 확인했으니, 그 메시지에 대해 더 자세히 이해하기 위해 다시 한번 확인해 주세요.
    - 만약 메시지가 여러 개 뜨는 것을 확인했으니, 다음 단계를 진행하겠습니다.

44. **메시지 확인 후 실행**: 메시지가 여러 개 뜨는 것을 확인했으니, 그 메시지에 대해 더 자세히 이해하기 위해 다시 한번 확인해 주세요.
    - 만약 메시지가 여러 개 뜨는 것을 확인했으니, 다음 단계를 진행하겠습니다.

45. **메시지 확인 후 실행**: 메시지가 여러 개 뜨는 것을 확인했으니, 그 메시지에 대해 더 자세히 이해하기 위해 다시 한번 확인해 주세요.
    - 만약 메시지가 여러 개 뜨는 것을 확인했으니, 다음 단계를 진행하겠습니다.

46. **메시지 확인 후 실행**: 메시지가 여러 개 뜨는 것을 확인했으니, 그 메시지에 대해 더 자세히 이해하기 위해 다시 한번 확인해 주세요.
    - 만약 메시지가 여러 개 뜨는 것을 확인했으니, 다음 단계를 진행하겠습니다.

47. **메시지 확인 후 실행",,0.0041666666666666,0.0,0
사내 MDM 프로필 설치 실패,High_Noise,4,2,32,698,730,0.18424631599964414,"죄송합니다, 제가 잘못 이해했습니다. 사용자에게 메시지를 보내고, 그 메시지를 어떻게 처리하는지 알려주시겠어요?",0.1358728348471522,0.0285243484323831,0.0,0
사내 MDM 프로필 설치 실패,Ranking_Swapped,4,2,32,698,730,0.18363149300012083,"죄송합니다, 제가 잘못 이해했습니다. 사용자에게 메시지를 보내고, 그 메시지를 어떻게 처리하는지 알려주시겠어요?",0.1358728348471522,0.0285243484323831,0.0,0
사내 MDM 프로필 설치 실패,Short_History,2,2,3500,596,4096,17.811200484999972,"죄송합니다, 제가 잘못 이해했습니다. 사내 MDM 프로필 설치 실패는 여러 요인들이 있을 수 있으므로, 아래와 같이 명확하게 설명해주시면 감사하겠습니다.

---

**사내 MDM 프로필 설치 실패**

- **현황:** 
  - 사내 MDM 프로필 설치가 실패했음.
  - 현재 상태: MDM 프로필 설치가 실패함.

---

**결과**
- 사내 MDM 프로필 설치가 실패함.

---

**다음 단계: MDM 프로필 설치 재시작**

- **Step 1:** 
  - 사내 MDM 프로필 설치가 실패한 이유를 확인하시기 바랍니다.
  - 예를 들어, MDM 프로필이 이미 설치되어 있는 경우, 이를 제거하고 다시 설치하도록 권장드립니다.
  
- **Step 2:** 
  - MDM 프로필 설치가 실패한 이유를 파악하였습니다.
  - MDM 프로필이 이미 설치되어 있는 경우, 이를 제거하고 다시 설치하도록 권장드립니다.
  - MDM 프로필이 이미 설치되어 있지 않다면, MDM 프로필을 설치하기 전에 사내 QR 코드를 재스캔하여 MDM 프로필을 새로 설치하도록 권장드립니다.

---

**결과**
- MDM 프로필 설치가 실패함으로써, 사내 MDM 프로필을 재시작하고, MDM 프로필을 새로 설치하도록 권장드립니다.

---

**다음 단계: MDM 프로필 설치 재시작**

- **Step 3:** 
  - MDM 프로필을 재시작합니다.
  - MDM 프로필을 재시작하면, MDM 프로필이 설치되어 있는 상태로 돌아갑니다.

---

**결과**
- MDM 프로필 설치가 성공적으로 재시작되었습니다.

---

**다음 단계: MDM 프로필 설치 재시작**

- **Step 4:** 
  - MDM 프로필을 재시작합니다.
  - MDM 프로필을 재시작하면, MDM 프로필이 설치되어 있는 상태로 돌아갑니다.

---

**결과**
- MDM 프로필 설치가 성공적으로 재시작되었습니다.

---

**다음 단계: MDM 프로필 설치 재시작**

- **Step 5:** 
  - MDM 프로필을 재시작합니다.
  - MDM 프로필을 재시작하면, MDM 프로필이 설치되어 있는 상태로 돌아갑니다.

---

**결과**
- MDM 프로필 설치가 성공적으로 재시작되었습니다.

---

**다음 단계: MDM 프로필 설치 재시작**

- **Step 6:** 
  - MDM 프로필을 재시작합니다.
  - MDM 프로필을 재시작하면, MDM 프로필이 설치되어 있는 상태로 돌아갑니다.

---

**결과**
- MDM 프로필 설치가 성공적으로 재시작되었습니다.

---

**다음 단계: MDM 프로필 설치 재시작**

- **Step 7:** 
  - MDM 프로필을 재시작합니다.
  - MDM 프로필을 재시작하면, MDM 프로필이 설치되어 있는 상태로 돌아갑니다.

---

**결과**
- MDM 프로필 설치가 성공적으로 재시작되었습니다.

---

**다음 단계: MDM 프로필 설치 재시작**

- **Step 8:** 
  - MDM 프로필을 재시작합니다.
  - MDM 프로필을 재시작하면, MDM 프로필이 설치되어 있는 상태로 돌아갑니다.

---

**결과**
- MDM 프로필 설치가 성공적으로 재시작되었습니다.

---

**다음 단계: MDM 프로필 설치 재시작**

- **Step 9:** 
  - MDM 프로필을 재시작합니다.
  - MDM 프로필을 재시작하면, MDM 프로필이 설치되어 있는 상태로 돌아갑니다.

---

**결과**
- MDM 프로필 설치가 성공적으로 재시작되었습니다.

---

**다음 단계: MDM 프로필 설치 재시작**

- **Step 10:** 
  - MDM 프로필을 재시작합니다.
  - MDM 프로필을 재시작하면, MDM 프로필이 설치되어 있는 상태로 돌아갑니다.

---

**결과**
- MDM 프로필 설치가 성공적으로 재시작되었습니다.

---

**다음 단계: MDM 프로필 설치 재시작**

- **Step 11:** 
  - MDM 프로필을 재시작합니다.
  - MDM 프로필을 재시작하면, MDM 프로필이 설치되어 있는 상태로 돌아갑니다.

---

**결과**
- MDM 프로필 설치가 성공적으로 재시작되었습니다.

---

**다음 단계: MDM 프로필 설치 재시작**

- **Step 12:** 
  - MDM 프로필을 재시작합니다.
  - MDM 프로필을 재시작하면, MDM 프로필이 설치되어 있는 상태로 돌아갑니다.

---

**결과**
- MDM 프로필 설치가 성공적으로 재시작되었습니다.

---

**다음 단계: MDM 프로필 설치 재시작**

- **Step 13:** 
  - MDM 프로필을 재시작합니다.
  - MDM 프로필을 재시작하면, MDM 프로필이 설치되어 있는 상태로 돌아갑니다.

---

**결과**
- MDM 프로필 설치가 성공적으로 재시작되었습니다.

---

**다음 단계: MDM 프로필 설치 재시작**

- **Step 14:** 
  - MDM 프로필을 재시작합니다.
  - MDM 프로필을 재시작하면, MDM 프로필이 설치되어 있는 상태로 돌아갑니다.

---

**결과**
- MDM 프로필 설치가 성공적으로 재시작되었습니다.

---

**다음 단계: MDM 프로필 설치 재시작**

- **Step 15:** 
  - MDM 프로필을 재시작합니다.
  - MDM 프로필을 재시작하면, MDM 프로필이 설치되어 있는 상태로 돌아갑니다.

---

**결과**
- MDM 프로필 설치가 성공적으로 재시작되었습니다.

---

**다음 단계: MDM 프로필 설치 재시작**

- **Step 16:** 
  - MDM 프로필을 재시작합니다.
  - MDM 프로필을 재시작하면, MDM 프로필이 설치되어 있는 상태로 돌아갑니다.

---

**결과**
- MDM 프로필 설치가 성공적으로 재시작되었습니다.

---

**다음 단계: MDM 프로필 설치 재시작**

- **Step 17:** 
  - MDM 프로필을 재시작합니다.
  - MDM 프로필을 재시작하면, MDM 프로필이 설치되어 있는 상태로 돌아갑니다.

---

**결과**
- MDM 프로필 설치가 성공적으로 재시작되었습니다.

---

**다음 단계: MDM 프로필 설치 재시작**

- **Step 18:** 
  - MDM 프로필을 재시작합니다.
  - MDM 프로필을 재시작하면, MDM 프로필이 설치되어 있는 상태로 돌아갑니다.

---

**결과**
- MDM 프로필 설치가 성공적으로 재시작되었습니다.

---

**다음 단계: MDM 프로필 설치 재시작**

- **Step 19:** 
  - MDM 프로필을 재시작합니다.
  - MDM 프로필을 재시작하면, MDM 프로필이 설치되어 있는 상태로 돌아갑니다.

---

**결과**
- MDM 프로필 설치가 성공적으로 재시작되었습니다.

---

**다음 단계: MDM 프로필 설치 재시작**

- **Step 20:** 
  - MDM 프로필을 재시작합니다.
  - MDM 프로필을 재시작하면, MDM 프로필이 설치되어 있는 상태로 돌아갑니다.

---

**결과**
- MDM 프로필 설치가 성공적으로 재시작되었습니다.

---

**다음 단계: MDM 프로필 설치 재시작**

- **Step 21:** 
  - MDM 프로필을 재시작합니다.
  - MDM 프로필을 재시작하면, MDM 프로필이 설치되어 있는 상태로 돌아갑니다.

---

**결과**
- MDM 프로필 설치가 성공적으로 재시작되었습니다.

---

**다음 단계: MDM 프로필 설치 재시작**

- **Step 22:** 
  - MDM 프로필을 재시작합니다.
  - MDM 프로필을 재시작하면, MDM 프로필이 설치되어 있는 상태로 돌아갑니다.

---

**결과**
- MDM 프로필 설치가 성공적으로 재시작되었습니다.

---

**다음 단계: MDM 프로필 설치 재시작**

- **Step 23:** 
  - MDM 프로필을 재시작합니다.
  - MDM 프로필을 재시작하면, MDM 프로필이 설치되어 있는 상태로 돌아갑니다.

---

**결과**
- MDM 프로필 설치가 성공적으로 재시작되었습니다.

---

**다음 단계: MDM 프로필 설치 재시작**

- **Step 24:** 
  - MDM 프로필을 재시작합니다.
  - MDM 프로필을 재시작하면, MDM 프로필이 설치되어 있는 상태로 돌아갑니다.

---

**결과**
- MDM 프로필 설치가 성공적으로 재시작되었습니다.

---

**다음 단계: MDM 프로필 설치 재시작**

- **Step 25:** 
  - MDM 프로필을 재시작합니다.
  - MDM 프로필을 재시작하면, MDM 프로필이 설치되어 있는 상태로 돌아갑니다.

---

**결과**
- MDM 프로필 설치가 성공적으로 재시작되었습니다.

---

**다음 단계: MDM 프로필 설치 재시작**

- **Step 26:** 
  - MDM 프로필을 재시작합니다.
  - MDM 프로필을 재시작하면, MDM 프로필이 설치되어 있는 상태로 돌아갑니다.

---

**결과**
- MDM 프로필 설치가 성공적으로 재시작되었습니다.

---

**다음 단계: MDM 프로필 설치 재시작**

- **Step 27:** 
  - MDM 프로필을 재시작합니다.
  - MDM 프로필을 재시작하면, MDM 프로필이 설치되어 있는 상태로 돌아갑니다.

---

**결과**
- MDM 프로필 설치가 성공적으로 재시작되었습니다.

---

**다음 단계: MDM 프로필 설치 재시작**

- **Step 28:** 
  - MDM 프로필을 재시작합니다.
  - MDM 프로필을 재시작하면, MDM 프로필이 설치되어 있는 상태로 돌아갑니다.

---

**결과**
- MDM 프로필 설치가 성공적으로 재시작되었습니다.

---

**다음 단계: MDM 프로필 설치 재시작**

- **Step 29:** 
  - MDM 프로필을 재시작합니다.
  - MDM 프로필을 재시작하면, MDM 프로필이 설치되어 있는 상태로 돌아갑니다.

---

**결과**
- MDM 프로필 설치가 성공적으로 재시작되었습니다.

---

**다음 단계: MDM 프로필 설치 재시작**

- **Step 30:** 
  - MDM 프로필을 재시작합니다.
  - MDM 프로필을 재시작하면, MDM 프로필이 설치되어 있는 상태로 돌아갑니다.

---

**결과**
- MDM 프로필 설치가 성공적으로 재시작되었습니다.

---

**다음 단계: MDM 프로필 설치 재시작**

- **Step 31:** 
  - MDM 프로필을 재시작합니다.
  - MDM 프로필을 재시작하면, MDM 프로필이 설치되어 있는 상태로 돌아갑니다.

---

**결과**
- MDM 프로필 설치가 성공적으로 재시작되었습니다.

---

**다음 단계: MDM 프로필 설치 재시작**

- **Step 32:** 
  - MDM 프로필을 재시작합니다.
  - MDM 프로필을 재시작하면, MDM 프로필이 설치되어 있는 상태로 돌아갑니다.

---

**결과**
- MDM 프로필 설치가 성공적으로 재시작되었습니다.

---

**다음 단계: MDM 프로필 설치 재시작**

- **Step 33:** 
  - MDM 프로필을 재시작합니다.
  - MDM 프로필을 재시작하면, MDM 프로필이 설치되어 있는 상태로 돌아갑니다.

---

**결과**
- MDM 프로필 설치가 성공적으로 재시작되었습니다.

---

**다음 단계: MDM 프로필 설치 재시작**

- **Step 34:** 
  - MDM 프로필을 재시작합니다.
  - MDM 프로필을 재시작하면, MDM 프로필이 설치되어 있는 상태로 돌아갑니다.

---

**결과**
- MDM 프로필 설치가 성공적으로 재시작되었습니다.

---

**다음 단계: MDM 프로필 설치 재시작**

- **Step 35:** 
  - MDM 프로필을 재시작합니다.
  - MDM 프로필을 재시작하면, MDM 프로필이 설치되어 있는 상태로 돌아갑니다.

---

**결과**
- MDM 프로필 설치가 성공적으로 재시작되었습니다.

---

**다음 단계: MDM 프로필 설치 재시작**

- **Step 36:** 
  - MDM 프로필을 재시작합니다.
  - MDM 프로필을 재시작하면, MDM 프로필이 설치되어 있는 상태로 돌아갑니다.

---

**결과**
- MDM 프로필 설치가 성공적으로 재시작되었습니다.

---

**다음 단계: MDM 프로필 설치 재시작**

- **Step 37:** 
  - MDM 프로필을 재시작합니다.
  - MDM 프로필을 재시작하면, MDM 프로필이 설치되어 있는 상태로 돌아갑니다.

---

**결과**
- MDM 프로필 설치가 성공적으로 재시작되었습니다.

---

**다음 단계: MDM 프로필 설치 재시작**

- **Step 38:** 
  - MDM 프로필을 재시작합니다.
  - MDM 프로필을 재시작하면, MDM 프로필이 설치되어 있는 상태로 돌아갑니다.

---

**결과**
- MDM 프로필 설치가 성공적으로 재시작되었습니다.

---

**다음 단계: MDM 프로필 설치 재시작**

- **Step 39:** 
  - MDM 프로필을 재시작합니다.
  - MDM 프로필",,0.0252212260397121,0.0142348754448398,0
사내 MDM 프로필 설치 실패,Long_History,2,6,36,721,757,0.20488482700011446,"죄송합니다, 제가 잘못 이해했습니다. 사내 MDM 프로필 설치 실패는 어떤 이유로 발생했는지 알려주시면 도와드리겠습니다.",0.2173239312177728,0.1620958542185487,0.5,0
사내 MDM 프로필 설치 실패,Forced_JSON_Format,2,2,140,624,764,0.7279160379998757,"```json
{
  ""status"": ""success"",
  ""topic"": ""MDM 프로필 설치 실패"",
  ""solution_steps"": [
    {
      ""step"": ""iOS/Android 시스템에서 MDM 프로필 설치 파일을 삭제합니다."",
      ""description"": ""위와 같이 MDM 프로필 설치 파일을 삭제하면 MDM 프로필 설치가 완료됩니다.""
    },
    {
      ""step"": ""Visual Studio Code의 테마를 변경합니다."",
      ""description"": ""Visual Studio Code의 테마를 변경하면 메시지를 표시하지 않아도 됩니다.""
    }
  ]
}
```",0.2135891806390885,0.3251703353669906,0.4242424242424242,1
사내 MDM 프로필 설치 실패,Hallucination_Defense,3,2,41,603,644,0.2278953640002328,"죄송합니다, 제가 잘못 이해했습니다. 사용자에게 메시지를 보내는 방법과 관련된 정보를 제공해야 합니다. 무엇을 원하시는지 말씀해주시면 감사하겠습니다.",0.1680940780073807,0.0644150375076284,0.0,0
사내 MDM 프로필 설치 실패,Mixed_Stress_Test,6,6,79,900,979,0.4203491200000826,"```json
{
  ""step"": [
    {
      ""name"": ""Step 1"",
      ""description"": ""Visual Studio Code의 테마를 바꾸기""
    },
    {
      ""name"": ""Step 2"",
      ""description"": ""iOS 또는 Android 기기에 MDM 프로필 설치를 실패시키기""
    }
  ]
}
```",0.1732334750909434,0.178236100710655,0.1739130434782608,1
Node.js 사내 Nexus 사설 레지스트리 에러,Baseline,3,2,26,530,556,0.15263705699999264,"죄송합니다, 제가 잘못 이해했습니다. 사용자에게 도움이 필요하신다면 어떻게든 도와드리겠습니다.",0.1363156218669024,0.0144389438943894,0.0,0
Node.js 사내 Nexus 사설 레지스트리 에러,Context_Summarized,1,2,306,563,869,1.5642488309999862,"죄송합니다, 제가 잘못 이해했습니다. Node.js 사내 Nexus 사설 레지스트리 에러를 해결하기 위해서는 어떻게든 도움이 필요합니다. 

먼저, Node.js와 Nexus의 연결을 확인하시겠습니까? Nexus의 서버 URL과 Node.js의 서버 URL을 확인해 주시면 됩니다. 또한, Nexus의 인증 세션이 만료되었는지 확인해 주시면 됩니다. 

다음으로, Nexus의 인증 세션이 만료되었는지 확인해 주시면 됩니다. Nexus의 인증 세션이 만료되면, Node.js가 인증을 거부하여 에러를 발생시키게 됩니다. 따라서, Nexus의 인증 세션이 만료되어야 합니다.

이후, Node.js의 npm 설치를 실행하시면 됩니다. 만약 npm 설치 실패했을 경우, 다음 단계를 진행해주시면 됩니다. 

npm 설치 실패 시, 다음 단계를 진행해주시면 됩니다. 

이 외에도, Nexus의 인증 세션이 만료되었는지 확인하고, Node.js와 Nexus의 연결을 확인하는 등의 작업들을 진행해 주시면 됩니다. 

이 모든 작업을 완료하면, Node.js와 Nexus의 연결이 되었으니, 문제가 해결되었습니다. 혹시 더 자세한 도움이 필요하신다면, 언제든지 말씀해 주세요.",0.2153837222745465,0.1675394658096735,0.2564102564102564,0
Node.js 사내 Nexus 사설 레지스트리 에러,Max_Chunks,6,2,79,747,826,0.4208787780003149,"죄송합니다, 제가 잘못 이해했습니다. 사용자에게 정확한 정보를 제공하기 위해 필요한 정보를 제공하도록 노력하겠습니다. 

먼저, Node.js 사내 Nexus 사설 레지스트리에 문제가 있는 경우, 사내 보안 환경이나 로컬 설정에 따라 발생할 수 있습니다. 현재 상태를 알려주시면 감사하겠습니다.",0.3315842565774171,0.2287172293422185,0.4615384615384615,0
Node.js 사내 Nexus 사설 레지스트리 에러,High_Noise,4,2,260,684,944,1.3340142150000247,"죄송합니다, 제가 잘못 이해했습니다. 사용자에게 필요한 정보를 제공하기 위해 필요한 정보를 제공하도록 노력하겠습니다. 

먼저, 사내 동호회 지원금 신청은 매월 25일까지 총무팀으로 영수증을 첨부하여 제출하셔야 하며, 인당 최대 3만원까지 지원됩니다. 또한, npm 설치 시 401 Unauthorized 또는 403 Forbidden 에러가 발생하면 사내 사설 npm 저장소(Nexus)의 인증 세션이 만료되었기 때문입니다. 이를 해결하기 위해서는 npm login --registry=https://nexus.company.com 명령을 통해 사내 계정으로 다시 인증을 수행해야 합니다.

Visual Studio Code의 테마를 바꾸려면 Ctrl+K Ctrl+T를 차례대로 누른 뒤 원하는 색상 테마를 위아래 방향키로 선택하시면 됩니다. 또한, 사내 도서관은 본관 3층에 위치해 있으며, 1회 대출 시 최대 3권, 대출 기간은 14일이며 연장은 1회(7일) 가능합니다.",0.4373661644369729,0.3002446291289931,0.3076923076923077,0
Node.js 사내 Nexus 사설 레지스트리 에러,Ranking_Swapped,4,2,982,684,1666,4.98214774600001,"죄송합니다, 제가 잘못 이해했습니다. 사용자에게 직접적인 도움을 드릴 수 있는 방법을 알려주시면 감사하겠습니다. 

먼저, Node.js 사내 Nexus 사설 레지스트리를 어떻게 관리해야 하는지 알아보겠습니다. 다음은 기본적인 접근 방법입니다:

1. **Node.js 프로젝트 생성**:
   - Node.js 프로젝트를 생성하면, 필요한 파일과 디렉토리가 생성됩니다. 예를 들어, `package.json`, `public` 폴더 등이 생성됩니다.

2. **NPM 설치**:
   - NPM (Node Package Manager)를 설치합니다. `npm install` 명령어를 사용하여 설치합니다.

3. **npm login**:
   - NPM login를 통해 사내 계정으로 인증을 받습니다. `npm login --registry=https://nexus.company.com` 명령어를 사용하여 인증을 진행합니다.

4. **npm start**:
   - NPM start 명령어를 사용하여 Node.js 프로젝트를 시작합니다. 이 명령어는 `npm run start`와 같은 역할을 합니다.

5. **npm test**:
   - NPM test 명령어를 사용하여 Node.js 프로젝트의 모든 소스 코드를 검증합니다. 이 명령어는 `npm run test`와 같은 역할을 합니다.

6. **npm run build**:
   - NPM build 명령어를 사용하여 Node.js 프로젝트의 웹 애플리케이션 버그를 줄이고, 개발 환경을 만들 수 있습니다.

7. **npm run dev**:
   - NPM dev 명령어를 사용하여 Node.js 프로젝트의 웹 애플리케이션을 실행합니다. 이 명령어는 `npm run dev`와 같은 역할을 합니다.

8. **npm uninstall**:
   - NPM uninstall 명령어를 사용하여 사내 계정으로 인증을 취소합니다. 이 명령어는 `npm remove`와 같은 역할을 합니다.

9. **npm outdated**:
   - NPM outdated 명령어를 사용하여 사내 계정으로 인증을 확인합니다. 이 명령어는 `npm outdated`와 같은 역할을 합니다.

10. **npm audit fix**:
    - NPM audit fix 명령어를 사용하여 Node.js 프로젝트의 오류를 수정합니다. 이 명령어는 `npm audit`와 같은 역할을 합니다.

11. **npm audit end**:
    - NPM audit end 명령어를 사용하여 Node.js 프로젝트의 오류를 검토합니다. 이 명령어는 `npm audit`와 같은 역할을 합니다.

12. **npm run build**:
    - NPM run build 명령어를 사용하여 Node.js 프로젝트의 웹 애플리케이션 버그를 줄이고, 개발 환경을 만들 수 있습니다.

13. **npm run dev**:
    - NPM run dev 명령어를 사용하여 Node.js 프로젝트의 웹 애플리케이션을 실행합니다.

14. **npm run test**:
    - NPM run test 명령어를 사용하여 Node.js 프로젝트의 모든 소스 코드를 검증합니다. 이 명령어는 `npm run test`와 같은 역할을 합니다.

15. **npm run lint**:
    - NPM run lint 명령어를 사용하여 Node.js 프로젝트의 ESLint 스크립트를 검토합니다. 이 명령어는 `npm run lint`와 같은 역할을 합니다.

16. **npm run watch**:
    - NPM run watch 명령어를 사용하여 Node.js 프로젝트의 웹 애플리케이션을 개선합니다. 이 명령어는 `npm run watch`와 같은 역할을 합니다.

17. **npm run eject**:
    - NPM run eject 명령어를 사용하여 Node.js 프로젝트를 삭제합니다. 이 명령어는 `npm run eject`와 같은 역할을 합니다.

이러한 작업들을 모두 수행하면, Node.js 프로젝트를 완성하고, 서버를 실행할 수 있습니다. 만약 문제가 발생했을 경우, 사내 동호회 지원금을 신청하거나, 사내 도서관에 도움이 필요할 수 있습니다.",0.1930215922916333,0.0909267211931334,0.0648648648648648,0
Node.js 사내 Nexus 사설 레지스트리 에러,Short_History,2,2,26,582,608,0.15279896199990617,"죄송합니다, 제가 잘못 이해했습니다. 사용자에게 도움이 필요하신 경우 어떻게 도와드릴까요?",0.1342034899129482,0.0103906899418121,0.0,0
Node.js 사내 Nexus 사설 레지스트리 에러,Long_History,2,6,203,707,910,1.0459472810002808,"죄송합니다, 제가 잘못 이해했습니다. 다음은 수정된 답변입니다:

---

### 참고 문서
- npm 설치 시 401 Unauthorized 또는 403 Forbidden 에러가 나는 것은 사내 사설 npm 저장소(Nexus)의 인증 세션이 만료되었기 때문입니다. npm login --registry=https://nexus.company.com 명령을 통해 사내 계정으로 다시 인증을 수행해야 합니다.
- 사내 동호회 지원금 신청은 매월 25일까지 총무팀으로 영수증을 첨부하여 제출하셔야 하며, 인당 최대 3만원까지 지원됩니다.

### 사용자 질문
네, 지금 바로 따라 해보겠습니다. 구체적인 처리 순서나 명령어, 메뉴 경로를 일목요연하게 짚어주세요.

---

이렇게 작성해주시면 더 정확한 도움이 될 것 같습니다.",0.4658996564028396,0.3684890218076734,0.4615384615384615,0
Node.js 사내 Nexus 사설 레지스트리 에러,Forced_JSON_Format,2,2,214,610,824,1.0997881300004337,"```json
{
  ""status"": ""success"",
  ""topic"": ""Node.js 사내 Nexus 사설 레지스트리 에러 해결"",
  ""solution_steps"": [
    {
      ""step"": ""npm login --registry=https://nexus.company.com"",
      ""description"": ""사내 계정으로 다시 인증을 수행""
    },
    {
      ""step"": ""npm install 실행 시 401 Unauthorized 또는 403 Forbidden 에러가 나는 것은 사내 사설 npm 저장소(Nexus)의 인증 세션이 만료되었기 때문입니다."",
      ""description"": ""사내 사설 npm 저장소(Nexus)의 인증 세션이 만료되면, Node.js 프로젝트에서 이러한 에러를 해결하기 위해 다음 단계를 따르세요.""
    }
  ]
}
```

이렇게 작성하면, 사용자가 Node.js 사내 Nexus 사설 레지스트리 에러를 해결하는 데 도움이 될 것입니다.",0.770794787886796,0.7398364525298873,0.576271186440678,0
Node.js 사내 Nexus 사설 레지스트리 에러,Hallucination_Defense,3,2,196,613,809,1.0094158330002756,"죄송합니다, 제가 잘못 이해했습니다. 사용자에게 직접적인 도움을 드릴 수 있는 방법을 알려주시면 감사하겠습니다. 

먼저, 사용자에게 필요한 정보를 제공하는 것이 가장 먼저입니다. 예를 들어, 사용자는 어떤 문제를 겪고 계신가요? 어떤 도구나 서비스를 사용하시는가요? 어떤 문제가 발생했는가요?

다음으로, 사용자가 어떻게 도와드릴 수 있을까요? 예를 들어, 도움말을 제공하는 것, 문제 해결 방법을 알려주는 것 등이 필요합니다. 또한, 사용자가 어떤 작업을 수행하고 계신가요? 예를 들어, 코드 수정, 도서관 이용 등이 있으시다면, 이러한 작업을 어떻게 진행할 수 있을까요?

이러한 정보를 제공하면, 저는 사용자의 요구사항을 파악하고, 그에 맞는 해결책을 제안할 수 있습니다.",0.1676385882384194,0.0591576702307268,0.0,0
Node.js 사내 Nexus 사설 레지스트리 에러,Mixed_Stress_Test,6,6,152,886,1038,0.7874639490000845,"```json
{
  ""step"": [
    {
      ""name"": ""Step 1"",
      ""description"": ""Node.js 프로젝트를 시작하기 위해 필요한 자산을 확인합니다."",
      ""action"": ""npm init""
    },
    {
      ""name"": ""Step 2"",
      ""description"": ""NPM 설치를 위한 테마를 변경합니다."",
      ""action"": ""npm install""
    },
    {
      ""name"": ""Step 3"",
      ""description"": ""npm login --registry=https://nexus.company.com를 통해 사내 계정으로 인증을 진행합니다."",
      ""action"": ""npm login --registry=https://nexus.company.com""
    }
  ]
}
```",0.3758573375746555,0.2139848497285916,0.1923076923076923,1
Git Merge 충돌(Conflict) 발생 해결,Baseline,3,2,28,524,552,0.1643028060002507,"죄송합니다, 제가 잘못 이해했습니다. 사용자 질문에 대해 정확한 처리 방법을 알려주시면 감사하겠습니다.",0.1378447455726353,0.016260162601626,0.0,0
Git Merge 충돌(Conflict) 발생 해결,Context_Summarized,1,2,28,552,580,0.16194925199988575,"죄송합니다, 제가 잘못 이해했습니다. 사용자 질문에 대해 정확한 처리 방법을 알려주시면 감사하겠습니다.",0.1378447455726353,0.016260162601626,0.0,0
Git Merge 충돌(Conflict) 발생 해결,Max_Chunks,6,2,33,741,774,0.18800722299965855,"죄송합니다, 제가 잘못 이해했습니다. 사용자에게 필요한 정보를 제공하기 위해 더 자세한 정보를 제공해주시면 감사하겠습니다.",0.1320611253963292,0.0139220365950676,0.0,0
Git Merge 충돌(Conflict) 발생 해결,High_Noise,4,2,28,678,706,0.16419783399987864,"죄송합니다, 제가 잘못 이해했습니다. 사용자 질문에 대해 정확한 처리 방법을 알려주시면 감사하겠습니다.",0.1378447455726353,0.016260162601626,0.0,0
Git Merge 충돌(Conflict) 발생 해결,Ranking_Swapped,4,2,33,678,711,0.18859367999993992,"죄송합니다, 제가 잘못 이해했습니다. 사용자에게 필요한 정보를 제공하기 위해 더 자세한 정보를 제공해주시면 감사하겠습니다.",0.1320611253963292,0.0139220365950676,0.0,0
Git Merge 충돌(Conflict) 발생 해결,Short_History,2,2,28,576,604,0.16518386500001725,"죄송합니다, 제가 잘못 이해했습니다. 사용자 질문에 대해 정확한 처리 방법을 알려주시면 감사하겠습니다.",0.1378447455726353,0.016260162601626,0.0,0
Git Merge 충돌(Conflict) 발생 해결,Long_History,2,6,63,701,764,0.3422585450002771,"죄송합니다, 제가 잘못 이해했습니다. 사용자 질문에 대해 정확한 답변을 드리기 위해 필요한 정보를 제공해주시면 감사하겠습니다. 예를 들어, 어떤 작업을 진행하고 있는지, 어떤 도움이 필요하신지 등에 대해 말씀해 주세요.",0.1356954432914378,0.0217864923747276,0.0,0
Git Merge 충돌(Conflict) 발생 해결,Forced_JSON_Format,2,2,244,604,848,1.2522486580000987,"{
  ""status"": ""success"",
  ""topic"": ""Git Merge Conflict Resolution"",
  ""solution_steps"": [
    ""1. Open the file where you encountered a conflict."",
    ""2. Check if there are any conflicting files or directories in your working directory.""
    ""3. If conflicts exist, select them and open the corresponding files in the editor (e.g., Notepad).""
    ""4. Use the 'Ctrl + K' key combination to switch between the two editors.""
    ""5. Select the conflicted file(s) by clicking on it.""
    ""6. Press 'Ctrl + T' to switch back to the original editor.""
    ""7. In the editor, navigate to the line that contains the conflict markers (<<<<<<<< HEAD> and >>>>>>>>>>).</p>
    ""8. Click on the conflict marker to mark the lines with the same text.""
    ""9. Save the changes by pressing 'Ctrl + S'.""
    ""10. Push the changes to the remote repository using the command `git push origin <branch_name>`.""
    ""11. Verify that the conflict has been resolved by checking the status of the file again.""
  ]
}",0.7111374901014227,0.277572823846771,0.1264367816091954,0
Git Merge 충돌(Conflict) 발생 해결,Hallucination_Defense,3,2,38,603,641,0.21369105100029628,"죄송합니다, 제가 잘못 이해했습니다. 사용자에게 필요한 정보를 제공하기 위해 사용자 질문에 대해 더 자세한 정보를 제공해주시면 감사하겠습니다.",0.1794855468491457,0.0770121169304376,0.0,0
Git Merge 충돌(Conflict) 발생 해결,Mixed_Stress_Test,6,6,70,880,950,0.37768960600033097,"```json
{
  ""step"": [
    {
      ""name"": ""Step 1"",
      ""description"": ""Visual Studio Code의 테마를 바꾸기""
    },
    {
      ""name"": ""Step 2"",
      ""description"": ""git push를 통해 Conflict 발생 해결""
    }
  ]
}
```",0.3608340129450095,0.2009182002081159,0.2068965517241379,1
PostgreSQL 로컬 접속 타임아웃 오류,Baseline,3,2,30,529,559,0.17373145200008366,"죄송합니다, 제가 잘못 이해했습니다. 사용자에게 도움이 필요하신 부분이 있다면 말씀해주시면 감사하겠습니다.",0.130285658712523,0.0181598062953995,0.0,0
PostgreSQL 로컬 접속 타임아웃 오류,Context_Summarized,1,2,109,559,668,0.5705146340001193,"죄송합니다, 제가 잘못 이해했습니다. 아래와 같이 정확하게 답변해주시면 감사하겠습니다. 

---

**참고 문서**
- [참고 문서] PostgreSQL 로컬 접속 타임아웃 오류를 해결하기 위한 방법

**사용자 질문**
- 메시지가 하나 뜨긴다는 것을 정확히 알았지만, 정확한 처리 방법을 알려주시면 감사하겠습니다.

---

죄송합니다, 다시 한번 확인해 주시면 감사하겠습니다.",0.3786825669114756,0.1881042698977367,0.3333333333333333,0
PostgreSQL 로컬 접속 타임아웃 오류,Max_Chunks,6,2,32,746,778,0.183244760999969,"죄송합니다, 제가 잘못 이해했습니다. 사용자에게 정확한 메시지와 명령어를 제공해주시면 감사하겠습니다.",0.1283647652246328,0.016220600162206,0.0,0
PostgreSQL 로컬 접속 타임아웃 오류,High_Noise,4,2,33,683,716,0.18818635899970104,"죄송합니다, 제가 잘못 이해했습니다. 사용자에게 정확한 메시지를 제공하기 위해 필요한 정보를 제공해주시면 감사하겠습니다.",0.1289290834066642,0.0159108989657915,0.0,0
PostgreSQL 로컬 접속 타임아웃 오류,Ranking_Swapped,4,2,3413,683,4096,17.37687564800035,"죄송합니다, 제가 잘못 이해했습니다. 사용자에게 직접적인 도움을 드리기 위해 필요한 정보를 제공해주시면 감사하겠습니다. 

1. **다음 단계:** 
   - [참고 문서]에 있는 '사내 동호회 지원금 신청'과 관련된 정보를 확인하고, 필요에 따라 추가적인 지원을 받으시려면 어떻게 해야합니까?

2. **다음 단계:** 
   - [참고 문서]에 있는 'Visual Studio Code의 테마'와 관련된 정보를 확인하고, 어떤 테마를 사용하려면 어떻게 해야합니까?

3. **다음 단계:** 
   - [참고 문서]에 있는 '사내 도서관'과 관련된 정보를 확인하고, 어떤 도서관을 방문할 수 있는 방법을 어떻게 알 수 있을까요?

4. **다음 단계:** 
   - [참고 문서]에 있는 '로그인'과 관련된 정보를 확인하고, 로그인 시에는 어떤 정보를 입력해야합니까?

5. **다음 단계:** 
   - [참고 문서]에 있는 'postgresql.conf'와 관련된 정보를 확인하고, 어떤 설정을 변경해야합니까?

6. **다음 단계:** 
   - [참고 문서]에 있는 'pg_hba.conf'와 관련된 정보를 확인하고, 어떤 클라이언트 IP의 접근 권한을 설정해야합니까?

7. **다음 단계:** 
   - [참고 문서]에 있는 '다음 메뉴를 선택하면 연결할 수 있는 모든 클라이언트의 IP 주소를 표시할 수 있도록 설정해야합니까?

8. **다음 단계:** 
   - [참고 문서]에 있는 '다음 메뉴를 선택하면 특정 클라이언트의 IP 주소를 표시할 수 있도록 설정해야합니까?

9. **다음 단계:** 
   - [참고 문서]에 있는 '다음 메뉴를 선택하면 특정 클라이언트의 IP 주소를 표시할 수 있도록 설정해야합니까?

10. **다음 단계:** 
    - [참고 문서]에 있는 '다음 메뉴를 선택하면 특정 클라이언트의 IP 주소를 표시할 수 있도록 설정해야합니까?

11. **다음 단계:** 
    - [참고 문서]에 있는 '다음 메뉴를 선택하면 특정 클라이언트의 IP 주소를 표시할 수 있도록 설정해야합니까?

12. **다음 단계:** 
    - [참고 문서]에 있는 '다음 메뉴를 선택하면 특정 클라이언트의 IP 주소를 표시할 수 있도록 설정해야합니까?

13. **다음 단계:** 
    - [참고 문서]에 있는 '다음 메뉴를 선택하면 특정 클라이언트의 IP 주소를 표시할 수 있도록 설정해야합니까?

14. **다음 단계:** 
    - [참고 문서]에 있는 '다음 메뉴를 선택하면 특정 클라이언트의 IP 주소를 표시할 수 있도록 설정해야합니까?

15. **다음 단계:** 
    - [참고 문서]에 있는 '다음 메뉴를 선택하면 특정 클라이언트의 IP 주소를 표시할 수 있도록 설정해야합니까?

16. **다음 단계:** 
    - [참고 문서]에 있는 '다음 메뉴를 선택하면 특정 클라이언트의 IP 주소를 표시할 수 있도록 설정해야합니까?

17. **다음 단계:** 
    - [참고 문서]에 있는 '다음 메뉴를 선택하면 특정 클라이언트의 IP 주소를 표시할 수 있도록 설정해야합니까?

18. **다음 단계:** 
    - [참고 문서]에 있는 '다음 메뉴를 선택하면 특정 클라이언트의 IP 주소를 표시할 수 있도록 설정해야합니까?

19. **다음 단계:** 
    - [참고 문서]에 있는 '다음 메뉴를 선택하면 특정 클라이언트의 IP 주소를 표시할 수 있도록 설정해야합니까?

20. **다음 단계:** 
    - [참고 문서]에 있는 '다음 메뉴를 선택하면 특정 클라이언트의 IP 주소를 표시할 수 있도록 설정해야합니까?

21. **다음 단계:** 
    - [참고 문서]에 있는 '다음 메뉴를 선택하면 특정 클라이언트의 IP 주소를 표시할 수 있도록 설정해야합니까?

22. **다음 단계:** 
    - [참고 문서]에 있는 '다음 메뉴를 선택하면 특정 클라이언트의 IP 주소를 표시할 수 있도록 설정해야합니까?

23. **다음 단계:** 
    - [참고 문서]에 있는 '다음 메뉴를 선택하면 특정 클라이언트의 IP 주소를 표시할 수 있도록 설정해야합니까?

24. **다음 단계:** 
    - [참고 문서]에 있는 '다음 메뉴를 선택하면 특정 클라이언트의 IP 주소를 표시할 수 있도록 설정해야합니까?

25. **다음 단계:** 
    - [참고 문서]에 있는 '다음 메뉴를 선택하면 특정 클라이언트의 IP 주소를 표시할 수 있도록 설정해야합니까?

26. **다음 단계:** 
    - [참고 문서]에 있는 '다음 메뉴를 선택하면 특정 클라이언트의 IP 주소를 표시할 수 있도록 설정해야합니까?

27. **다음 단계:** 
    - [참고 문서]에 있는 '다음 메뉴를 선택하면 특정 클라이언트의 IP 주소를 표시할 수 있도록 설정해야합니까?

28. **다음 단계:** 
    - [참고 문서]에 있는 '다음 메뉴를 선택하면 특정 클라이언트의 IP 주소를 표시할 수 있도록 설정해야합니까?

29. **다음 단계:** 
    - [참고 문서]에 있는 '다음 메뉴를 선택하면 특정 클라이언트의 IP 주소를 표시할 수 있도록 설정해야합니까?

30. **다음 단계:** 
    - [참고 문서]에 있는 '다음 메뉴를 선택하면 특정 클라이언트의 IP 주소를 표시할 수 있도록 설정해야합니까?

31. **다음 단계:** 
    - [참고 문서]에 있는 '다음 메뉴를 선택하면 특정 클라이언트의 IP 주소를 표시할 수 있도록 설정해야합니까?

32. **다음 단계:** 
    - [참고 문서]에 있는 '다음 메뉴를 선택하면 특정 클라이언트의 IP 주소를 표시할 수 있도록 설정해야합니까?

33. **다음 단계:** 
    - [참고 문서]에 있는 '다음 메뉴를 선택하면 특정 클라이언트의 IP 주소를 표시할 수 있도록 설정해야합니까?

34. **다음 단계:** 
    - [참고 문서]에 있는 '다음 메뉴를 선택하면 특정 클라이언트의 IP 주소를 표시할 수 있도록 설정해야합니까?

35. **다음 단계:** 
    - [참고 문서]에 있는 '다음 메뉴를 선택하면 특정 클라이언트의 IP 주소를 표시할 수 있도록 설정해야합니까?

36. **다음 단계:** 
    - [참고 문서]에 있는 '다음 메뉴를 선택하면 특정 클라이언트의 IP 주소를 표시할 수 있도록 설정해야합니까?

37. **다음 단계:** 
    - [참고 문서]에 있는 '다음 메뉴를 선택하면 특정 클라이언트의 IP 주소를 표시할 수 있도록 설정해야합니까?

38. **다음 단계:** 
    - [참고 문서]에 있는 '다음 메뉴를 선택하면 특정 클라이언트의 IP 주소를 표시할 수 있도록 설정해야합니까?

39. **다음 단계:** 
    - [참고 문서]에 있는 '다음 메뉴를 선택하면 특정 클라이언트의 IP 주소를 표시할 수 있도록 설정해야합니까?

40. **다음 단계:** 
    - [참고 문서]에 있는 '다음 메뉴를 선택하면 특정 클라이언트의 IP 주소를 표시할 수 있도록 설정해야합니까?

41. **다음 단계:** 
    - [참고 문서]에 있는 '다음 메뉴를 선택하면 특정 클라이언트의 IP 주소를 표시할 수 있도록 설정해야합니까?

42. **다음 단계:** 
    - [참고 문서]에 있는 '다음 메뉴를 선택하면 특정 클라이언트의 IP 주소를 표시할 수 있도록 설정해야합니까?

43. **다음 단계:** 
    - [참고 문서]에 있는 '다음 메뉴를 선택하면 특정 클라이언트의 IP 주소를 표시할 수 있도록 설정해야합니까?

44. **다음 단계:** 
    - [참고 문서]에 있는 '다음 메뉴를 선택하면 특정 클라이언트의 IP 주소를 표시할 수 있도록 설정해야합니까?

45. **다음 단계:** 
    - [참고 문서]에 있는 '다음 메뉴를 선택하면 특정 클라이언트의 IP 주소를 표시할 수 있도록 설정해야합니까?

46. **다음 단계:** 
    - [참고 문서]에 있는 '다음 메뉴를 선택하면 특정 클라이언트의 IP 주소를 표시할 수 있도록 설정해야합니까?

47. **다음 단계:** 
    - [참고 문서]에 있는 '다음 메뉴를 선택하면 특정 클라이언트의 IP 주소를 표시할 수 있도록 설정해야합니까?

48. **다음 단계:** 
    - [참고 문서]에 있는 '다음 메뉴를 선택하면 특정 클라이언트의 IP 주소를 표시할 수 있도록 설정해야합니까?

49. **다음 단계:** 
    - [참고 문서]에 있는 '다음 메뉴를 선택하면 특정 클라이언트의 IP 주소를 표시할 수 있도록 설정해야합니까?

50. **다음 단계:** 
    - [참고 문서]에 있는 '다음 메뉴를 선택하면 특정 클라이언트의 IP 주소를 표시할 수 있도록 설정해야합니까?

51. **다음 단계:** 
    - [참고 문서]에 있는 '다음 메뉴를 선택하면 특정 클라이언트의 IP 주소를 표시할 수 있도록 설정해야합니까?

52. **다음 단계:** 
    - [참고 문서]에 있는 '다음 메뉴를 선택하면 특정 클라이언트의 IP 주소를 표시할 수 있도록 설정해야합니까?

53. **다음 단계:** 
    - [참고 문서]에 있는 '다음 메뉴를 선택하면 특정 클라이언트의 IP 주소를 표시할 수 있도록 설정해야합니까?

54. **다음 단계:** 
    - [참고 문서]에 있는 '다음 메뉴를 선택하면 특정 클라이언트의 IP 주소를 표시할 수 있도록 설정해야합니까?

55. **다음 단계:** 
    - [참고 문서]에 있는 '다음 메뉴를 선택하면 특정 클라이언트의 IP 주소를 표시할 수 있도록 설정해야합니까?

56. **다음 단계:** 
    - [참고 문서]에 있는 '다음 메뉴를 선택하면 특정 클라이언트의 IP 주소를 표시할 수 있도록 설정해야합니까?

57. **다음 단계:** 
    - [참고 문서]에 있는 '다음 메뉴를 선택하면 특정 클라이언트의 IP 주소를 표시할 수 있도록 설정해야합니까?

58. **다음 단계:** 
    - [참고 문서]에 있는 '다음 메뉴를 선택하면 특정 클라이언트의 IP 주소를 표시할 수 있도록 설정해야합니까?

59. **다음 단계:** 
    - [참고 문서]에 있는 '다음 메뉴를 선택하면 특정 클라이언트의 IP 주소를 표시할 수 있도록 설정해야합니까?

60. **다음 단계:** 
    - [참고 문서]에 있는 '다음 메뉴를 선택하면 특정 클라이언트의 IP 주소를 표시할 수 있도록 설정해야합니까?

61. **다음 단계:** 
    - [참고 문서]에 있는 '다음 메뉴를 선택하면 특정 클라이언트의 IP 주소를 표시할 수 있도록 설정해야합니까?

62. **다음 단계:** 
    - [참고 문서]에 있는 '다음 메뉴를 선택하면 특정 클라이언트의 IP 주소를 표시할 수 있도록 설정해야합니까?

63. **다음 단계:** 
    - [참고 문서]에 있는 '다음 메뉴를 선택하면 특정 클라이언트의 IP 주소를 표시할 수 있도록 설정해야합니까?

64. **다음 단계:** 
    - [참고 문서]에 있는 '다음 메뉴를 선택하면 특정 클라이언트의 IP 주소를 표시할 수 있도록 설정해야합니까?

65. **다음 단계:** 
    - [참고 문서]에 있는 '다음 메뉴를 선택하면 특정 클라이언트의 IP 주소를 표시할 수 있도록 설정해야합니까?

66. **다음 단계:** 
    - [참고 문서]에 있는 '다음 메뉴를 선택하면 특정 클라이언트의 IP 주소를 표시할 수 있도록 설정해야합니까?

67. **다음 단계:** 
    - [참고 문서]에 있는 '다음 메뉴를 선택하면 특정 클라이언트의 IP 주소를 표시할 수 있도록 설정해야합니까?

68. **다음 단계:** 
    - [참고 문서]에 있는 '다음 메뉴를 선택하면 특정 클라이언트의 IP 주소를 표시할 수 있도록 설정해야합니까?

69. **다음 단계:** 
    - [참고 문서]에 있는 '다음 메뉴를 선택하면 특정 클라이언트의 IP 주소를 표시할 수 있도록 설정해야합니까?

70. **다음 단계:** 
    - [참고 문서]에 있는 '다음 메뉴를 선택하면 특정 클라이언트의 IP 주소를 표시할 수 있도록 설정해야합니까?

71. **다음 단계:** 
    - [참고 문서]에 있는 '다음 메뉴를 선택하면 특정 클라이언트의 IP 주소를 표시할 수 있도록 설정해야합니까?

72. **다음 단계:** 
    - [참고 문서]에 있는 '다음 메뉴를 선택하면 특정 클라이언트의 IP 주소를 표시",,0.0171571713781695,0.0131578947368421,0
PostgreSQL 로컬 접속 타임아웃 오류,Short_History,2,2,30,581,611,0.1730894500001341,"죄송합니다, 제가 잘못 이해했습니다. 사용자에게 도움이 필요하신 부분이 있다면 말씀해주시면 감사하겠습니다.",0.130285658712523,0.0181598062953995,0.0,0
PostgreSQL 로컬 접속 타임아웃 오류,Long_History,2,6,30,706,736,0.1748694190000606,"죄송합니다, 제가 잘못 이해했습니다. 사용자에게 도움이 필요하신 부분이 있다면 말씀해주시면 감사하겠습니다.",0.130285658712523,0.0181598062953995,0.0,0
PostgreSQL 로컬 접속 타임아웃 오류,Forced_JSON_Format,2,2,256,609,865,1.3093494059999102,"```json
{
  ""status"": ""success"",
  ""topic"": ""정확한 처리 방법과 명령어"",
  ""solution_steps"": [
    {
      ""step"": ""1. PostgreSQL 데이터베이스에 접속하기 위해 연결할 IP 주소를 설정합니다."",
      ""description"": ""예를 들어, localhost 또는 '*'를 사용하여 연결할 IP 주소를 설정합니다.""
    },
    {
      ""step"": ""2. PostgreSQL 데이터베이스에 접속하기 위해 설정한 IP 주소와 암호를 확인합니다."",
      ""description"": ""pg_hba.conf 파일에 설정한 암호를 확인하고, 해당 클라이언트의 IP 주소와 암호가 할당되어 있는지 확인합니다.""
    },
    {
      ""step"": ""3. PostgreSQL 데이터베이스에 접속하기 위해 설정한 IP 주소와 암호를 사용하여 접속합니다."",
      ""description"": ""접속 시 사용한 IP 주소와 암호를 사용하여 접속합니다.""
    }
  ]
}
```

이렇게 작성하면, 사용자가 정확한 처리 방법과 명령어를 통해 문제를 해결할 수 있을 것입니다.",0.7402025982709013,0.3929897773947465,0.4081632653061224,0
PostgreSQL 로컬 접속 타임아웃 오류,Hallucination_Defense,3,2,37,607,644,0.20725914300010118,"죄송합니다, 제가 잘못 이해했습니다. 사용자에게 정확한 메시지를 제공하기 위해 필요한 정보를 제공해야 합니다. 무엇을 도와드릴까요?",0.1791603969606446,0.0867224722611068,0.0,0
PostgreSQL 로컬 접속 타임아웃 오류,Mixed_Stress_Test,6,6,153,885,1038,0.7966260739999598,"```json
{
  ""step"": [
    {
      ""name"": ""Step 1: 재부팅"",
      ""description"": ""다음 단계에서는 사내 동호회 지원금을 재부팅합니다.""
    },
    {
      ""name"": ""Step 2: Visual Studio Code 테마 변경"",
      ""description"": ""다음 단계에서는 Visual Studio Code의 테마를 바꾸기 위해 사용자에게 명령을 보내줍니다.""
    },
    {
      ""name"": ""Step 3: PostgreSQL 데이터베이스 연결"",
      ""description"": ""다음 단계에서는 PostgreSQL 데이터베이스에 접속하기 위한 명령을 실행합니다.""
    }
  ]
}
```",0.163053932810648,0.2675444265592291,0.1290322580645161,1
IntelliJ 라이선스 서버 인증 실패,Baseline,3,2,36,554,590,0.20398040600002787,"죄송합니다, 제가 잘못 이해했습니다. 사용자에게 필요한 정보를 제공하기 위해 필요한 정보를 제공하는 것이 중요합니다. 어떤 정보를 제공해야합니까?",0.1394999298653006,0.0190839694656488,0.0,0
IntelliJ 라이선스 서버 인증 실패,Context_Summarized,1,2,74,584,658,0.39548488399987036,"죄송합니다, 제가 잘못 이해했습니다. 사용자에게 필요한 정보를 제공하는 것은 중요하지만, 특정한 작업을 수행하는 방법을 명확하게 설명하는 것은 제 역할입니다. 사용자에게 필요한 정보를 제공하는 것은 중요하지만, 특정한 작업을 수행하는 방법을 명확하게 설명하는 것은 제 역할입니다.",0.1398306305990299,0.0221729490022172,0.0,0
IntelliJ 라이선스 서버 인증 실패,Max_Chunks,6,2,268,771,1039,1.3752068579997285,"죄송합니다, 제가 잘못 이해했습니다. 사용자에게 필요한 정보를 제공하기 위해 필요한 정보를 제공하도록 노력하겠습니다. 

1. **사내 라이선스 프록시 서버 주소 확인**:
   - 사내 라이선스 프록시 서버의 주소를 확인해 주세요. 이를 통해 인증 서버와 연결이 가능한지 확인하실 수 있습니다.

2. **Visual Studio Code 테마 변경**:
   - Visual Studio Code 테마를 변경하려면 Ctrl + K Ctrl + T를 사용하여 원하는 색상을 선택하고, 원하는 색상을 위아래 방향키로 선택하시면 됩니다.

3. **도서관 이용**:
   - 사내 도서관은 본관 3층에 위치하며, 1회 대출 시 최대 3권, 대출 기간은 14일이며 연장은 1회(7일) 가능합니다. 추가 안내사항은 사내 전체 임직원 공통 지침서의 파생 문서입니다.

4. **급식 장애**:
   - 사내 메신저 IT-Help 채널로 다이렉트 메시지를 발송해 주십시오.",0.3295371895777874,0.1133231366552925,0.0,0
IntelliJ 라이선스 서버 인증 실패,High_Noise,4,2,36,708,744,0.20401522400015892,"죄송합니다, 제가 잘못 이해했습니다. 사용자에게 필요한 정보를 제공하기 위해 필요한 정보를 제공하는 것이 중요합니다. 어떤 정보를 제공해야합니까?",0.1394999298653006,0.0190839694656488,0.0,0
IntelliJ 라이선스 서버 인증 실패,Ranking_Swapped,4,2,36,708,744,0.20309893200010265,"죄송합니다, 제가 잘못 이해했습니다. 사용자에게 필요한 정보를 제공하기 위해 필요한 정보를 제공하는 것이 중요합니다. 어떤 정보를 제공해야합니까?",0.1394999298653006,0.0190839694656488,0.0,0
IntelliJ 라이선스 서버 인증 실패,Short_History,2,2,47,606,653,0.25864352799999324,"죄송합니다, 제가 잘못 이해했습니다. 사용자에게 필요한 정보를 제공하기 위해 필요한 정보를 제공하는 것과 관련된 정보를 제공하지 않습니다. 다른 도움이 필요하시다면 언제든지 말씀해주세요.",0.1381406802636647,0.0284110204263671,0.0,0
IntelliJ 라이선스 서버 인증 실패,Long_History,2,6,36,731,767,0.20576518900043084,"죄송합니다, 제가 잘못 이해했습니다. 사용자 질문에 대해 정확한 답변을 드리기 위해 필요한 정보를 제공해주시면 감사하겠습니다.",0.1397800926308205,0.0173611111111111,0.0,0
IntelliJ 라이선스 서버 인증 실패,Forced_JSON_Format,2,2,133,634,767,0.692825515000095,"```json
{
  ""status"": ""success"",
  ""topic"": ""IntelliJ 라이선스 서버 인증 실패"",
  ""solution_steps"": [
    ""1. IntelliJ 라이선스 서버 인증 팝업이 뜨는 것을 확인했습니다."",
    ""2. 사내 라이선스 프록시 서버의 주소가 올바르게 입력되었습니다."",
    ""3. 사내 망 외부(재택)일 경우 반드시 VPN이 켜져 있어야 인증 서버와 통신이 가능합니다.""
  ]
}
```",0.788677488736128,0.5984798506745636,0.5384615384615384,1
IntelliJ 라이선스 서버 인증 실패,Hallucination_Defense,3,2,32,607,639,0.1829792170001383,"죄송합니다, 제가 잘못 이해했습니다. 사용자에게 필요한 정보를 제공하기 위해 어떤 명령어나 메뉴를 사용해야 할까요?",0.1747981705273019,0.0981931554191271,0.0,0
IntelliJ 라이선스 서버 인증 실패,Mixed_Stress_Test,6,6,92,910,1002,0.48762071200007995,"```json
{
  ""step"": [
    {
      ""name"": ""Step 1"",
      ""description"": ""사내 동호회 지원금 신청"",
      ""action"": ""Ctrl + K Ctrl + T""
    },
    {
      ""name"": ""Step 2"",
      ""description"": ""Visual Studio Code 테마 변경"",
      ""action"": ""Ctrl + K Ctrl + T""
    }
  ]
}
```",0.1535554299844597,0.1402247568371909,0.0666666666666666,1
Office 365 아웃룩 프로필 손상,Baseline,3,2,324,545,869,1.655825084999833,"네, 지금 바로 진행하겠습니다. 다음 단계는 프로필을 생성하기 위한 단계입니다. 

1. **프로필 생성**:
   - Outlook에서 '프로필을 열 수 없습니다'라는 메시지를 확인하고, 이를 해결하기 위해 '프로필 보기'를 클릭합니다.
   - 새 프로필을 생성하고 이메일 계정을 재연동해야 합니다.

2. **새 프로필 생성**:
   - 프로필을 생성하면, 프로필 이름과 비밀번호를 입력하고, 이메일 계정을 재연동합니다.

3. **새 프로필 저장**:
   - 프로필을 저장하면, 프로필 이름과 비밀번호를 확인하고, 이메일 계정을 재연동합니다.

4. **프로필 확인**:
   - 프로필을 확인하면, 프로필이 올바르게 생성되어 있는지 확인합니다.

5. **프로필 재생동**:
   - 프로필을 재생동하면, 프로필이 올바르게 재생동되고, 메시지가 다시 나타날 수 있습니다.

이러한 단계들을 모두 수행하면, Office 365 아웃룩 프로필 손상 현상을 해결할 수 있을 것입니다. 만약 문제가 계속 발생한다면, 사내 보안 환경이나 로컬 설정에 대해 더 자세히 알아보고, 필요한 경우 IT Support에 문의하시는 것을 권장드립니다.",0.3338993593554393,0.2334334158807213,0.2666666666666666,0
Office 365 아웃룩 프로필 손상,Context_Summarized,1,2,161,577,738,0.8338943160001691,"네, 지금 바로 따라해주세요. 

1. **Microsoft Outlook**에서 `Mail` 메뉴를 클릭합니다.
2. **프로필** 섹션을 클릭합니다.
3. **새 프로필**를 클릭합니다.
4. **프로필 이름**을 입력하고, 이메일 계정을 선택합니다.
5. **프로필 저장**를 클릭합니다.
6. **저장** 버튼을 클릭합니다.

이렇게 진행하면 Office 365 아웃룩 프로필 손상을 해결할 수 있을 것입니다. 만약 문제가 계속 발생한다면, 사내 보안 환경이나 로컬 설정에 대해 더 자세히 확인해 보시는 것도 좋을 것 같습니다.",0.3025523155956819,0.2417254734114937,0.25,0
Office 365 아웃룩 프로필 손상,Max_Chunks,6,2,385,762,1147,1.9662623100002747,"네, 지금 바로 따라해주세요. 

1. **Microsoft Outlook 실행 시 '프로필을 열 수 없습니다'라는 오류를 확인하기**:
   - 먼저, Microsoft Outlook 실행 시 '프로필을 열 수 없습니다'라는 오류를 확인하십시오. 이 오류는 프로필이 손상되어 있어야 합니다. 
   - 다음으로, `Mail(Microsoft Outlook)` 메뉴를 찾아 `프로필 보기`를 클릭하십시오. 이 메뉴에서는 프로필을 생성하고 이메일 계정을 재연동해야 합니다.

2. **Visual Studio Code의 테마 변경**:
   - Visual Studio Code의 테마를 바꾸려면 Ctrl + K Ctrl + T를 누르고 원하는 색상을 위아래 방향키로 선택하십시오.
   - 또한, 원하는 색상의 테마를 선택하면 됩니다.

3. **사내 도서관 관리**:
   - 사내 도서관은 본관 3층에 위치하며, 1회 대출 시 최대 3권, 대출 기간은 14일이며 연장은 1회(7일) 가능합니다.
   - 추가 안내사항: 본 가이드는 사내 전체 임직원 공통 지침서의 파생 문서입니다.

4. **급식 장애 발생 시 사내 메신저 IT-Help 채널로 다이렉트 메시지를 발송해 주십시오**:
   - 만약 사내 메신저 IT-Help 채널로 다이렉트 메시지를 발송해 주지 못했으므로, 이 경우 사내 메신저 IT-Help 채널로 직접 메시지를 발송해 주십시오.",0.3138520900200746,0.17523446096428,0.0526315789473684,0
Office 365 아웃룩 프로필 손상,High_Noise,4,2,255,699,954,1.309235467000235,"네, 지금 바로 따라해주세요. 

1. **Visual Studio Code의 테마 변경**:
   - Ctrl + K Ctrl + T를 누르고, 원하는 색상 테마를 위아래 방향키로 선택합니다.

2. **Microsoft Outlook 프로필 생성 및 이메일 계정 재연동**:
   - Outlook 실행 시 '프로필을 열 수 없습니다'라는 메시지를 확인하면, 이메일 계정을 재연동해야 합니다.
   - 새 프로필을 생성하고 이메일 계정을 재연동합니다.

3. **사내 도서관 관리**:
   - 사내 도서관은 본관 3층에 위치해 있으며, 1회 대출 시 최대 3권, 대출 기간은 14일이며 연장은 1회(7일) 가능합니다.
   - 대출 시에는 최대 3권을 대출할 수 있으며, 연장은 1회(7일) 가능합니다.

이러한 방법들을 따르면, Office 365 아웃룩 프로필 손상 문제를 해결할 수 있을 것입니다.",0.365095119115317,0.3118498909040635,0.1379310344827586,0
Office 365 아웃룩 프로필 손상,Ranking_Swapped,4,2,38,699,737,0.2135342159999709,"죄송합니다, 제가 잘못 이해했습니다. 사용자에게 메시지를 보내고, 그 메시지를 확인하고 다시 보내는 과정을 설명해주시겠어요?",0.1262384880249652,0.0258861372844533,0.0,0
Office 365 아웃룩 프로필 손상,Short_History,2,2,214,597,811,1.0990990499999498,"네, 지금 바로 따라해주세요. 

1. **Microsoft Outlook**에서 `프로필을 열 수 없습니다`라는 메시지를 확인하시면, 해당 프로필을 삭제하고 새로운 프로필을 생성합니다. 
   - **Step 1:** Outlook > 프로필 > 프로필 삭제 (Windows) 또는 Outlook > 프로필 > 프로필 삭제 (Mac)
   - **Step 2:** 새 프로필을 생성하고 이메일 계정을 재연동합니다. 

2. **사내 동호회 지원금 신청**:
   - **Step 1:** 매월 25일까지 총무팀으로 영수증을 첨부하여 제출합니다.
   - **Step 2:** 인당 최대 3만원까지 지원합니다.

마지막으로, 메시지가 하나 뜨는 것을 확인하신 후, 그 메시지에 대해 더 자세한 정보를 제공해주시면 감사하겠습니다.",0.3625816260862309,0.1513651783450507,0.0869565217391304,0
Office 365 아웃룩 프로필 손상,Long_History,2,6,3374,722,4096,17.183605598000213,"죄송합니다, 제가 잘못 이해했습니다. 사내 IT 기술 지원(Helpdesk) 전문가로서, 사용자의 문제를 신속하고 정확하게 해결하는 것이 가장 중요합니다. 

1. **사내 망에 대한 문제**:
   - 사내 망에 문제가 발생했음을 확인하였습니다. 
   - 사내 망에 문제가 발생한 이유는 Office 365 아웃룩 프로필 손상 때문이라고 판단하였습니다.

2. **사내 망에 대한 해결방법**:
   - 사내 망에 문제가 발생한 이유는 Office 365 아웃룩 프로필 손상 때문이라고 판단하였습니다.
   - 사내 망에 문제가 발생한 이유는 Office 365 아웃룩 프로필 손상 때문이라고 판단하였습니다.
   - 사내 망에 문제가 발생한 이유는 Office 365 아웃룩 프로필 손상 때문이라고 판단하였습니다.
   - 사내 망에 문제가 발생한 이유는 Office 365 아웃룩 프로필 손상 때문이라고 판단하였습니다.
   - 사내 망에 문제가 발생한 이유는 Office 365 아웃룩 프로필 손상 때문이라고 판단하였습니다.
   - 사내 망에 문제가 발생한 이유는 Office 365 아웃룩 프로필 손상 때문이라고 판단하였습니다.
   - 사내 망에 문제가 발생한 이유는 Office 365 아웃룩 프로필 손상 때문이라고 판단하였습니다.
   - 사내 망에 문제가 발생한 이유는 Office 365 아웃룩 프로필 손상 때문이라고 판단하였습니다.
   - 사내 망에 문제가 발생한 이유는 Office 365 아웃룩 프로필 손상 때문이라고 판단하였습니다.
   - 사내 망에 문제가 발생한 이유는 Office 365 아웃룩 프로필 손상 때문이라고 판단하였습니다.
   - 사내 망에 문제가 발생한 이유는 Office 365 아웃룩 프로필 손상 때문이라고 판단하였습니다.
   - 사내 망에 문제가 발생한 이유는 Office 365 아웃룩 프로필 손상 때문이라고 판단하였습니다.
   - 사내 망에 문제가 발생한 이유는 Office 365 아웃룩 프로필 손상 때문이라고 판단하였습니다.
   - 사내 망에 문제가 발생한 이유는 Office 365 아웃룩 프로필 손상 때문이라고 판단하였습니다.
   - 사내 망에 문제가 발생한 이유는 Office 365 아웃룩 프로필 손상 때문이라고 판단하였습니다.
   - 사내 망에 문제가 발생한 이유는 Office 365 아웃룩 프로필 손상 때문이라고 판단하였습니다.
   - 사내 망에 문제가 발생한 이유는 Office 365 아웃룩 프로필 손상 때문이라고 판단하였습니다.
   - 사내 망에 문제가 발생한 이유는 Office 365 아웃룩 프로필 손상 때문이라고 판단하였습니다.
   - 사내 망에 문제가 발생한 이유는 Office 365 아웃룩 프로필 손상 때문이라고 판단하였습니다.
   - 사내 망에 문제가 발생한 이유는 Office 365 아웃룩 프로필 손상 때문이라고 판단하였습니다.
   - 사내 망에 문제가 발생한 이유는 Office 365 아웃룩 프로필 손상 때문이라고 판단하였습니다.
   - 사내 망에 문제가 발생한 이유는 Office 365 아웃룩 프로필 손상 때문이라고 판단하였습니다.
   - 사내 망에 문제가 발생한 이유는 Office 365 아웃룩 프로필 손상 때문이라고 판단하였습니다.
   - 사내 망에 문제가 발생한 이유는 Office 365 아웃룩 프로필 손상 때문이라고 판단하였습니다.
   - 사내 망에 문제가 발생한 이유는 Office 365 아웃룩 프로필 손상 때문이라고 판단하였습니다.
   - 사내 망에 문제가 발생한 이유는 Office 365 아웃룩 프로필 손상 때문이라고 판단하였습니다.
   - 사내 망에 문제가 발생한 이유는 Office 365 아웃룩 프로필 손상 때문이라고 판단하였습니다.
   - 사내 망에 문제가 발생한 이유는 Office 365 아웃룩 프로필 손상 때문이라고 판단하였습니다.
   - 사내 망에 문제가 발생한 이유는 Office 365 아웃룩 프로필 손상 때문이라고 판단하였습니다.
   - 사내 망에 문제가 발생한 이유는 Office 365 아웃룩 프로필 손상 때문이라고 판단하였습니다.
   - 사내 망에 문제가 발생한 이유는 Office 365 아웃룩 프로필 손상 때문이라고 판단하였습니다.
   - 사내 망에 문제가 발생한 이유는 Office 365 아웃룩 프로필 손상 때문이라고 판단하였습니다.
   - 사내 망에 문제가 발생한 이유는 Office 365 아웃룩 프로필 손상 때문이라고 판단하였습니다.
   - 사내 망에 문제가 발생한 이유는 Office 365 아웃룩 프로필 손상 때문이라고 판단하였습니다.
   - 사내 망에 문제가 발생한 이유는 Office 365 아웃룩 프로필 손상 때문이라고 판단하였습니다.
   - 사내 망에 문제가 발생한 이유는 Office 365 아웃룩 프로필 손상 때문이라고 판단하였습니다.
   - 사내 망에 문제가 발생한 이유는 Office 365 아웃룩 프로필 손상 때문이라고 판단하였습니다.
   - 사내 망에 문제가 발생한 이유는 Office 365 아웃룩 프로필 손상 때문이라고 판단하였습니다.
   - 사내 망에 문제가 발생한 이유는 Office 365 아웃룩 프로필 손상 때문이라고 판단하였습니다.
   - 사내 망에 문제가 발생한 이유는 Office 365 아웃룩 프로필 손상 때문이라고 판단하였습니다.
   - 사내 망에 문제가 발생한 이유는 Office 365 아웃룩 프로필 손상 때문이라고 판단하였습니다.
   - 사내 망에 문제가 발생한 이유는 Office 365 아웃룩 프로필 손상 때문이라고 판단하였습니다.
   - 사내 망에 문제가 발생한 이유는 Office 365 아웃룩 프로필 손상 때문이라고 판단하였습니다.
   - 사내 망에 문제가 발생한 이유는 Office 365 아웃룩 프로필 손상 때문이라고 판단하였습니다.
   - 사내 망에 문제가 발생한 이유는 Office 365 아웃룩 프로필 손상 때문이라고 판단하였습니다.
   - 사내 망에 문제가 발생한 이유는 Office 365 아웃룩 프로필 손상 때문이라고 판단하였습니다.
   - 사내 망에 문제가 발생한 이유는 Office 365 아웃룩 프로필 손상 때문이라고 판단하였습니다.
   - 사내 망에 문제가 발생한 이유는 Office 365 아웃룩 프로필 손상 때문이라고 판단하였습니다.
   - 사내 망에 문제가 발생한 이유는 Office 365 아웃룩 프로필 손상 때문이라고 판단하였습니다.
   - 사내 망에 문제가 발생한 이유는 Office 365 아웃룩 프로필 손상 때문이라고 판단하였습니다.
   - 사내 망에 문제가 발생한 이유는 Office 365 아웃룩 프로필 손상 때문이라고 판단하였습니다.
   - 사내 망에 문제가 발생한 이유는 Office 365 아웃룩 프로필 손상 때문이라고 판단하였습니다.
   - 사내 망에 문제가 발생한 이유는 Office 365 아웃룩 프로필 손상 때문이라고 판단하였습니다.
   - 사내 망에 문제가 발생한 이유는 Office 365 아웃룩 프로필 손상 때문이라고 판단하였습니다.
   - 사내 망에 문제가 발생한 이유는 Office 365 아웃룩 프로필 손상 때문이라고 판단하였습니다.
   - 사내 망에 문제가 발생한 이유는 Office 365 아웃룩 프로필 손상 때문이라고 판단하였습니다.
   - 사내 망에 문제가 발생한 이유는 Office 365 아웃룩 프로필 손상 때문이라고 판단하였습니다.
   - 사내 망에 문제가 발생한 이유는 Office 365 아웃룩 프로필 손상 때문이라고 판단하였습니다.
   - 사내 망에 문제가 발생한 이유는 Office 365 아웃룩 프로필 손상 때문이라고 판단하였습니다.
   - 사내 망에 문제가 발생한 이유는 Office 365 아웃룩 프로필 손상 때문이라고 판단하였습니다.
   - 사내 망에 문제가 발생한 이유는 Office 365 아웃룩 프로필 손상 때문이라고 판단하였습니다.
   - 사내 망에 문제가 발생한 이유는 Office 365 아웃룩 프로필 손상 때문이라고 판단하였습니다.
   - 사내 망에 문제가 발생한 이유는 Office 365 아웃룩 프로필 손상 때문이라고 판단하였습니다.
   - 사내 망에 문제가 발생한 이유는 Office 365 아웃룩 프로필 손상 때문이라고 판단하였습니다.
   - 사내 망에 문제가 발생한 이유는 Office 365 아웃룩 프로필 손상 때문이라고 판단하였습니다.
   - 사내 망에 문제가 발생한 이유는 Office 365 아웃룩 프로필 손상 때문이라고 판단하였습니다.
   - 사내 망에 문제가 발생한 이유는 Office 365 아웃룩 프로필 손상 때문이라고 판단하였습니다.
   - 사내 망에 문제가 발생한 이유는 Office 365 아웃룩 프로필 손상 때문이라고 판단하였습니다.
   - 사내 망에 문제가 발생한 이유는 Office 365 아웃룩 프로필 손상 때문이라고 판단하였습니다.
   - 사내 망에 문제가 발생한 이유는 Office 365 아웃룩 프로필 손상 때문이라고 판단하였습니다.
   - 사내 망에 문제가 발생한 이유는 Office 365 아웃룩 프로필 손상 때문이라고 판단하였습니다.
   - 사내 망에 문제가 발생한 이유는 Office 365 아웃룩 프로필 손상 때문이라고 판단하였습니다.
   - 사내 망에 문제가 발생한 이유는 Office 365 아웃룩 프로필 손상 때문이라고 판단하였습니다.
   - 사내 망에 문제가 발생한 이유는 Office 365 아웃룩 프로필 손상 때문이라고 판단하였습니다.
   - 사내 망에 문제가 발생한 이유는 Office 365 아웃룩 프로필 손상 때문이라고 판단하였습니다.
   - 사내 망에 문제가 발생한 이유는 Office 365 아웃룩 프로필 손상 때문이라고 판단하였습니다.
   - 사내 망에 문제가 발생한 이유는 Office 365 아웃룩 프로필 손상 때문이라고 판단하였습니다.
   - 사내 망에 문제가 발생한 이유는 Office 365 아웃룩 프로필 손상 때문이라고 판단하였습니다.
   - 사내 망에 문제가 발생한 이유는 Office 365 아웃룩 프로필 손상 때문이라고 판단하였습니다.
   - 사내 망에 문제가 발생한 이유는 Office 365 아웃룩 프로필 손상 때문이라고 판단하였습니다.
   - 사내 망에 문제가 발생한 이유는 Office 365 아웃룩 프로필 손상 때문이라고 판단하였습니다.
   - 사내 망에 문제가 발생한 이유는 Office 365 아웃룩 프로필 손상 때문이라고 판단하였습니다.
   - 사내 망에 문제가 발생한 이유는 Office 365 아웃룩 프로필 손상 때문이라고 판단하였습니다.
   - 사내 망에 문제가 발생한 이유는 Office 365 아웃룩 프로필 손상 때문이라고 판단하였습니다.
   - 사내 망에 문제가 발생한 이유는 Office 365 아웃룩 프로필 손상 때문이라고 판단하였습니다.
   - 사내 망에 문제가 발생한 이유는 Office 365 아웃룩 프로필 손상 때문이라고 판단하였습니다.
   - 사내 망에 문제가 발생한 이유는 Office 365 아웃룩 프로필 손상 때문이라고 판단하였습니다.
   - 사내 망에 문제가 발생한 이유는 Office 365 아웃룩 프로필 손상 때문이라고 판단하였습니다.
   - 사내 망에 문제가 발생한 이유는 Office 365 아웃룩 프로필 손상 때문이라고 판단하였습니다.
   - 사내 망에 문제가 발생한 이유는 Office 365 아웃룩 프로필 손상 때문이라고 판단하였습니다.
   - 사내 망에 문제가 발생한 이유는 Office 365 아웃룩 프로필 손상 때문이라고 판단하였습니다.
   - 사내 망에 문제가 발생한 이유는 Office 365 아웃룩 프로필 손상 때문이라고 판단하였습니다.
   - 사내 망에 문제가 발생한 이유는 Office 365 아웃룩 프로필 손상 때문이라고 판단하였습니다.
   - 사내 망에 문제가 발생한 이유는 Office 365 아웃룩 프로필 손상 때문이라고 판단하였습니다.
   - 사내 망에 문제가 발생한 이유는 Office 365 아웃룩 프로필 손상 때문이라고 판단하였습니다.
   - 사내 망에 문제가 발생한 이유는 Office 365 아웃룩 프로필 손상 때문이라고 판단하였습니다.
   - 사내 망에 문제가 발생한 이유는 Office 365 아웃룩 프로필 손상 때문이라고 판단하였습니다.
   - 사내 망에 문제가 발생한 이유는 Office 365 아웃룩 프로필 손상 때문이라고 판단하였습니다.
   - 사내 망에 문제가 발생한 이유는 Office 365 아웃룩 프로필 손상 때문이라고 판단하였습니다.
   - 사내 망에 문제가 발생한 이유는 Office 365 아웃룩 프로필 손상 때문이라고 판단하였습니다.
   - 사내 망에 문제가 발생한 이유는 Office 365 아웃룩 프로필 손상 때문이라고 판단하였습니다.
   - 사내 망에 문제가 발생한 이유는 Office 365 아웃룩 프로필 손상 때문이라고 판단하였습니다.
   - 사내 망에 문제가 발생한 이유는 Office 365 아웃룩 프로필 손상 때문이라고 판단하였습니다.
   - 사내 망에 문제가 발생한 이유는 Office 365 아웃룩 프로필 손상 때문이라고 판단하였습니다.
   - 사내 망에 문제가 발생한 이유는 Office 365 아웃룩 프로필 손상 때문이라고 판단하였습니다.
   - 사내",,0.0210223812352052,0.0180995475113122,0
Office 365 아웃룩 프로필 손상,Forced_JSON_Format,2,2,270,625,895,1.3809825809998983,"```json
{
  ""status"": ""success"",
  ""topic"": ""Office 365 아웃룩 프로필 손상 현상 해결"",
  ""solution_steps"": [
    {
      ""step"": ""1. Outlook 실행 시 '프로필을 열 수 없습니다'라는 메시지를 확인합니다."",
      ""description"": ""이 메시지는 Office 365 프로필을 관리할 수 있는 메뉴가 없음을 나타냅니다.""
    },
    {
      ""step"": ""2. '프로필을 열 수 없습니다' 메시지로 이동합니다."",
      ""description"": ""Microsoft Outlook 프로그램에서 '프로필을 열 수 없습니다' 메시지로 이동합니다.""
    },
    {
      ""step"": ""3. 새 프로필을 생성합니다."",
      ""description"": ""새 프로필을 생성합니다.""
    },
    {
      ""step"": ""4. 이메일 계정 재연동합니다."",
      ""description"": ""이메일 계정을 재연동합니다.""
    }
  ]
}
```

이러한 명령어와 메뉴 경로를 통해 Office 365 아웃룩 프로필 손상 현상을 해결하는데 도움이 될 것입니다.",0.546444494182246,0.4422629879578038,0.4390243902439024,0
Office 365 아웃룩 프로필 손상,Hallucination_Defense,3,2,37,611,648,0.2081460720000905,"죄송합니다, 제가 잘못 이해했습니다. 사용자에게 정확한 메시지를 제공하기 위해 필요한 정보를 제공해야 합니다. 무엇을 도와드릴까요?",0.1791603969606446,0.0867224722611068,0.0,0
Office 365 아웃룩 프로필 손상,Mixed_Stress_Test,6,6,139,901,1040,0.7240023999997902,"```json
{
  ""step"": [
    {
      ""name"": ""Step 1"",
      ""description"": ""Visual Studio Code의 테마를 바꾸기"",
      ""action"": ""Ctrl + K Ctrl + T""
    },
    {
      ""name"": ""Step 2"",
      ""description"": ""Outlook 실행 시 '프로필을 열 수 없습니다'라는 오류를 해결하기"",
      ""action"": ""Mail(Microsoft Outlook) 메뉴로 들어가 '프로필 보기'를 선택한 후, 새 프로필을 생성하고 이메일 계정을 재연동해야 합니다.""
    }
  ]
}
```",0.3049060619867639,0.28394016231161,0.125,1
Adobe CC 폰트 동기화 무한 대기,Baseline,3,2,324,539,863,1.6546715159997802,"먼저, Adobe CC 폰트 동기화가 진행되지 않고 무한 대기를 겪고 있는 것은 당장 Adobe Desktop Service 프로세스의 엉킴 문제일 것입니다. 이 문제를 해결하기 위해 다음 단계를 따르세요:

1. **Adobe Desktop Service 프로세스를 강제 종료**:
   - Adobe Desktop Service 프로세스를 강제 종료하려면, Adobe Desktop Service 프로세스를 시작한 후에 종료하는 버튼을 클릭합니다. 이 버튼은 ""Start""으로 표시됩니다.
   
2. **%AppData%\Adobe\CoreSync 폴더 내부의 임시 파일을 삭제**:
   - Adobe Core Sync 폴더 내부의 임시 파일을 삭제하려면, 해당 폴더의 디렉토리를 열고, ""Delete"" 또는 ""Remove"" 버튼을 클릭합니다. 이 버튼은 ""Delete Folder"" 또는 ""Remove Folder""로 표시됩니다.
   
3. **재실행**:
   - 이제 모든 작업을 다시 실행하려면, Adobe Core Sync 폴더를 열고, ""Run"" 또는 ""Reboot"" 버튼을 클릭합니다. 이 버튼은 ""Run"" 또는 ""Restart""로 표시됩니다.
   
이러한 단계들을 모두 수행하면, Adobe CC 폰트 동기화가 완전히 해결될 것입니다. 만약 문제가 계속 발생한다면, Adobe Support Team에게 문의하시는 것이 좋습니다.",0.4563505148789715,0.2457017045134805,0.1999999999999999,0
Adobe CC 폰트 동기화 무한 대기,Context_Summarized,1,2,160,568,728,0.8282396219997281,"먼저, Adobe CC 폰트 동기화가 진행되지 않고 무한 대기가 발생하는 이유를 확인해 주세요. 이 경우, Adobe Desktop Service 프로세스가 문제가 발생했음을 알리는 메시지를 확인하시면 됩니다. 

다음으로, Adobe Desktop Service 프로세스를 강제 종료한 후, %AppData%\Adobe\CoreSync 폴더 내부의 임시 파일을 삭제하고 재실행해야 합니다. 이 과정을 수행하면 폰트 동기화가 완료되고 다시 실행될 수 있습니다.

이러한 작업을 수행하시면, 폰트 동기화가 완료되며, 무한 대기 현상을 해결할 수 있을 것입니다.",0.2355798538273421,0.3714628355012964,0.5263157894736842,0
Adobe CC 폰트 동기화 무한 대기,Max_Chunks,6,2,409,756,1165,2.0861209950003285,"죄송합니다, 제가 잘못 이해했습니다. 사용자에게 필요한 정보를 제공하기 위해 필요한 정보를 제공하도록 노력하겠습니다. 

1. **Adobe CC 폰트 동기화 오류:** 
   - Adobe CC에서 폰트 동기화가 진행되지 않고 무한 대기를 겪고 있는 경우, Adobe Desktop Service 프로세스의 엉킴 문제가 발생합니다. 
   - Adobe Desktop Service 프로세스를 강제 종료한 후, %AppData%\Adobe\CoreSync 폴더 내부의 임시 파일을 삭제하고 재실행해야 합니다.

2. **사내 동호회 지원금 신청:** 
   - 사내 동호회 지원금 신청은 매월 25일까지 총무팀으로 영수증을 첨부하여 제출해야 합니다. 
   - 사내 동호회 지원금은 매년 3만원까지 지원됩니다.

3. **Visual Studio Code 테마 변경:** 
   - Visual Studio Code의 테마를 바꿀 수 있습니다. Ctrl + K Ctrl + T를 누르고 원하는 색상 테마를 위아래 방향키로 선택하면 됩니다.
   
4. **사내 도서관:** 
   - 사내 도서관은 본관 3층에 위치하며, 1회 대출 시 최대 3권, 대출 기간은 14일이며 연장은 1회(7일) 가능합니다.
   
5. **additional 안내사항:** 
   - 본 가이드는 사내 전체 임직원 공통 지침서의 파생 문서입니다.
   - 긴급 장애 발생 시 사내 메신저 IT-Help 채널로 다이렉트 메시지를 발송해 주십시오.

이러한 정보를 사용하여 사용자에게 필요한 정보를 제공하겠습니다.",0.2968340733510149,0.2500931219954365,0.2127659574468084,0
Adobe CC 폰트 동기화 무한 대기,High_Noise,4,2,70,693,763,0.3747443329998532,"죄송합니다, 제가 잘못 이해했습니다. 사용자에게 필요한 정보를 제공하기 위해 사용자 질문에 대해 더 자세히 설명해주시겠어요? 예를 들어, 어떤 문제를 해결하려고 하는지, 어떤 작업을 수행했는지 등에 대한 추가 정보를 제공해 주시면 감사하겠습니다.",0.1281302310528162,0.0338815212474013,0.0,0
Adobe CC 폰트 동기화 무한 대기,Ranking_Swapped,4,2,128,693,821,0.6686045880001075,"1. **Visual Studio Code의 테마 변경**
   - Ctrl + K Ctrl + T를 누르고 원하는 색상을 선택하세요.
   
2. **Adobe Creative Cloud 폰트 동기화**
   - Adobe Desktop Service 프로세스를 강제 종료한 후, %AppData%\Adobe\CoreSync 폴더 내부의 임시 파일을 삭제하고 재실행합니다.
   
3. **Adobe Creative Cloud 폰트 동기화 확인**
   - Adobe Creative Cloud 폰트 동기화가 완료되면 메시지를 다시 확인하세요.",0.1979440845090413,0.3438163762319794,0.303030303030303,0
Adobe CC 폰트 동기화 무한 대기,Short_History,2,2,86,591,677,0.45441149399994174,"죄송합니다, 제가 잘못 이해했습니다. 사용자에게 필요한 정보를 제공하기 위해 필요한 정보를 제공하는 것이 중요합니다. 사용자에게 필요한 정보를 제공하는 것은 사내 IT 기술 지원(Helpdesk) 전문가로서의 역할입니다. 

이러한 정보를 제공하는 것은 사용자에게 더 효과적인 도움을 줄 것입니다. 어떤 정보를 제공하시겠습니까?",0.1275972094978216,0.0434763164938114,0.0,0
Adobe CC 폰트 동기화 무한 대기,Long_History,2,6,33,716,749,0.18950444599977345,"죄송합니다, 제가 잘못 이해했습니다. Adobe CC 폰트 동기화가 무한 대기를 발생시키는 이유는 무엇인가요?",0.2246535575428746,0.171083931470816,0.4,0
Adobe CC 폰트 동기화 무한 대기,Forced_JSON_Format,2,2,199,619,818,1.0252089939999678,"```json
{
  ""status"": ""success"",
  ""topic"": ""Adobe CC 폰트 동기화 오류 해결"",
  ""solution_steps"": [
    {
      ""step"": ""Visual Studio Code의 테마를 바꾸기"",
      ""description"": ""Visual Studio Code의 테마를 바꾸려면 Ctrl+K Ctrl+T를 차례대로 누른 뒤 원하는 색상 테마를 위아래 방향키로 선택하시면 됩니다.""
    },
    {
      ""step"": ""Adobe Desktop Service 프로세스를 강제 종료하기"",
      ""description"": ""Adobe Desktop Service 프로세스의 엉킴 문제를 해결하기 위해 Adobe 관련 프로세스를 강제 종료한 후, %AppData%\Adobe\CoreSync 폴더 내부의 임시 파일을 삭제하고 재실행해야 합니다.""
    }
  ]
}
```",0.5647184489156276,0.5792155507367046,0.56,0
Adobe CC 폰트 동기화 무한 대기,Hallucination_Defense,3,2,34,607,641,0.19315776900020865,"죄송합니다, 제가 잘못 이해했습니다. 사용자에게 필요한 정보를 제공하기 위해 사용자 질문에 대해 더 자세히 설명해주시겠어요?",0.173372413738064,0.0820843095047804,0.0,0
Adobe CC 폰트 동기화 무한 대기,Mixed_Stress_Test,6,6,105,895,1000,0.5526512219998949,"```json
{
  ""step"": [
    {
      ""name"": ""Step 1"",
      ""description"": ""Visual Studio Code의 테마를 바꾸기"",
      ""action"": ""Ctrl + K Ctrl + T""
    },
    {
      ""name"": ""Step 2"",
      ""description"": ""Adobe Creative Cloud 폰트 동기화를 중단하기"",
      ""action"": ""Adobe 관련 프로세스를 강제 종료""
    }
  ]
}
```",0.1734161432680232,0.2892872197255191,0.2857142857142857,1
맥북 kernel_task CPU 100% 점유율,Baseline,3,2,44,569,613,0.24605930200004877,"죄송합니다, 제가 잘못 이해했습니다. 맥북 kernel_task CPU 100% 점유율 현상을 해결하기 위해 필요한 단계와 명령어를 말씀해주시겠어요?",0.222248982492771,0.2652911484394439,0.6666666666666666,0
맥북 kernel_task CPU 100% 점유율,Context_Summarized,1,2,40,602,642,0.22503880199974446,"죄송합니다, 제가 잘못 이해했습니다. 맥북 kernel_task CPU 100% 점유율 문제를 해결하기 위해서는 어떤 조치를 취해야 할까요?",,0.2684597216979875,0.6666666666666666,0
맥북 kernel_task CPU 100% 점유율,Max_Chunks,6,2,3310,786,4096,16.860506473999976,"네, 지금 바로 따라해주세요. 

1. **메시지 확인**: 먼저 메시지가 하나 뜨는 것을 확인해 보세요. 
   - 만약 메시지가 하나 뜨지 않으면, 다음 단계를 진행해 보세요.

2. **메시지 확인 후 실행**: 메시지가 하나 뜨지 않으면, 메시지 내용을 확인하고, 필요한 경우 다시 확인해 보세요. 
   - 예를 들어, 메시지 내용이 '다음 단계를 진행해 주세요'라는 것이라면, 다음 단계를 진행하겠습니다.

3. **다음 단계를 진행하기 위해 명령어 입력**: 
   - 메시지 내용이 '다음 단계를 진행해 주세요'라는 것이라면, 다음 단계를 진행하겠습니다.
   - 예를 들어, '다음 단계를 진행해 주세요'라는 메시지가 나타날 때, 다음 단계를 진행하겠습니다.

4. **다음 단계를 진행하기 위해 명령어 입력**: 
   - 다음 단계를 진행하기 위해서는 명령어를 입력해야 합니다.
     - 예를 들어, 다음 단계를 진행하기 위해서는 '다음 단계를 진행해 주세요'라는 명령어를 입력하면 됩니다.

5. **다음 단계를 진행하기 위해 명령어 입력**: 
   - 다음 단계를 진행하기 위해서는 명령어를 입력해야 합니다.
     - 예를 들어, 다음 단계를 진행하기 위해서는 '다음 단계를 진행해 주세요'라는 명령어를 입력하면 됩니다.

6. **다음 단계를 진행하기 위해 명령어 입력**: 
   - 다음 단계를 진행하기 위해서는 명령어를 입력해야 합니다.
     - 예를 들어, 다음 단계를 진행하기 위해서는 '다음 단계를 진행해 주세요'라는 명령어를 입력하면 됩니다.

7. **다음 단계를 진행하기 위해 명령어 입력**: 
   - 다음 단계를 진행하기 위해서는 명령어를 입력해야 합니다.
     - 예를 들어, 다음 단계를 진행하기 위해서는 '다음 단계를 진행해 주세요'라는 명령어를 입력하면 됩니다.

8. **다음 단계를 진행하기 위해 명령어 입력**: 
   - 다음 단계를 진행하기 위해서는 명령어를 입력해야 합니다.
     - 예를 들어, 다음 단계를 진행하기 위해서는 '다음 단계를 진행해 주세요'라는 명령어를 입력하면 됩니다.

9. **다음 단계를 진행하기 위해 명령어 입력**: 
   - 다음 단계를 진행하기 위해서는 명령어를 입력해야 합니다.
     - 예를 들어, 다음 단계를 진행하기 위해서는 '다음 단계를 진행해 주세요'라는 명령어를 입력하면 됩니다.

10. **다음 단계를 진행하기 위해 명령어 입력**: 
    - 다음 단계를 진행하기 위해서는 명령어를 입력해야 합니다.
      - 예를 들어, 다음 단계를 진행하기 위해서는 '다음 단계를 진행해 주세요'라는 명령어를 입력하면 됩니다.

11. **다음 단계를 진행하기 위해 명령어 입력**: 
    - 다음 단계를 진행하기 위해서는 명령어를 입력해야 합니다.
      - 예를 들어, 다음 단계를 진행하기 위해서는 '다음 단계를 진행해 주세요'라는 명령어를 입력하면 됩니다.

12. **다음 단계를 진행하기 위해 명령어 입력**: 
    - 다음 단계를 진행하기 위해서는 명령어를 입력해야 합니다.
      - 예를 들어, 다음 단계를 진행하기 위해서는 '다음 단계를 진행해 주세요'라는 명령어를 입력하면 됩니다.

13. **다음 단계를 진행하기 위해 명령어 입력**: 
    - 다음 단계를 진행하기 위해서는 명령어를 입력해야 합니다.
      - 예를 들어, 다음 단계를 진행하기 위해서는 '다음 단계를 진행해 주세요'라는 명령어를 입력하면 됩니다.

14. **다음 단계를 진행하기 위해 명령어 입력**: 
    - 다음 단계를 진행하기 위해서는 명령어를 입력해야 합니다.
      - 예를 들어, 다음 단계를 진행하기 위해서는 '다음 단계를 진행해 주세요'라는 명령어를 입력하면 됩니다.

15. **다음 단계를 진행하기 위해 명령어 입력**: 
    - 다음 단계를 진행하기 위해서는 명령어를 입력해야 합니다.
      - 예를 들어, 다음 단계를 진행하기 위해서는 '다음 단계를 진행해 주세요'라는 명령어를 입력하면 됩니다.

16. **다음 단계를 진행하기 위해 명령어 입력**: 
    - 다음 단계를 진행하기 위해서는 명령어를 입력해야 합니다.
      - 예를 들어, 다음 단계를 진행하기 위해서는 '다음 단계를 진행해 주세요'라는 명령어를 입력하면 됩니다.

17. **다음 단계를 진행하기 위해 명령어 입력**: 
    - 다음 단계를 진행하기 위해서는 명령어를 입력해야 합니다.
      - 예를 들어, 다음 단계를 진행하기 위해서는 '다음 단계를 진행해 주세요'라는 명령어를 입력하면 됩니다.

18. **다음 단계를 진행하기 위해 명령어 입력**: 
    - 다음 단계를 진행하기 위해서는 명령어를 입력해야 합니다.
      - 예를 들어, 다음 단계를 진행하기 위해서는 '다음 단계를 진행해 주세요'라는 명령어를 입력하면 됩니다.

19. **다음 단계를 진행하기 위해 명령어 입력**: 
    - 다음 단계를 진행하기 위해서는 명령어를 입력해야 합니다.
      - 예를 들어, 다음 단계를 진행하기 위해서는 '다음 단계를 진행해 주세요'라는 명령어를 입력하면 됩니다.

20. **다음 단계를 진행하기 위해 명령어 입력**: 
    - 다음 단계를 진행하기 위해서는 명령어를 입력해야 합니다.
      - 예를 들어, 다음 단계를 진행하기 위해서는 '다음 단계를 진행해 주세요'라는 명령어를 입력하면 됩니다.

21. **다음 단계를 진행하기 위해 명령어 입력**: 
    - 다음 단계를 진행하기 위해서는 명령어를 입력해야 합니다.
      - 예를 들어, 다음 단계를 진행하기 위해서는 '다음 단계를 진행해 주세요'라는 명령어를 입력하면 됩니다.

22. **다음 단계를 진행하기 위해 명령어 입력**: 
    - 다음 단계를 진행하기 위해서는 명령어를 입력해야 합니다.
      - 예를 들어, 다음 단계를 진행하기 위해서는 '다음 단계를 진행해 주세요'라는 명령어를 입력하면 됩니다.

23. **다음 단계를 진행하기 위해 명령어 입력**: 
    - 다음 단계를 진행하기 위해서는 명령어를 입력해야 합니다.
      - 예를 들어, 다음 단계를 진행하기 위해서는 '다음 단계를 진행해 주세요'라는 명령어를 입력하면 됩니다.

24. **다음 단계를 진행하기 위해 명령어 입력**: 
    - 다음 단계를 진행하기 위해서는 명령어를 입력해야 합니다.
      - 예를 들어, 다음 단계를 진행하기 위해서는 '다음 단계를 진행해 주세요'라는 명령어를 입력하면 됩니다.

25. **다음 단계를 진행하기 위해 명령어 입력**: 
    - 다음 단계를 진행하기 위해서는 명령어를 입력해야 합니다.
      - 예를 들어, 다음 단계를 진행하기 위해서는 '다음 단계를 진행해 주세요'라는 명령어를 입력하면 됩니다.

26. **다음 단계를 진행하기 위해 명령어 입력**: 
    - 다음 단계를 진행하기 위해서는 명령어를 입력해야 합니다.
      - 예를 들어, 다음 단계를 진행하기 위해서는 '다음 단계를 진행해 주세요'라는 명령어를 입력하면 됩니다.

27. **다음 단계를 진행하기 위해 명령어 입력**: 
    - 다음 단계를 진행하기 위해서는 명령어를 입력해야 합니다.
      - 예를 들어, 다음 단계를 진행하기 위해서는 '다음 단계를 진행해 주세요'라는 명령어를 입력하면 됩니다.

28. **다음 단계를 진행하기 위해 명령어 입력**: 
    - 다음 단계를 진행하기 위해서는 명령어를 입력해야 합니다.
      - 예를 들어, 다음 단계를 진행하기 위해서는 '다음 단계를 진행해 주세요'라는 명령어를 입력하면 됩니다.

29. **다음 단계를 진행하기 위해 명령어 입력**: 
    - 다음 단계를 진행하기 위해서는 명령어를 입력해야 합니다.
      - 예를 들어, 다음 단계를 진행하기 위해서는 '다음 단계를 진행해 주세요'라는 명령어를 입력하면 됩니다.

30. **다음 단계를 진행하기 위해 명령어 입력**: 
    - 다음 단계를 진행하기 위해서는 명령어를 입력해야 합니다.
      - 예를 들어, 다음 단계를 진행하기 위해서는 '다음 단계를 진행해 주세요'라는 명령어를 입력하면 됩니다.

31. **다음 단계를 진행하기 위해 명령어 입력**: 
    - 다음 단계를 진행하기 위해서는 명령어를 입력해야 합니다.
      - 예를 들어, 다음 단계를 진행하기 위해서는 '다음 단계를 진행해 주세요'라는 명령어를 입력하면 됩니다.

32. **다음 단계를 진행하기 위해 명령어 입력**: 
    - 다음 단계를 진행하기 위해서는 명령어를 입력해야 합니다.
      - 예를 들어, 다음 단계를 진행하기 위해서는 '다음 단계를 진행해 주세요'라는 명령어를 입력하면 됩니다.

33. **다음 단계를 진행하기 위해 명령어 입력**: 
    - 다음 단계를 진행하기 위해서는 명령어를 입력해야 합니다.
      - 예를 들어, 다음 단계를 진행하기 위해서는 '다음 단계를 진행해 주세요'라는 명령어를 입력하면 됩니다.

34. **다음 단계를 진행하기 위해 명령어 입력**: 
    - 다음 단계를 진행하기 위해서는 명령어를 입력해야 합니다.
      - 예를 들어, 다음 단계를 진행하기 위해서는 '다음 단계를 진행해 주세요'라는 명령어를 입력하면 됩니다.

35. **다음 단계를 진행하기 위해 명령어 입력**: 
    - 다음 단계를 진행하기 위해서는 명령어를 입력해야 합니다.
      - 예를 들어, 다음 단계를 진행하기 위해서는 '다음 단계를 진행해 주세요'라는 명령어를 입력하면 됩니다.

36. **다음 단계를 진행하기 위해 명령어 입력**: 
    - 다음 단계를 진행하기 위해서는 명령어를 입력해야 합니다.
      - 예를 들어, 다음 단계를 진행하기 위해서는 '다음 단계를 진행해 주세요'라는 명령어를 입력하면 됩니다.

37. **다음 단계를 진행하기 위해 명령어 입력**: 
    - 다음 단계를 진행하기 위해서는 명령어를 입력해야 합니다.
      - 예를 들어, 다음 단계를 진행하기 위해서는 '다음 단계를 진행해 주세요'라는 명령어를 입력하면 됩니다.

38. **다음 단계를 진행하기 위해 명령어 입력**: 
    - 다음 단계를 진행하기 위해서는 명령어를 입력해야 합니다.
      - 예를 들어, 다음 단계를 진행하기 위해서는 '다음 단계를 진행해 주세요'라는 명령어를 입력하면 됩니다.

39. **다음 단계를 진행하기 위해 명령어 입력**: 
    - 다음 단계를 진행하기 위해서는 명령어를 입력해야 합니다.
      - 예를 들어, 다음 단계를 진행하기 위해서는 '다음 단계를 진행해 주세요'라는 명령어를 입력하면 됩니다.

40. **다음 단계를 진행하기 위해 명령어 입력**: 
    - 다음 단계를 진행하기 위해서는 명령어를 입력해야 합니다.
      - 예를 들어, 다음 단계를 진행하기 위해서는 '다음 단계를 진행해 주세요'라는 명령어를 입력하면 됩니다.

41. **다음 단계를 진행하기 위해 명령어 입력**: 
    - 다음 단계를 진행하기 위해서는 명령어를 입력해야 합니다.
      - 예를 들어, 다음 단계를 진행하기 위해서는 '다음 단계를 진행해 주세요'라는 명령어를 입력하면 됩니다.

42. **다음 단계를 진행하기 위해 명령어 입력**: 
    - 다음 단계를 진행하기 위해서는 명령어를 입력해야 합니다.
      - 예를 들어, 다음 단계를 진행하기 위해서는 '다음 단계를 진행해 주세요'라는 명령어를 입력하면 됩니다.

43. **다음 단계를 진행하기 위해 명령어 입력**: 
    - 다음 단계를 진행하기 위해서는 명령어를 입력해야 합니다.
      - 예를 들어, 다음 단계를 진행하기 위해서는 '다음 단계를 진행해 주세요'라는 명령어를 입력하면 됩니다.

44. **다음 단계를 진행하기 위해 명령어 입력**: 
    - 다음 단계를 진행하기 위해서는 명령어를 입력해야 합니다.
      - 예를 들어, 다음 단계를 진행하기 위해서는 '다음 단계를 진행해 주세요'라는 명령어를 입력하면 됩니다.

45. **다음 단계를 진행하기 위해 명령어 입력**: 
    - 다음 단계를 진행하기 위해서는 명령어를 입력해야 합니다.
      - 예를 들어, 다음 단계를 진행하기 위해서는 '다음 단계를 진행해 주세요'라는 명령어를 입력하면 됩니다.

46. **다음 단계를 진행하기 위해 명령어 입력**: 
    - 다음 단계를 진행하기 위해서는 명령어를 입력해야 합니다.
      - 예를 들어, 다음 단계를 진행하기 위해서는 '다음 단계를 진행해 주세요'라는 명령어를 입력하면 됩니다.

47. **다음 단계를 진행하기 위해 명령어 입력**: 
    - 다음 단계를 진행하기 위해서는 명령어를 입력해야 합니다.
      - 예를 들어, 다음 단계를 진행하기 위해서는 '다",,0.0039676126181113,0.0,0
맥북 kernel_task CPU 100% 점유율,High_Noise,4,2,379,723,1102,1.9332565290001185,"네, 지금 바로 따라해요. 

1. **macOS에서 kernel_task 프로세스가 CPU를 과도하게 점유하여 컴퓨터가 느려지는 현상을 해결하기 위해**:
   - **Step 1**: macOS에서 `System Preferences` > `Performance & Security` > `Advanced` > `Kernel Task`를 클릭합니다.
   - **Step 2**: `Kernel Task` 칸에서 `Enable Kernel Task`를 클릭합니다.
   - **Step 3**: `Kernel Task` 칸에서 `Disable Kernel Task`를 클릭합니다.
   - **Step 4**: `Kernel Task` 칸에서 `Restart`를 클릭합니다.

2. **Visual Studio Code의 테마를 바꾸려면**:
   - **Step 1**: Visual Studio Code에서 `File` > `Settings`를 열고 `Themes` 칸에서 `Dark` 또는 `Light`를 선택합니다.
   - **Step 2**: `Dark` 또는 `Light`를 선택한 후 `Apply`를 클릭합니다.

3. **사내 도서관의 경우**:
   - **Step 1**: 사내 도서관의 주소를 입력하고, `1회 대출` 시 최대 3권, 대출 기간은 14일이며 연장은 1회(7일)을 확인해봅니다.
   - **Step 2**: `1회 대출` 시 최대 3권을 입력하고, 대출 기간은 14일을 입력합니다.
   - **Step 3**: `연장` 버튼을 눌러 `1회`를 선택합니다.

이 모든 작업을 수행하면, kernel_task CPU 점유율 문제가 해결될 것입니다.",0.2453154127921688,0.2892077056818203,0.175,0
맥북 kernel_task CPU 100% 점유율,Ranking_Swapped,4,2,183,723,906,0.945707365999624,"죄송합니다, 제가 잘못 이해했습니다. 사용자에게 필요한 정보를 제공하기 위해 필요한 정보를 제공하도록 노력하겠습니다. 

1. **Kernel Task CPU 100% 점유율**:
   - **Step 1**: 확인한 정보를 기반으로, 사용자에게 필요한 정보를 제공합니다.
   - **Step 2**: 사용자에게 필요한 정보를 제공합니다. 예를 들어, 사용자에게 맥북의 kernel_task CPU 100% 점유율 문제를 해결하기 위한 방법을 알려줍니다.
   - **Step 3**: 사용자에게 필요한 정보를 제공합니다. 예를 들어, 맥북의 kernel_task CPU 100% 점유율 문제를 해결하기 위한 방법을 알려줍니다.

이러한 정보를 제공하면 사용자는 더 쉽게 해결할 수 있을 것입니다.",0.3188954426545499,0.250145781930765,0.5185185185185185,0
맥북 kernel_task CPU 100% 점유율,Short_History,2,2,46,621,667,0.2525436939999963,"죄송합니다, 제가 잘못 이해했습니다. 맥북 kernel_task CPU 100% 점유율 문제를 해결하기 위해 필요한 단계와 명령어를 말씀해주시면 감사하겠습니다.",0.2211143217146077,0.262152737538548,0.6666666666666666,0
맥북 kernel_task CPU 100% 점유율,Long_History,2,6,44,746,790,0.2443729120000171,"죄송합니다, 제가 잘못 이해했습니다. 맥북 kernel_task CPU 100% 점유율 문제를 해결하기 위해 필요한 단계와 명령어를 말씀해주시겠어요?",0.2214496023284603,0.2614105102619095,0.6666666666666666,0
맥북 kernel_task CPU 100% 점유율,Forced_JSON_Format,2,2,148,649,797,0.7677219330003027,"```json
{
  ""status"": ""success"",
  ""topic"": ""kernel_task CPU 100% 점유율 해결"",
  ""solution_steps"": [
    {
      ""step"": ""1. macOS에서 kernel_task 프로세스가 CPU를 과도하게 점유하여 컴퓨터가 느려지는 현상을 확인했습니다."",
      ""description"": ""macOS에서 kernel_task 프로세스가 CPU를 과도하게 점유하여 컴퓨터가 느려지는 현상을 확인했습니다.""
    },
    {
      ""step"": ""2. 가이드대로 안 되네요."",
      ""description"": ""가이드대로 안 되네요.""
    }
  ]
}
```",,0.4790170757684419,0.631578947368421,1
맥북 kernel_task CPU 100% 점유율,Hallucination_Defense,3,2,3483,613,4096,17.749605384999995,"죄송합니다, 제가 잘못 이해했습니다. 사용자에게 필요한 정보를 제공하기 위해 사용자 질문에 대해 더 자세한 정보를 제공하도록 노력하겠습니다. 

1. **Kernel Task CPU 100% 점유율**:
   - 맥북의 kernel task CPU 100% 점유율 문제가 발생했음을 확인하였습니다. 
   - 이 문제는 사내 보안 환경이나 로컬 설정에 따라 발생할 수 있으므로, 현재 상태를 알려주시면 감사하겠습니다.

2. **다음 단계**:
   - **Step 1**: 사내 동호회 지원금 신청을 진행하시겠습니까?
     - Yes (사내 동호회 지원금 신청)
     - No (사내 동호회 지원금 신청 거절)

   - **Step 2**: Visual Studio Code의 테마를 변경하시겠습니까?
     - Yes (Visual Studio Code 테마 변경)
     - No (Visual Studio Code 테마 변경 거절)

   - **Step 3**: 사내 도서관에 도착하시겠습니까?
     - Yes (도서관 방문)
     - No (도서관 방문 거절)

3. **다음 단계**:
   - **Step 4**: 메시지를 보내주시겠습니까?
     - Yes (메시지를 보내주기)
     - No (메시지를 보내주지 않기)

4. **다음 단계**:
   - **Step 5**: 메시지가 왔으니 어떻게 처리하시겠습니까?
     - 메시지가 왔으니 처리하겠습니다.
     - 메시지가 왔으니 처리하지 않습니다.

5. **다음 단계**:
   - **Step 6**: 메시지가 왔으니 어떻게 처리하시겠습니까?
     - 메시지가 왔으니 처리하겠습니다.
     - 메시지가 왔으니 처리하지 않습니다.

6. **다음 단계**:
   - **Step 7**: 메시지가 왔으니 어떻게 처리하시겠습니까?
     - 메시지가 왔으니 처리하겠습니다.
     - 메시지가 왔으니 처리하지 않습니다.

7. **다음 단계**:
   - **Step 8**: 메시지가 왔으니 어떻게 처리하시겠습니까?
     - 메시지가 왔으니 처리하겠습니다.
     - 메시지가 왔으니 처리하지 않습니다.

8. **다음 단계**:
   - **Step 9**: 메시지가 왔으니 어떻게 처리하시겠습니까?
     - 메시지가 왔으니 처리하겠습니다.
     - 메시지가 왔으니 처리하지 않습니다.

9. **다음 단계**:
   - **Step 10**: 메시지가 왔으니 어떻게 처리하시겠습니까?
     - 메시지가 왔으니 처리하겠습니다.
     - 메시지가 왔으니 처리하지 않습니다.

10. **다음 단계**:
    - **Step 11**: 메시지가 왔으니 어떻게 처리하시겠습니까?
      - 메시지가 왔으니 처리하겠습니다.
      - 메시지가 왔으니 처리하지 않습니다.

11. **다음 단계**:
    - **Step 12**: 메시지가 왔으니 어떻게 처리하시겠습니까?
      - 메시지가 왔으니 처리하겠습니다.
      - 메시지가 왔으니 처리하지 않습니다.

12. **다음 단계**:
    - **Step 13**: 메시지가 왔으니 어떻게 처리하시겠습니까?
      - 메시지가 왔으니 처리하겠습니다.
      - 메시지가 왔으니 처리하지 않습니다.

13. **다음 단계**:
    - **Step 14**: 메시지가 왔으니 어떻게 처리하시겠습니까?
      - 메시지가 왔으니 처리하겠습니다.
      - 메시지가 왔으니 처리하지 않습니다.

14. **다음 단계**:
    - **Step 15**: 메시지가 왔으니 어떻게 처리하시겠습니까?
      - 메시지가 왔으니 처리하겠습니다.
      - 메시지가 왔으니 처리하지 않습니다.

15. **다음 단계**:
    - **Step 16**: 메시지가 왔으니 어떻게 처리하시겠습니까?
      - 메시지가 왔으니 처리하겠습니다.
      - 메시지가 왔으니 처리하지 않습니다.

16. **다음 단계**:
    - **Step 17**: 메시지가 왔으니 어떻게 처리하시겠습니까?
      - 메시지가 왔으니 처리하겠습니다.
      - 메시지가 왔으니 처리하지 않습니다.

17. **다음 단계**:
    - **Step 18**: 메시지가 왔으니 어떻게 처리하시겠습니까?
      - 메시지가 왔으니 처리하겠습니다.
      - 메시지가 왔으니 처리하지 않습니다.

18. **다음 단계**:
    - **Step 19**: 메시지가 왔으니 어떻게 처리하시겠습니까?
      - 메시지가 왔으니 처리하겠습니다.
      - 메시지가 왔으니 처리하지 않습니다.

19. **다음 단계**:
    - **Step 20**: 메시지가 왔으니 어떻게 처리하시겠습니까?
      - 메시지가 왔으니 처리하겠습니다.
      - 메시지가 왔으니 처리하지 않습니다.

20. **다음 단계**:
    - **Step 21**: 메시지가 왔으니 어떻게 처리하시겠습니까?
      - 메시지가 왔으니 처리하겠습니다.
      - 메시지가 왔으니 처리하지 않습니다.

21. **다음 단계**:
    - **Step 22**: 메시지가 왔으니 어떻게 처리하시겠습니까?
      - 메시지가 왔으니 처리하겠습니다.
      - 메시지가 왔으니 처리하지 않습니다.

22. **다음 단계**:
    - **Step 23**: 메시지가 왔으니 어떻게 처리하시겠습니까?
      - 메시지가 왔으니 처리하겠습니다.
      - 메시지가 왔으니 처리하지 않습니다.

23. **다음 단계**:
    - **Step 24**: 메시지가 왔으니 어떻게 처리하시겠습니까?
      - 메시지가 왔으니 처리하겠습니다.
      - 메시지가 왔으니 처리하지 않습니다.

24. **다음 단계**:
    - **Step 25**: 메시지가 왔으니 어떻게 처리하시겠습니까?
      - 메시지가 왔으니 처리하겠습니다.
      - 메시지가 왔으니 처리하지 않습니다.

25. **다음 단계**:
    - **Step 26**: 메시지가 왔으니 어떻게 처리하시겠습니까?
      - 메시지가 왔으니 처리하겠습니다.
      - 메시지가 왔으니 처리하지 않습니다.

26. **다음 단계**:
    - **Step 27**: 메시지가 왔으니 어떻게 처리하시겠습니까?
      - 메시지가 왔으니 처리하겠습니다.
      - 메시지가 왔으니 처리하지 않습니다.

27. **다음 단계**:
    - **Step 28**: 메시지가 왔으니 어떻게 처리하시겠습니까?
      - 메시지가 왔으니 처리하겠습니다.
      - 메시지가 왔으니 처리하지 않습니다.

28. **다음 단계**:
    - **Step 29**: 메시지가 왔으니 어떻게 처리하시겠습니까?
      - 메시지가 왔으니 처리하겠습니다.
      - 메시지가 왔으니 처리하지 않습니다.

29. **다음 단계**:
    - **Step 30**: 메시지가 왔으니 어떻게 처리하시겠습니까?
      - 메시지가 왔으니 처리하겠습니다.
      - 메시지가 왔으니 처리하지 않습니다.

30. **다음 단계**:
    - **Step 31**: 메시지가 왔으니 어떻게 처리하시겠습니까?
      - 메시지가 왔으니 처리하겠습니다.
      - 메시지가 왔으니 처리하지 않습니다.

31. **다음 단계**:
    - **Step 32**: 메시지가 왔으니 어떻게 처리하시겠습니까?
      - 메시지가 왔으니 처리하겠습니다.
      - 메시지가 왔으니 처리하지 않습니다.

32. **다음 단계**:
    - **Step 33**: 메시지가 왔으니 어떻게 처리하시겠습니까?
      - 메시지가 왔으니 처리하겠습니다.
      - 메시지가 왔으니 처리하지 않습니다.

33. **다음 단계**:
    - **Step 34**: 메시지가 왔으니 어떻게 처리하시겠습니까?
      - 메시지가 왔으니 처리하겠습니다.
      - 메시지가 왔으니 처리하지 않습니다.

34. **다음 단계**:
    - **Step 35**: 메시지가 왔으니 어떻게 처리하시겠습니까?
      - 메시지가 왔으니 처리하겠습니다.
      - 메시지가 왔으니 처리하지 않습니다.

35. **다음 단계**:
    - **Step 36**: 메시지가 왔으니 어떻게 처리하시겠습니까?
      - 메시지가 왔으니 처리하겠습니다.
      - 메시지가 왔으니 처리하지 않습니다.

36. **다음 단계**:
    - **Step 37**: 메시지가 왔으니 어떻게 처리하시겠습니까?
      - 메시지가 왔으니 처리하겠습니다.
      - 메시지가 왔으니 처리하지 않습니다.

37. **다음 단계**:
    - **Step 38**: 메시지가 왔으니 어떻게 처리하시겠습니까?
      - 메시지가 왔으니 처리하겠습니다.
      - 메시지가 왔으니 처리하지 않습니다.

38. **다음 단계**:
    - **Step 39**: 메시지가 왔으니 어떻게 처리하시겠습니까?
      - 메시지가 왔으니 처리하겠습니다.
      - 메시지가 왔으니 처리하지 않습니다.

39. **다음 단계**:
    - **Step 40**: 메시지가 왔으니 어떻게 처리하시겠습니까?
      - 메시지가 왔으니 처리하겠습니다.
      - 메시지가 왔으니 처리하지 않습니다.

40. **다음 단계**:
    - **Step 41**: 메시지가 왔으니 어떻게 처리하시겠습니까?
      - 메시지가 왔으니 처리하겠습니다.
      - 메시지가 왔으니 처리하지 않습니다.

41. **다음 단계**:
    - **Step 42**: 메시지가 왔으니 어떻게 처리하시겠습니까?
      - 메시지가 왔으니 처리하겠습니다.
      - 메시지가 왔으니 처리하지 않습니다.

42. **다음 단계**:
    - **Step 43**: 메시지가 왔으니 어떻게 처리하시겠습니까?
      - 메시지가 왔으니 처리하겠습니다.
      - 메시지가 왔으니 처리하지 않습니다.

43. **다음 단계**:
    - **Step 44**: 메시지가 왔으니 어떻게 처리하시겠습니까?
      - 메시지가 왔으니 처리하겠습니다.
      - 메시지가 왔으니 처리하지 않습니다.

44. **다음 단계**:
    - **Step 45**: 메시지가 왔으니 어떻게 처리하시겠습니까?
      - 메시지가 왔으니 처리하겠습니다.
      - 메시지가 왔으니 처리하지 않습니다.

45. **다음 단계**:
    - **Step 46**: 메시지가 왔으니 어떻게 처리하시겠습니까?
      - 메시지가 왔으니 처리하겠습니다.
      - 메시지가 왔으니 처리하지 않습니다.

46. **다음 단계**:
    - **Step 47**: 메시지가 왔으니 어떻게 처리하시겠습니까?
      - 메시지가 왔으니 처리하겠습니다.
      - 메시지가 왔으니 처리하지 않습니다.

47. **다음 단계**:
    - **Step 48**: 메시지가 왔으니 어떻게 처리하시겠습니까?
      - 메시지가 왔으니 처리하겠습니다.
      - 메시지가 왔으니 처리하지 않습니다.

48. **다음 단계**:
    - **Step 49**: 메시지가 왔으니 어떻게 처리하시겠습니까?
      - 메시지가 왔으니 처리하겠습니다.
      - 메시지가 왔으니 처리하지 않습니다.

49. **다음 단계**:
    - **Step 50**: 메시지가 왔으니 어떻게 처리하시겠습니까?
      - 메시지가 왔으니 처리하겠습니다.
      - 메시지가 왔으니 처리하지 않습니다.

50. **다음 단계**:
    - **Step 51**: 메시지가 왔으니 어떻게 처리하시겠습니까?
      - 메시지가 왔으니 처리하겠습니다.
      - 메시지가 왔으니 처리하지 않습니다.

51. **다음 단계**:
    - **Step 52**: 메시지가 왔으니 어떻게 처리하시겠습니까?
      - 메시지가 왔으니 처리하겠습니다.
      - 메시지가 왔으니 처리하지 않습니다.

52. **다음 단계**:
    - **Step 53**: 메시지가 왔으니 어떻게 처리하시겠습니까?
      - 메시지가 왔으니 처리하겠습니다.
      - 메시지가 왔으니 처리하지 않습니다.

53. **다음 단계**:
    - **Step 54**: 메시지가 왔으니 어떻게 처리하시겠습니까?
      - 메시지가 왔으니 처리하겠습니다.
      - 메시지가 왔으니 처리하지 않습니다.

54. **다음 단계**:
    - **Step 55**: 메시지가 왔으니 어떻게 처리하시겠습니까?
      - 메시지가 왔으니 처리하겠습니다.
      - 메시지가 왔으니 처리하지 않습니다.

55. **다음 단계**:
    - **Step 56**: 메시지가 왔으니 어떻게 처리하시겠습니까?
      - 메시지가 왔으니 처리하겠습니다.
      - 메시지가 왔으니 처리하지 않습니다.

56. **다음 단계**:
    - **Step 57**: 메시지가 왔으니 어떻게 처리하시겠습니까?
      - 메시지가 왔으니 처리하겠습니다.
      - 메시지가 왔으니 처리하지 않습니다.

57. **다음 단계**:
    - **Step 58**: 메시지가 왔으니 어떻게 처리하시겠습니까?
      - 메시지가 왔으니 처리하겠습니다.
      - 메시지가 왔으니 처리하지 않습니다.

58",,0.0078419663860892,0.0,0
맥북 kernel_task CPU 100% 점유율,Mixed_Stress_Test,6,6,131,925,1056,0.6836984270003086,"```json
{
  ""step"": [
    {
      ""name"": ""Step 1"",
      ""description"": ""1. 사내 동호회 지원금 신청을 확인합니다.""
    },
    {
      ""name"": ""Step 2"",
      ""description"": ""2. Visual Studio Code 테마를 변경하기 위해 Ctrl+K Ctrl+T를 사용합니다.""
    },
    {
      ""name"": ""Step 3"",
      ""description"": ""3. macOS에서 kernel_task 프로세스의 CPU 점유율을 줄이는 방법을 찾아보세요.""
    }
  ]
}
```",0.171285017935321,0.2451296853500219,0.2,1
