topic,variant,chunks,turns,completion,prompt,total,latency,response,answer_correctness,chrf,rouge,json
macOS VPN 및 보안 에이전트 충돌,Baseline,3,2,247,445,692,3.513226917999873,"네, Sequoia 15.0 버전에서 CrowdStrike VPN이 연결되지 않는 문제로 어려움을 겪고 계시는군요. 

현재 사용 중이신 macOS 버전이 Sequoia 15.0이므로, 먼저 [시스템 설정 -> 개인정보 보호 및 보안 -> 네트워크]로 이동해 주세요.

그곳에서 네트워크 설정 메뉴를 찾을 수 있습니다.

1.  **네트워크 설정** 메뉴를 클릭합니다.
2.  **VPN** 탭을 선택합니다.
3.  **CrowdStrike** 옵션이 활성화되어 있는지 확인합니다.
4.  **CrowdStrike** 옵션이 비활성화되어 있다면, **비활성화** 버튼을 클릭합니다.
5.  VPN을 다시 연결하려고 시도해 보세요.

만약 문제가 해결되지 않으면, 다음 사항을 확인해 보시는 것이 좋습니다.

*   **네트워크 연결 상태:** 네트워크 연결이 안정적인지 확인해 보세요.
*   **다른 VPN 서비스:** 다른 VPN 서비스를 사용해 보시는 것도 도움이 될 수 있습니다.

이 방법으로 문제가 해결되기를 바랍니다. 혹시 다른 질문이 있으시면 언제든지 말씀해주세요.",0.6510380981155832,0.3368406554760744,0.4615384615384615,0
macOS VPN 및 보안 에이전트 충돌,Context_Summarized,1,2,207,472,679,2.0486548530000164,"네, Sequoia 15.0 버전에서 CrowdStrike를 깔고 계신 상황이시군요. 

현재 사용 중이신 macOS 버전에서 GlobalProtect VPN이 연결되지 않는 문제는 보안 에이전트(CrowdStrike) 네트워크 확장 권한과 충돌하기 때문입니다.

다음 단계를 따라 진행해 보세요.

1.  **시스템 설정 -> 개인정보 보호 및 보안 -> 네트워크**로 이동합니다.
2.  **네트워크** 탭에서 **CrowdStrike**를 찾습니다.
3.  **CrowdStrike** 탭에서 **필터링 권한**을 클릭합니다.
4.  **필터링 권한**을 ""비활성화""로 설정합니다.
5.  **확인**을 클릭하여 변경 사항을 적용합니다.

이 단계를 완료하면 GlobalProtect VPN이 연결될 수 있습니다. 문제가 해결되지 않으면 다시 한번 확인해 주세요. 혹시 다른 질문이 있으신가요?",0.8030728277080644,0.4071685399324991,0.4347826086956522,0
macOS VPN 및 보안 에이전트 충돌,Max_Chunks,6,2,264,643,907,2.6120129290000023,"네, 사용자님께서는 Sequoia 15.0 버전에서 CrowdStrike VPN이 연결되지 않는 문제로 어려움을 겪고 계시는군요. 

현재 사용 중이신 macOS 버전이 Sequoia 15.0이므로, GlobalProtect VPN 연결에 문제가 있을 수 있습니다. CrowdStrike 네트워크 확장 권한과 충돌이 원인일 가능성이 높습니다.

다음 단계를 따라 진행해 보시는 것을 추천합니다.

1.  **시스템 설정 -> 개인정보 보호 및 보안 -> 네트워크**로 이동합니다.
2.  **CrowdStrike** 탭에서 네트워크 확장 권한을 잠시 비활성화합니다. (비활성화 후 VPN 연결을 시도해 보세요.)
3.  VPN 연결을 시도해 보시고, 문제가 해결되는지 확인합니다.

만약 문제가 해결되지 않는다면, 다음 사항을 확인해 보시는 것이 좋습니다.

*   **macOS 업데이트:** 최신 macOS 버전으로 업데이트해 보세요.
*   **네트워크 연결 확인:** 다른 네트워크에 연결하여 VPN 연결이 정상적으로 작동하는지 확인해 보세요.

혹시 다른 문제가 발생하면, 사내 메신저 IT-Help 채널로 직접 문의해 주시면 자세한 안내를 도와드리겠습니다.",0.5804108751237557,0.3625638779169844,0.4137931034482758,0
macOS VPN 및 보안 에이전트 충돌,High_Noise,4,2,194,586,780,1.9282489540000824,"Sequoia 15.0 버전으로, CrowdStrike VPN이 연결되지 않는 문제로 불편을 드려 죄송합니다. 

현재 사용 중이신 macOS 버전이 Sequoia 15.0이므로, CrowdStrike VPN 연결 문제 해결을 위해 다음 단계를 따르시면 됩니다.

1.  **시스템 설정 -> 개인정보 보호 및 보안 -> 네트워크**로 이동합니다.
2.  **CrowdStrike** 탭에서 네트워크 확장 권한을 잠시 비활성화합니다. (이 단계는 1회만 진행하시면 됩니다.)
3.  **VPN 연결** 버튼을 클릭하고 VPN을 다시 연결합니다.
4.  **VPN 연결**이 성공적으로 연결되면, 다시 CrowdStrike의 네트워크 확장 권한을 활성화합니다.

이 단계를 완료하면 CrowdStrike VPN 연결이 정상적으로 작동할 것입니다. 문제가 해결되지 않으면 다시 한번 확인해 보시겠습니까?",0.6824615913333631,0.3867908877040609,0.4137931034482758,0
macOS VPN 및 보안 에이전트 충돌,Ranking_Swapped,4,2,179,586,765,1.7827387540000927,"네, Sequoia 15.0 버전에서 CrowdStrike VPN이 연결되지 않는 문제로 불편을 드려 죄송합니다. 

Sequoia 15.0 버전에서 CrowdStrike VPN이 연결되지 않는 문제는 시스템 설정의 보안 에이전트(CrowdStrike) 네트워크 확장 권한과 충돌하기 때문입니다. 해결하려면 다음 단계를 따르세요.

1.  **시스템 설정 -> 개인정보 보호 및 보안 -> 네트워크**로 이동합니다.
2.  **VPN** 탭을 선택합니다.
3.  **CrowdStrike** 탭에서 **필터링 권한**을 비활성화합니다.
4.  **VPN 연결** 버튼을 클릭하여 VPN을 다시 연결합니다.

이 단계를 완료하면 CrowdStrike VPN이 연결될 수 있습니다. 문제가 해결되지 않으면 다시 문의해주세요.",0.8264343213842944,0.4236111785228488,0.3703703703703703,0
macOS VPN 및 보안 에이전트 충돌,Short_History,2,2,192,488,680,1.9072110500001145,"네, 사용자님. Sequoia 15.0 버전에서 CrowdStrike VPN이 연결되지 않는 문제로 불편을 드려 죄송합니다.

현재 사용 중이신 macOS 버전이 Sequoia 15.0이므로, GlobalProtect VPN 연결에 문제가 있을 수 있습니다.

**해결 방법:**

1.  **시스템 설정 -> 개인정보 보호 및 보안 -> 네트워크**로 이동합니다.
2.  **CrowdStrike** 탭을 찾습니다.
3.  **CrowdStrike의 필터링 권한을 잠시 비활성화**합니다. (비활성화 버튼을 클릭하여 비활성화합니다.)
4.  **VPN을 다시 연결**합니다.
5.  **CrowdStrike의 필터링 권한을 다시 활성화**합니다.

이 단계를 완료하면 VPN 연결이 정상적으로 작동할 것입니다. 문제가 해결되지 않으면 다시 문의해주세요.",0.7993168417560926,0.3670305613068084,0.4444444444444445,0
macOS VPN 및 보안 에이전트 충돌,Long_History,2,6,234,605,839,2.3232815020001,"네, 알겠습니다. 먼저, macOS Sequoia 버전에서 GlobalProtect VPN이 연결되지 않는 문제를 해결하기 위해 다음 단계를 따르세요.

1.  **시스템 설정 -> 개인정보 보호 및 보안 -> 네트워크**로 이동합니다.
2.  **GlobalProtect** 탭을 클릭합니다.
3.  **VPN** 탭을 클릭합니다.
4.  **GlobalProtect 설정**을 클릭합니다.
5.  **VPN 연결** 버튼을 클릭합니다.
6.  **""GlobalProtect 네트워크 확장 권한 비활성화""** 버튼을 클릭합니다.
7.  **""확인""**을 클릭합니다.
8.  VPN 연결을 시도해 보세요.

**참고:** 이 단계를 수행한 후에도 문제가 지속된다면, 다음 사항을 확인해 보세요.

*   GlobalProtect가 제대로 설치되어 있는지 확인합니다.
*   다른 VPN 앱을 사용해 보면서 문제가 해결되는지 확인합니다.

이 단계를 완료하면 GlobalProtect VPN 연결이 정상적으로 작동할 것입니다. 혹시 문제가 해결되지 않는다면 다시 문의해주세요.",0.3733931519586989,0.2692744866615721,0.2857142857142857,0
macOS VPN 및 보안 에이전트 충돌,Forced_JSON_Format,2,2,98,527,625,0.985632527000007,"```json
{
  ""status"": ""success"",
  ""topic"": ""CrowdStrike 네트워크 확장 권한 문제 해결"",
  ""solution_steps"": [
    ""시스템 설정 -> 개인정보 보호 및 보안 -> 네트워크에서"",
    ""CrowdStrike의 네트워크 확장 권한을 잠시 비활성화합니다."",
    ""VPN을 연결합니다."",
    ""VPN 연결 후 다시 비활성화합니다.""
  ]
}
```",0.6283647147082682,0.4465237273703966,0.48,1
macOS VPN 및 보안 에이전트 충돌,Hallucination_Defense,3,2,272,507,779,2.697712999000032,"Sequoia 15.0 버전으로, CrowdStrike 보안 프로그램이 설치되어 있으시군요. macOS 폰트 캐시 초기화는 시스템 성능을 향상시키는 방법 중 하나입니다. Terminal에서 sudo atsutil databases -remove 명령어를 사용하면 전체 글꼴 캐시가 삭제됩니다.

**다음은 Terminal에서 sudo atsutil databases -remove 명령어를 사용하는 방법입니다.**

1.  **Terminal 열기:**  `Finder > Applications > Utilities > Terminal` 메뉴를 클릭하여 Terminal 애플리케이션을 엽니다.
2.  **명령어 입력:** 다음 명령어를 입력하고 Enter 키를 누릅니다.
    ```bash
    sudo atsutil databases -remove
    ```
3.  **확인 메시지:** 명령어가 실행되면 ""Success"" 메시지가 표시됩니다.
4.  **재부팅:**  macOS를 재시작하여 변경 사항이 적용되도록 합니다.

**주의사항:**

*   **sudo 권한:**  이 명령어를 실행하려면 sudo 권한이 필요합니다.
*   **정확한 실행:**  명령어를 입력할 때 정확하게 입력했는지 확인하세요.

이 방법으로 문제가 해결되기를 바랍니다. 혹시 다른 질문이 있으시면 언제든지 물어보세요.",0.1449337233092789,0.0542632335759915,0.0,0
macOS VPN 및 보안 에이전트 충돌,Mixed_Stress_Test,6,6,275,772,1047,2.732602062000069,"```json
{
  ""steps"": [
    {
      ""step_number"": 1,
      ""instruction"": ""Terminal을 열고 다음 명령어를 입력합니다."",
      ""command"": ""sudo atsutil databases -remove""
    },
    {
      ""step_number"": 2,
      ""instruction"": ""명령어를 실행하고 Enter 키를 누릅니다."",
      ""description"": ""이 명령어를 실행하면 macOS 글꼴 캐시가 삭제됩니다.  이 과정은 시간이 걸릴 수 있습니다.""
    },
    {
      ""step_number"": 3,
      ""instruction"": ""macOS가 재시작됩니다.  재시작 후 VPN 연결이 정상적으로 작동하는지 확인합니다."",
      ""description"": ""재시작 후 VPN 연결이 정상적으로 작동하는지 확인하는 것이 중요합니다.  VPN 연결이 끊어지는 문제가 해결되었는지 확인합니다.""
    },
    {
      ""step_number"": 4,
      ""instruction"": ""VPN 연결이 정상적으로 작동하는지 확인합니다."",
      ""description"": ""VPN 연결이 정상적으로 작동하는지 확인합니다.  VPN 연결이 끊어지는 문제가 해결되었는지 확인합니다.""
    }
  ]
}
```",0.4904357234341843,0.1382244825570183,0.1304347826086956,1
사내 Wi-Fi 인증서 만료 및 802.1x 에러,Baseline,3,2,315,477,792,3.1260605479999413,"음, 휴대폰이 잘 되시는군요. 맥북 노트북에서 인증서 문제로 어려움을 겪고 계시는군요. 휴대폰이 잘 되는데 맥북 노트북에서 인증서 문제가 발생한다는 점이 중요합니다.

현재, 맥북 노트북에서 새 인증서를 발급받고 등록하는 방법은 다음과 같습니다.

1.  **사내 포털 접속:** 먼저, [사내 포털](cert.company.com)에 접속합니다.
2.  **인증서 관리:** 로그인 후, '인증서 관리' 메뉴로 이동합니다.
3.  **새 인증서 발급:** '새 인증서 발급' 버튼을 클릭합니다.
4.  **인증서 정보 입력:** 발급할 인증서에 대한 정보를 입력합니다.
5.  **인증서 재등록:** 발급받은 인증서를 맥북 노트북에 재등록합니다.
6.  **Corp-Wifi-Cert 삭제:** 재등록 후, 기존 'Corp-Wifi-Cert'를 삭제합니다.
7.  **새 인증서 가져오기:** 새 인증서를 다운로드하여 맥북 노트북에 가져옵니다.

혹시 이 과정에서 문제가 발생하면, 다시 한번 사내 포털에 접속하여 자세한 안내를 확인해 보시는 것을 추천합니다.

**참고:** 휴대폰이 잘 되는데 맥북 노트북에서 문제가 발생한다면, 맥북 노트북의 Wi-Fi 설정이 올바르게 되어 있는지 확인해 보세요.",0.3502882471303775,0.2230668772427612,0.24,0
사내 Wi-Fi 인증서 만료 및 802.1x 에러,Context_Summarized,1,2,335,513,848,3.3276515430000018,"음, 휴대폰이 잘 되시는군요. 맥북 노트북에서 인증 문제가 발생하신다니, 휴대폰이 잘 되는데 맥북 노트북에서 문제가 발생하는 것 같네요.

현재 휴대폰이 잘 되시는 것은 좋지만, 맥북 노트북에서 인증 문제가 발생하신다는 점이 중요합니다. 이 문제를 해결하기 위해 다음 단계를 따르시면 됩니다.

1.  **사내 포털 접속:** 먼저, 사내 포털(cert.company.com)에 접속하여 유선망으로 접속해 보세요.
2.  **새 인증서 다운로드:** 사내 포털에 접속하면, '새 인증서 다운로드' 또는 유사한 메뉴가 있을 것입니다. 이 메뉴를 통해 새 인증서를 다운로드하세요.
3.  **Corp-Wifi-Cert 삭제:** 다운로드한 새 인증서에 기존 'Corp-Wifi-Cert'를 삭제합니다.
4.  **새 인증서 가져오기:** 새 인증서를 다운로드한 후, 맥북 노트북에 설치해야 합니다.
5.  **맥북 노트북 인증:** 맥북 노트북에 새 인증서를 설치하면, 맥북 노트북에서 와이파이 연결이 정상적으로 작동할 것입니다.

혹시 이 과정에서 문제가 발생하면, 다시 한번 사내 포털에 접속하여 도움을 요청해 보시는 것이 좋습니다.

**참고:** 휴대폰과 맥북 노트북의 운영체제(iOS/Android)에 따라 절차가 약간 다를 수 있습니다. 혹시 휴대폰과 맥북 노트북의 운영체제 정보를 알려주시면 더 자세한 안내를 드릴 수 있습니다.",0.4989923920339717,0.2423611934885952,0.2608695652173912,0
사내 Wi-Fi 인증서 만료 및 802.1x 에러,Max_Chunks,6,2,292,646,938,2.9046279710000817,"네, 휴대폰도 잘 되시는군요. 맥북 노트북에서 와이파이 연결이 안 되는 문제로 불편하시겠네요. 휴대폰 ID/PW는 맞으시다고 하셨으니, 우선 휴대폰의 인증서가 만료되었을 가능성이 있습니다.

새로 발급받고 등록하는 방법은 다음과 같습니다.

1.  **사내 무선망(Corporate-Wi-Fi) 접속 시 802.1x 인증 실패가 발생하는 원인은 local 키체인에 등록된 사용자 인증서가 만료되었기 때문입니다.**
2.  **이 경우 사내 포털(cert.company.com)에 유선망으로 접속하여 새 인증서를 다운로드하고, 키체인 접근에서 기존 'Corp-Wifi-Cert'를 삭제한 뒤 새 인증서를 가져와야 합니다.**
3.  **사내 포털(cert.company.com)에 접속하여 로그인합니다.**
4.  **'인증서 관리' 메뉴에서 '새 인증서'를 선택합니다.**
5.  **새로운 인증서를 다운로드하고, 기존 'Corp-Wifi-Cert'를 삭제합니다.**
6.  **새로운 인증서를 사용하여 와이파이 연결을 시도합니다.**

혹시 다른 문제가 발생하면 언제든지 사내 메신저 IT-Help 채널로 문의해주세요.",0.4787077975697661,0.3440244803887171,0.4,0
사내 Wi-Fi 인증서 만료 및 802.1x 에러,High_Noise,4,2,276,589,865,2.7465293729999303,"음, 휴대폰은 잘 되시는군요. 맥북 노트북에서 인증 문제가 발생하신다니, 휴대폰과 맥북 노트북의 인증서가 다를 가능성이 있습니다.

새로 발급받고 등록하는 방법은 다음과 같습니다.

1.  **사내 무선망(Corporate-Wi-Fi) 접속 시 802.1x 인증 실패:** 먼저, 사내 무선망에 접속을 시도해 보세요. 만약 802.1x 인증이 실패한다면, 해당 원인이 local 키체인에 등록된 사용자 인증서가 만료되었을 가능성이 높습니다.
2.  **새 인증서 다운로드:** 사내 포털(cert.company.com)에 접속하여 유선망으로 접속합니다.
3.  **Corp-Wifi-Cert 삭제:** 기존 'Corp-Wifi-Cert'를 삭제합니다.
4.  **새 인증서 가져오기:** 새 인증서를 다운로드하여 맥북 노트북에 등록합니다.
5.  **새 인증서 설치:** 맥북 노트북에 새 인증서를 설치합니다.

혹시 문제가 해결되지 않는다면, 사내 IT 지원팀에 문의하여 도움을 받는 것이 좋습니다.  IT 지원팀은 더 자세한 안내와 문제 해결을 도와드릴 수 있습니다.",0.7869291195542814,0.3129002760914759,0.4516129032258064,0
사내 Wi-Fi 인증서 만료 및 802.1x 에러,Ranking_Swapped,4,2,313,589,902,3.114663741999948,"아, 휴대폰은 잘 되시는군요. 맥북 노트북에서 인증 문제가 발생하신 것 같아 걱정되네요. 휴대폰은 잘 작동하시는 것 같으니, 맥북 노트북의 인증 문제일 가능성이 높습니다.

먼저, 맥북 노트북의 무선 설정에서 인증 방식이 ‘ID/PW’로 설정되어 있는지 확인해 보세요. 만약 ‘ID/PW’로 설정되어 있다면, 새 인증서를 다운로드하고 등록해야 합니다.

**1. 새 인증서 다운로드:**
   * 사내 무선망(Corporate-Wi-Fi) 접속 시 802.1x 인증 실패가 발생하는 원인은 local 키체인에 등록된 사용자 인증서가 만료되었기 때문입니다.
   * 사내 포털(cert.company.com)에 유선망으로 접속하여 새 인증서를 다운로드합니다.
   * 새 인증서를 다운로드하면, 기존 ‘Corp-Wifi-Cert’를 삭제하고 새 인증서를 가져와야 합니다.

**2. 기존 인증서 삭제:**
   * 사내 포털(cert.company.com)에 접속하여 기존 ‘Corp-Wifi-Cert’를 삭제합니다.
   * 새 인증서를 다운로드한 후, 기존 인증서를 삭제합니다.

**3. 새 인증서 설치:**
   * 새 인증서를 설치하면, 맥북 노트북의 무선 연결이 정상적으로 작동할 것입니다.

혹시 다른 문제가 발생하면 언제든지 문의해주세요.",0.6495601339455921,0.3235019070085471,0.4375,0
사내 Wi-Fi 인증서 만료 및 802.1x 에러,Short_History,2,2,375,513,888,3.719682437000074,"네, 휴대폰도 잘 되시는군요. 맥북 노트북에서 인증서 문제로 어려움을 겪고 계시는군요. 먼저, 휴대폰에서 인증서가 만료되었는지 확인해 볼 필요가 있습니다.

**1. 휴대폰 인증서 만료 확인:**

*   휴대폰의 설정 메뉴에서 ""인증서"" 또는 ""보안"" 관련 항목을 찾아보세요.
*   여기서 현재 유효한 인증서가 있는지 확인합니다. 만약 유효하지 않다면, 휴대폰을 재부팅한 후 다시 설정해 보세요.

**2. 맥북 노트북에 새 인증서 발급:**

*   사내 무선망(Corporate-Wi-Fi) 접속 시 802.1x 인증 실패가 발생하는 원인은 local 키체인에 등록된 사용자 인증서가 만료되었기 때문입니다.
*   **사내 포털(cert.company.com)에 접속합니다.** (https://cert.company.com)
*   **유선망으로 접속하여 새 인증서를 다운로드합니다.**
*   **기존 'Corp-Wifi-Cert'를 삭제합니다.** (삭제하기 전에 백업을 해두는 것이 좋습니다.)
*   **새 인증서를 가져와서 맥북 노트북에 등록합니다.**

**3. 추가 확인 사항:**

*   맥북 노트북에 설치된 프린터 드라이버가 최신 버전인지 확인해 보세요. 오래된 드라이버는 인증 문제와 충돌할 수 있습니다.
*   맥북 노트북을 재부팅하여 문제가 해결되는지 확인해 보세요.

혹시 위 단계를 진행했는데도 문제가 해결되지 않는다면, 다시 한번 사내 IT 지원팀에 문의하여 도움을 받으시는 것이 좋습니다.",0.5194004761669161,0.2751127103245959,0.5185185185185185,0
사내 Wi-Fi 인증서 만료 및 802.1x 에러,Long_History,2,6,269,625,894,2.68053121700018,"네, 맞습니다. 802.1x 인증 실패 문제는 local 키체인에 등록된 사용자 인증서가 만료되었기 때문에 발생합니다.

새로운 인증서를 발급받고 등록하는 방법은 다음과 같습니다.

1.  **사내 포털(cert.company.com)에 접속합니다.**
2.  **""새로운 인증서 발급"" 또는 ""인증서 재발급"" 메뉴를 찾습니다.**
3.  **""새로운 인증서 발급"" 메뉴를 선택합니다.**
4.  **인증서 발급을 위한 정보를 입력합니다.** (인증서 번호, 발급자 등)
5.  **인증서 발급을 완료합니다.**
6.  **사내 포털에서 발급받은 새로운 인증서를 다운로드합니다.**
7.  **인증서 다운로드 후, 기존 'Corp-Wifi-Cert'를 삭제합니다.** (삭제 방법은 사내 포털에서 안내를 받으세요.)
8.  **새로운 인증서를 사용하여 무선 네트워크에 접속합니다.**

혹시 사내 포털에서 안내를 받으시는 데 어려움이 있으신가요? 아니면 다른 문제가 발생하면 언제든지 다시 문의해주세요.",0.3876423041876454,0.2941465418648742,0.4166666666666667,0
사내 Wi-Fi 인증서 만료 및 802.1x 에러,Forced_JSON_Format,2,2,330,548,878,3.2755555169999298,"안녕하세요! 휴대폰이 잘 되시는군요. 맥북 노트북에서 와이파이 연결 문제로 어려움을 겪고 계신다니, 죄송합니다.

현재 휴대폰이 잘 되시는 것은 좋은 점입니다. 하지만 맥북 노트북에서 와이파이 연결 문제로 어려움을 겪고 계신다는 점을 확인했습니다.

**해결 방법:**

1.  **새 인증서 다운로드:** 먼저, 맥북 노트북에 새 인증서를 다운로드해야 합니다. 다음 포맷의 JSON 구조로 인증서를 다시 생성해야 합니다.
    *   `docker system prune -a --volumes` 명령을 터미널에서 실행하여 사용한 모든 리소스를 정리합니다.
    *   `cert.company.com` 웹사이트에 접속하여 유선망으로 접속하여 새 인증서를 다운로드합니다.
    *   `cert.company.com`에서 다운로드한 인증서를 맥북 노트북에 복사합니다.
2.  **JSON 구조 수정:**  `cert.company.com`에서 다운로드한 인증서의 JSON 구조를 맥북 노트북에 맞게 수정합니다.  (현재 JSON 구조가 정확하지 않을 수 있습니다.)
3.  **와이파이 재설정:**  이제 새 인증서를 사용하여 와이파이 연결을 다시 시도해 보세요.

**참고:**  만약 위 방법으로도 해결되지 않는다면, 사내 IT 지원팀에 문의하여 추가적인 도움을 받으시는 것이 좋습니다.

혹시 다른 질문이 있으시면 언제든지 말씀해주세요.",0.3359754044122701,0.1855191017911172,0.1818181818181818,0
사내 Wi-Fi 인증서 만료 및 802.1x 에러,Hallucination_Defense,3,2,267,490,757,2.6450467340000614,"음, 휴대폰은 잘 되시는군요. 맥북 노트북에서 인증 문제가 발생하신다니, 휴대폰과 맥북 노트북의 인증서 문제일 가능성이 있습니다.

현재 휴대폰과 맥북 노트북의 인증서가 서로 충돌하고 있는 것으로 보입니다. 먼저, 휴대폰의 인증서를 삭제하고 맥북 노트북을 재부팅해 보세요. 이렇게 하면 휴대폰과 맥북 노트북의 인증서가 다시 연결될 수 있습니다.

재부팅 후에도 문제가 해결되지 않는다면, 휴대폰과 맥북 노트북의 인증서가 서로 충돌하는 원인이 있을 수 있습니다. 이 경우, 휴대폰과 맥북 노트북의 인증서를 모두 삭제하고 다시 등록해 보세요.

**참고 문서:** 프린터 드라이버 충돌 시 기존 프린터를 삭제하고 PC를 재부팅하는 방법, 도커 데스크탑의 가상 디스크 용량이 부족할 경우 터미널에서 docker system prune -a --volumes 명령을 통해 미사용 리소스를 정리하는 방법, 회사 건물 지하 2층 주차장은 홀짝제로 운영되며, 등록되지 않은 차량은 방문객 주차 구역을 이용해야 합니다.

혹시 휴대폰과 맥북 노트북의 인증서가 서로 충돌하는 이유가 궁금하신가요?",0.1549911597686278,0.0550994857553366,0.0,0
사내 Wi-Fi 인증서 만료 및 802.1x 에러,Mixed_Stress_Test,6,6,300,770,1070,2.9756871209999645,"네, 인증서 문제로 불편하시군요. 새로 발급받고 등록하는 방법은 다음과 같습니다.

1.  **사내 포털 접속:** 먼저, [https://cert.company.com](https://cert.company.com) 에 접속합니다.
2.  **새 인증서 다운로드:** 로그인 후, ""새 인증서 다운로드"" 버튼을 클릭합니다.
3.  **기존 인증서 삭제:** 다운로드된 인증서 파일을 열고, ""Corp-Wifi-Cert""를 삭제합니다.
4.  **새 인증서 발급:**  ""새 인증서 발급"" 버튼을 클릭합니다.
5.  **키체인 접근:**  사내 포털에서 새 인증서를 다운로드한 후, ""키체인 접근""을 선택합니다.
6.  **기존 인증서 삭제:** 기존 ""Corp-Wifi-Cert""를 삭제하고, 새 인증서를 가져와서 적용합니다.
7.  **PC 재부팅:**  PC를 재부팅하여 변경 사항을 적용합니다.

**주의사항:**

*   새 인증서 발급 및 접근 과정에서 오류가 발생하면, 사내 IT 지원팀에 문의하여 도움을 받으세요.
*   필요한 경우, 사내 IT 지원팀에 연락하여 추가적인 지원을 받으세요.

혹시 다른 질문이 있으시면 언제든지 문의해주세요.",0.5495353917218869,0.2279720364109939,0.1666666666666666,0
Active Directory 계정 잠김 해결,Baseline,3,2,356,481,837,3.5223312579998947,"네, 알겠습니다. 비밀번호 5회 오류로 인해 Active Directory 계정 잠김이 발생한 상황에서, 제공된 참고 문서를 바탕으로 계정 잠금 해제를 위한 단계별 안내를 드리겠습니다.

1.  **본인인증 기반 계정 잠금 해제 페이지 접속:** 먼저, 사내 HR 포털의 '본인인증 기반 계정 잠금 해제' 페이지로 접속해 주세요. (HR 포털 링크는 [참고 문서 - HR 포털 링크]에서 확인하실 수 있습니다.)
2.  **계정 잠금 해제 요청:** 페이지 내에서 '계정 잠금 해제 요청' 버튼을 클릭합니다.
3.  **사번 및 신원 확인:**  계정 잠금 해제 요청을 진행하기 전에, 계정 잠금 해제 요청에 필요한 사번과 신원 정보를 정확하게 입력해야 합니다.
4.  **즉시 해제:**  사번과 신원 확인이 완료되면, 계정 잠금 해제 요청이 승인됩니다. 즉시 계정 잠금 해제 절차가 진행됩니다.
5.  **PC 캐시 정보 갱신:** 계정 잠금 해제 후에는 반드시 PC에 저장된 이전 로그온 정보를 갱신해야 합니다.  로그인 시, 계정 잠금 해제 요청에 대한 정보를 입력해야 합니다.

**참고:**  위 단계를 따라 계정 잠금 해제를 진행하시면, 계정 잠금 해제 요청이 승인되어 계정 잠금 해제 절차가 완료됩니다.

혹시 이 과정에서 문제가 발생하거나, 더 자세한 안내가 필요하시면 언제든지 다시 문의해주세요.",0.38878039594566,0.2968934008351356,0.3157894736842105,0
Active Directory 계정 잠김 해결,Context_Summarized,1,2,478,505,983,4.72135589100003,"네, 알겠습니다. 먼저, 비밀번호 5회 오류로 인해 계정이 잠겨 있는 상황이군요. Active Directory 계정 잠김 해결을 위한 절차는 다음과 같습니다.

**1단계: HR 포털 접속**

*   먼저, 웹 브라우저를 열고 [https://hr.example.com](https://hr.example.com) 에 접속합니다. (경로: HR 포털)
*   로그인 화면에서 사용자 이름으로 로그인합니다. (사용자 이름: [사용자 이름])

**2단계: '본인인증 기반 계정 잠금 해제' 페이지로 이동**

*   HR 포털 페이지에서 '로그인' 메뉴를 클릭합니다.
*   '본인인증 기반 계정 잠금 해제' 버튼을 클릭합니다.

**3단계: 계정 잠금 해제 요청**

*   '본인인증 기반 계정 잠금 해제' 페이지에 접속하면, 계정 잠금 해제 요청을 제출할 수 있는 옵션이 나타납니다.
*   '계정 잠금 해제 요청' 버튼을 클릭합니다.

**4단계: 신원 확인 및 즉시 해제**

*   계정 잠금 해제 요청을 제출하면, IT 헬프데스크로 전화하여 사번과 신원 확인을 진행합니다.
*   IT 헬프데스크에서 신원 확인 후, 계정 잠금 해제가 즉시 완료될 수 있습니다.

**5단계: PC 캐시 정보 갱신**

*   계정 잠금 해제 후에는 반드시 PC에 저장된 이전 로그온 정보를 갱신해야 합니다.
*   PC에 로그인하면, 이전 로그온 정보가 자동으로 업데이트됩니다.

**주의사항:**

*   계정 잠금 해제 요청을 제출한 후에는 5회 비밀번호 오류를 다시 시도해야 합니다.
*   계정 잠금 해제 요청을 제출한 후에도 문제가 지속될 경우, IT 헬프데스크에 문의하여 도움을 받으십시오.

이 절차를 따라 진행하시면 계정 잠김 문제를 해결할 수 있을 것입니다. 혹시 더 궁금한 점이 있으시면 언제든지 다시 질문해주세요.",0.5720521956674858,0.2501236681465397,0.25,0
Active Directory 계정 잠김 해결,Max_Chunks,6,2,356,671,1027,3.520327461000079,"네, 알겠습니다. 먼저, 비밀번호 5회 오류로 계정이 잠겨 있는 상황이므로, 우선 ‘본인인증 기반 계정 잠금 해제’ 페이지로 가셔야 합니다.

1.  **‘본인인증 기반 계정 잠금 해제’ 페이지 접속:**
    *   사내 HR 포털의 ‘본인인증 기반 계정 잠금 해제’ 페이지로 이동합니다. (링크: [참고 문서 - 비밀번호 5회 오류로 인한 AD 계정 잠금 해제])
2.  **사번 및 신원 확인:**
    *   계정 잠금 해제 요청 시, 본인 ID (사내 계정)와 사번을 정확하게 입력합니다.
    *   신원 확인 절차를 진행합니다. (일반적으로 전화 또는 이메일로 확인될 수 있습니다.)
3.  **즉시 해제:**
    *   신원 확인이 완료되면 계정 잠금 해제 절차가 완료됩니다. 즉시 해제하는 것이 중요합니다.
4.  **PC 캐시 정보 갱신:**
    *   해제 후에는 반드시 PC에 저장된 이전 로그온 정보를 갱신해야 합니다.
    *   PC에 저장된 이전 로그온 정보를 갱신하는 방법은 다음과 같습니다.
        *   **Windows:** Ctrl+K Ctrl+T 키를 동시에 누릅니다.
        *   **macOS:** Command+K Command+T 키를 동시에 누릅니다.

이러한 단계를 따라 진행하시면 계정이 정상적으로 해제될 것입니다. 혹시 어려움이 있다면 언제든지 다시 문의해주세요.",0.4428626802196489,0.2018003272198826,0.1428571428571428,0
Active Directory 계정 잠김 해결,High_Noise,4,2,270,614,884,2.674048397999968,"네, 알겠습니다. 먼저, 문제 해결을 위해 다음 단계를 따르시면 됩니다.

1.  **Ctrl+K Ctrl+T 키 조합:** 먼저, 키보드에서 Ctrl+K를 누르고, 그 다음 바로 Ctrl+T를 누릅니다.
2.  **색상 테마 선택:**  색상 테마를 선택하는 화면이 나타납니다. 위아래 방향키를 사용하여 원하는 색상 테마를 선택하세요.
3.  **테마 변경:** 선택한 색상 테마를 위아래 방향키를 사용하여 변경합니다.
4.  **계정 잠금 해제:**  테마 변경 후, 계정 잠금 해제 페이지가 나타납니다. 이 페이지에서 계정 잠금 해제를 진행할 수 있습니다.

**주의사항:**

*   잠금 해제 후에는 반드시 PC에 캐시된 이전 로그온 정보를 갱신해야 합니다.
*   만약 문제가 해결되지 않으면, IT 헬프데스크(내선 1111)로 전화하여 사번과 신원 확인 후 즉시 해제할 수 있습니다.

이 단계를 따라 진행하시면 계정 잠금이 해제될 것입니다. 혹시 어려움이 있다면 언제든지 다시 문의해주세요.",0.1857893988506554,0.1009422471953654,0.0952380952380952,0
Active Directory 계정 잠김 해결,Ranking_Swapped,4,2,219,614,833,2.1717687150000984,"네, 알겠습니다. 먼저, Visual Studio Code의 테마를 바꾸는 방법은 Ctrl+K Ctrl+T 키를 누르고, 위아래 방향키를 사용하여 원하는 색상을 선택하시면 됩니다.

다음으로, 사내 도서관에 대한 정보는 본관 3층에 위치하고 있으며, 1회 대출 시 최대 3권, 대출 기간은 14일이며 연장은 1회(7일) 가능하다고 안내되어 있습니다.

이제, 비밀번호 5회 오류로 인한 AD 계정 잠김 문제는 사내 HR 포털의 '본인인증 기반 계정 잠금 해제' 페이지에서 풀거나, IT 헬프데스크(내선 1111)로 전화하여 사번과 신원 확인 후 즉시 해제할 수 있다는 내용이 있습니다.

**주의사항:** 잠금 해제 후에는 반드시 PC에 캐시된 이전 로그온 정보를 갱신해야 합니다.

혹시 다른 궁금한 점이 있으신가요?",0.3035469762182427,0.3878417861017094,0.32,0
Active Directory 계정 잠김 해결,Short_History,2,2,348,524,872,3.4362065269999675,"네, 알겠습니다. 비밀번호 5회 오류로 인해 Active Directory 계정 잠김이 발생한 상황에 대한 해결 방법을 단계별로 안내해 드리겠습니다.

1.  **본인인증 기반 계정 잠금 해제 페이지 접속:** 먼저, 사내 HR 포털의 '본인인증 기반 계정 잠금 해제' 페이지로 접속해 주세요. 이 페이지는 [참고 문서]에 명시되어 있습니다.
2.  **사번 입력:** 페이지에 접속한 후, 계정 잠금 해제에 필요한 사번을 입력해 주세요.
3.  **신원 확인:** 입력하신 사번과 함께, 신원 확인을 위해 IT 헬프데스크(내선 1111)로 전화하여 신원 확인을 진행해 주세요.
4.  **즉시 해제:** 신원 확인이 완료되면, 계정 잠금 해제가 즉시 이루어집니다.
5.  **PC 캐시 정보 갱신:** 계정 잠금 해제 후에는 반드시 PC에 저장된 이전 로그온 정보를 갱신해야 합니다. 이 과정은 PC에 저장된 이전 로그온 정보를 잊어버리면 계정 잠금 해제가 되지 않을 수 있습니다.

**참고:**

*   계정 잠금 해제 후에는 반드시 PC에 캐시된 이전 로그온 정보를 갱신해야 합니다.
*   만약 위 방법으로 해결되지 않는다면, IT 헬프데스크(내선 1111)에 전화하여 도움을 요청해 주세요.

혹시 다른 궁금한 점이 있으신가요?",0.4111795099365753,0.3234698554174777,0.3478260869565218,0
Active Directory 계정 잠김 해결,Long_History,2,6,364,630,994,3.5955801529999007,"네, 알겠습니다. 먼저, 비밀번호 5회 오류로 인해 계정이 잠겨 있는 상황에서, 사내 HR 포털의 '본인인증 기반 계정 잠금 해제' 페이지로 이동하는 방법을 안내해 드리겠습니다.

1.  **HR 포털 접속:** 웹 브라우저를 열고 [https://hr.companyname.com](https://hr.companyname.com) 에 접속합니다.
2.  **계정 잠금 해제 페이지로 이동:** 왼쪽 메뉴에서 '계정 관리' > '계정 잠금 해제'를 선택합니다.
3.  **계정 잠금 해제 요청:** '계정 잠금 해제 요청' 버튼을 클릭합니다.
4.  **본인인증 정보 입력:** 계정 잠금 해제 요청 페이지에, 비밀번호 5회 오류를 발생시킨 후, 계정 잠금 해제 요청을 위해 필요한 본인인증 정보를 입력합니다. (이름, 직책, 부서 등)
5.  **신원 확인:** IT 헬프데스크(내선 1111)로 전화하여 사번과 신원 확인을 진행합니다.
6.  **해제 완료:** IT 헬프데스크에서 신원 확인이 완료되면 계정이 잠금 해제됩니다.

**주의사항:** 잠금 해제 후에는 반드시 PC에 이전 로그온 정보를 갱신해야 합니다.

혹시 이 과정에서 문제가 발생하면, IT 헬프데스크(내선 1111)로 전화하여 사번과 신원 확인을 다시 진행해 주시면 됩니다.

궁금한 점이 있다면 언제든지 다시 질문해주세요.",0.4145298212776476,0.2222938525003714,0.2,0
Active Directory 계정 잠김 해결,Forced_JSON_Format,2,2,185,550,735,1.837296667999908,"```json
{
  ""status"": ""완료"",
  ""topic"": ""Active Directory 계정 잠김 해제"",
  ""solution_steps"": [
    ""1. 비밀번호 5회 오류로 인한 AD 계정 잠김은 사내 HR 포털의 '본인인증 기반 계정 잠금 해제' 페이지에서 풀거나, IT 헬프데스크(내선 1111)로 전화하여 사번과 신원 확인 후 즉시 해제할 수 있습니다."",
    ""2. IT 헬프데스크(내선 1111)로 전화하여 사번과 신원 확인 후 즉시 해제할 수 있습니다."",
    ""3. 잠금 해제 후에는 반드시 PC에 캐시된 이전 로그온 정보를 갱신해야 합니다.""
  ]
}
```",0.917498905324656,0.8382617599333302,0.75,1
Active Directory 계정 잠김 해결,Hallucination_Defense,3,2,142,519,661,1.412990979000142,"네, 알겠습니다. 먼저, 메시지가 뜨는 문제에 대해 자세히 확인해 보겠습니다.

1.  **Ctrl+K Ctrl+T** 키를 누르고, 원하는 색상 테마를 위아래 방향키로 선택합니다.
2.  **색상 테마를 변경**하는 과정에서, 현재 사용 중인 테마가 변경되지 않는지 확인해 보세요.
3.  만약 변경해도 문제가 해결되지 않는다면, 현재 사용 중인 테마를 변경해 보세요.

이 방법으로 문제가 해결되는지 확인해 주시면, 더 자세한 안내를 드릴 수 있습니다. 혹시 다른 문제가 발생한다면 알려주세요.",0.165081218219893,0.0774088035320662,0.0,0
Active Directory 계정 잠김 해결,Mixed_Stress_Test,6,6,562,789,1351,5.538778530000172,"알겠습니다. 사용자 질문에 대한 해결책을 JSON 형식으로 제공해 드리겠습니다.

```json
{
  ""issue_type"": ""Active Directory 계정 잠김"",
  ""troubleshooting_steps"": [
    {
      ""step_number"": 1,
      ""description"": ""재부팅 시도"",
      ""instructions"": ""PC를 재부팅하여 문제가 해결되는지 확인합니다. 재부팅 후에도 동일한 문제가 발생한다면, 다른 해결 방법을 시도해 보세요.""
    },
    {
      ""step_number"": 2,
      ""description"": ""Visual Studio Code 테마 변경"",
      ""instructions"": ""Ctrl+K Ctrl+T 키를 반복적으로 누르면서 원하는 색상 테마를 위아래 방향키로 선택합니다.  색상 변경 후 다시 시도해 보세요.""
    },
    {
      ""step_number"": 3,
      ""description"": ""AD 계정 잠김 비밀번호 5회 오류 해결"",
      ""instructions"": ""사내 HR 포털의 '본인인증 기반 계정 잠금 해제' 페이지로 접속합니다.  (링크: [HR 포털 링크])  본인인증 기반 계정 잠금 해제 페이지에서 풀거나, IT 헬프데스크(내선 1111)로 전화하여 사번과 신원 확인 후 즉시 해제할 수 있습니다.  잠금 해제 후에는 반드시 PC에 캐시된 이전 로그온 정보를 갱신해야 합니다.""
    },
    {
      ""step_number"": 4,
      ""description"": ""IT 헬프데스크 (내선 1111) 문의"",
      ""instructions"": ""IT 헬프데스크(내선 1111)로 전화하여 사번과 신원 확인 후 즉시 해제할 수 있습니다.  잠금 해제 후에는 반드시 PC에 캐시된 이전 로그온 정보를 갱신해야 합니다.""
    }
  ],
  ""additional_notes"": ""본 가이드는 사내 전체 임직원 공통 지침서의 파생 문서입니다. 긴급 장애 발생 시 사내 메신저 IT-Help 채널로 다이렉트 메시지를 발송해 주십시오.""
}
```

**참고:** 위 JSON은 현재 상황에 대한 가장 일반적인 해결책을 제시합니다.  문제 해결에 어려움을 겪고 있다면, IT 헬프데스크(내선 1111)에 문의하여 정확한 도움을 받으시길 바랍니다.",0.6453820680444559,0.2753174653743267,0.1538461538461538,0
VS Code Pylance 확장 프로그램 오류,Baseline,3,2,151,465,616,1.499260065000044,"네, 알겠습니다. 먼저, VS Code에서 메시지가 뜨는 상황에서 Ctrl+Shift+P를 눌러 'Developer: Reload Window'를 실행해 보세요. 이 명령어를 실행하면 VS Code가 자동으로 재시작되어 문제 해결에 도움이 될 수 있습니다.

그 다음, 설정(Ctrl+,)에서 Python: Language Server를 None에서 Pylance로 재지정해 주세요. 이렇게 하면 Pylance가 VS Code에 다시 연결될 것입니다.

이 단계를 완료한 후, 다시 메시지가 나타나는지 확인해 보세요. 만약 문제가 해결된다면, 이 단계를 반복하여 문제 해결을 시도해 보시는 것이 좋습니다.

혹시 다른 문제가 발생한다면 알려주세요.",0.2050991949991662,0.1896356730124477,0.3846153846153846,0
VS Code Pylance 확장 프로그램 오류,Context_Summarized,1,2,170,490,660,1.6874078499999996,"네, 알겠습니다. 먼저, VS Code에서 파이썬 import 구문이 흰색으로 변하거나 자동완성이 먹통이 되는 경우 Pylance 언어 서버의 오류입니다.

1.  **Developer: Reload Window** 를 실행합니다.  VS Code에서 `Ctrl+Shift+P`를 누르고 ""Developer: Reload Window""를 선택하여 창을 닫습니다.  이렇게 하면 VS Code가 Pylance 언어 서버를 다시 로드합니다.
2.  **설정(Ctrl+,)** 에서 Python: Language Server를 None에서 Pylance로 재지정합니다.  이 단계를 통해 Pylance가 VS Code에 다시 연결됩니다.

이 두 가지 방법으로 해결이 될 수 있습니다.  혹시 다른 방법이 필요하시면 알려주세요.",0.5288419065588228,0.4729278728402579,0.3333333333333332,0
VS Code Pylance 확장 프로그램 오류,Max_Chunks,6,2,386,655,1041,3.811110969000083,"네, 알겠습니다. VS Code Pylance 확장 프로그램 오류 해결을 위한 단계별 안내입니다.

1.  **Developer: Reload Window 실행:** VS Code에서 Ctrl+Shift+P를 눌러 'Developer: Reload Window'를 실행합니다. 이 명령어를 입력하고 Enter 키를 누르면 VS Code가 다시 로드됩니다. 이 과정이 완료되면 오류가 해결될 수 있습니다.

2.  **Python: Language Server를 None에서 Pylance로 재지정:** 설정(Ctrl+,)에서 Python: Language Server를 'None'에서 Pylance로 재지정합니다.  이 단계를 수행하면 Pylance가 자동으로 활성화됩니다.

3.  **Visual Studio Code 테마 변경:** Ctrl+K Ctrl+T를 누르고, 원하는 색상 테마를 위아래 방향키로 선택합니다.  다양한 색상 테마를 시도하여 가장 적합한 테마를 찾으세요.

4.  **사내 도서관 정보 확인:** 본관 3층에 위치한 사내 도서관은 1회 대출 시 최대 3권, 대출 기간은 14일이며 연장은 1회(7일)입니다.  사내 도서관 정보는 본관 3층에 위치하고, 1회 대출 시 최대 3권, 대출 기간은 14일이며 연장은 1회(7일)입니다.

5.  **긴급 장애 발생 시 메신저 IT-Help 채널:** 긴급 장애 발생 시 사내 메신저 IT-Help 채널로 직접 메시지를 발송해 주십시오.

이 단계를 차례대로 진행하시면 Pylance 확장 프로그램 오류를 해결할 수 있을 것입니다. 혹시 문제가 발생하면 언제든지 다시 문의해주세요.",0.3674990332978551,0.1805814465603238,0.1846153846153846,0
VS Code Pylance 확장 프로그램 오류,High_Noise,4,2,242,598,840,2.398900268000034,"네, 알겠습니다. 먼저, VS Code에서 메시지가 뜨는 것을 멈추고, Pylance 언어 서버의 오류를 해결하는 방법을 단계별로 안내해 드리겠습니다.

1.  **Developer: Reload Window 실행:** VS Code에서 Ctrl+Shift+P를 눌러 'Developer: Reload Window'를 실행합니다. 이 명령어를 입력하고 Enter 키를 누르면 Pylance가 다시 로드됩니다.
2.  **Python: Language Server를 None에서 Pylance로 재지정:** 설정(Ctrl+,)에서 Python: Language Server를 None에서 Pylance로 재지정합니다. 이 단계를 수행하면 Pylance가 자동으로 실행됩니다.
3.  **Ctrl+Shift+P를 다시 실행:**  개발자 플러그인 메뉴에서 'Developer: Reload Window'를 다시 실행합니다.

이 단계를 완료하면 메시지가 사라지고, Pylance가 정상적으로 작동할 것입니다. 혹시 문제가 계속된다면, 다시 한번 확인해 보시고, 그래도 해결되지 않는다면 어떤 오류 메시지가 나타나는지 자세히 알려주시면 더 자세한 도움을 드릴 수 있습니다.",0.2108799910051093,0.1861791371563315,0.2666666666666666,0
VS Code Pylance 확장 프로그램 오류,Ranking_Swapped,4,2,182,598,780,1.8100557790000948,"네, 알겠습니다. 먼저, VS Code에서 메시지가 뜨는 것을 확인해 보세요.

1.  **Ctrl + Shift + P** 키를 눌러 ‘Developer: Reload Window’를 실행합니다.
2.  ’Developer: Reload Window’가 실행되면, VS Code가 다시 로드됩니다.
3.  ’설정’ (Ctrl+,) 메뉴를 선택합니다.
4.  ’Python: Language Server’를 ‘None’에서 ‘Pylance’로 재지정합니다.

이 단계를 완료하면, Pylance 언어 서버가 Pylance로 재설정되고, 메시지가 해결될 것입니다. 혹시 문제가 계속 발생한다면, 다시 한번 시도해 보시고, 그래도 해결되지 않는다면, 어떤 운영체제를 사용하고 계신지 알려주시면 더 자세한 도움을 드릴 수 있습니다.",0.2082163560668783,0.1969366937795813,0.3125,0
VS Code Pylance 확장 프로그램 오류,Short_History,2,2,126,508,634,1.2569686790000105,"네, 알겠습니다. 먼저, Ctrl+Shift+P를 눌러 'Developer: Reload Window'를 실행해 보세요. 이 명령어를 실행하면 VS Code가 자동으로 재시작되고, Pylance 관련 오류 메시지가 사라질 수 있습니다.

그 다음, 설정(Ctrl+,)에서 Python: Language Server를 'None'에서 Pylance로 재지정해 주세요. 이렇게 하면 Pylance가 VS Code에 추가됩니다.

이 과정을 완료하면 오류 메시지가 사라지고, Pylance가 정상적으로 작동할 것입니다. 혹시 문제가 발생하면 다시 한번 확인해 주세요.",0.2125730161816569,0.1995959547923078,0.4615384615384615,0
VS Code Pylance 확장 프로그램 오류,Long_History,2,6,168,614,782,1.672824447000039,"네, 알겠습니다. 먼저, 다음 단계를 따라 진행해 주세요.

1.  **Developer: Reload Window 실행:** VS Code에서 `Ctrl+Shift+P`를 누르고 ""Developer: Reload Window""를 선택하여 창을 닫습니다.
2.  **Python: Language Server를 None에서 Pylance로 재지정:** 설정(Ctrl+,)에서 Python: Language Server를 ""None""에서 Pylance로 재지정합니다.
3.  **Pylance 확장 프로그램 재설치:** Pylance 확장 프로그램을 다시 설치합니다.
4.  **VS Code 재시작:** VS Code를 완전히 종료하고 다시 시작합니다.

이 단계를 완료하면 문제 해결이 될 가능성이 높습니다. 혹시 문제가 발생하면 다시 알려주세요.",0.3888726053717284,0.2025362379662892,0.2564102564102564,0
VS Code Pylance 확장 프로그램 오류,Forced_JSON_Format,2,2,102,534,636,1.02345642399996,"```json
{
  ""status"": ""success"",
  ""topic"": ""VS Code Pylance 확장 프로그램 오류 해결"",
  ""solution_steps"": [
    ""Ctrl+Shift+P를 눌러 'Developer: Reload Window'를 실행합니다."",
    ""설정(Ctrl+,)에서 Python: Language Server를 None에서 Pylance로 재지정합니다."",
    ""VS Code를 다시 시작합니다.""
  ]
}
```
",0.7689727030772184,0.6667949863811784,0.7916666666666667,1
VS Code Pylance 확장 프로그램 오류,Hallucination_Defense,3,2,192,521,713,1.9067455420001806,"네, 알겠습니다. 먼저, 메시지가 뜨는 문제에 대해 자세히 살펴볼 필요가 있습니다.

1.  **Ctrl+K Ctrl+T** 키를 누르고, 원하는 색상 테마를 위아래 방향키로 선택합니다.
2.  **색상 테마를 변경**하는 동안, VS Code가 자동으로 테마를 적용합니다.
3.  테마가 변경되면, 다시 **Ctrl+K Ctrl+T** 키를 누르고 원하는 색상 테마를 위아래 방향키로 선택합니다.

이 단계를 반복하면, VS Code의 테마가 변경됩니다. 혹시 문제가 해결되지 않는다면, 다음 사항을 확인해 보시는 것이 좋습니다.

*   VS Code가 최신 버전인지 확인해 보세요.
*   VS Code를 재시작해 보세요.

혹시 다른 문제가 발생한다면 언제든지 다시 문의해주세요.",0.160433072322931,0.0590443853975059,0.0,0
VS Code Pylance 확장 프로그램 오류,Mixed_Stress_Test,6,6,661,773,1434,6.521315032000075,"```json
{
  ""steps"": [
    {
      ""step_number"": 1,
      ""instruction"": ""VS Code를 완전히 종료합니다."",
      ""details"": ""VS Code를 완전히 종료해야 Pylance 확장 프로그램이 제대로 작동할 수 있습니다.""
    },
    {
      ""step_number"": 2,
      ""instruction"": ""VS Code를 다시 시작합니다."",
      ""details"": ""VS Code를 다시 시작하면 Pylance 확장 프로그램이 정상적으로 작동할 수 있습니다.""
    },
    {
      ""step_number"": 3,
      ""instruction"": ""Ctrl+K Ctrl+T를 반복적으로 누릅니다."",
      ""details"": ""Ctrl+K Ctrl+T를 반복적으로 누르면 메뉴 드롭다운이 나타납니다.  색상 테마를 위아래 방향키를 사용하여 선택합니다.""
    },
    {
      ""step_number"": 4,
      ""instruction"": ""VS Code에서 파이썬 import 구문이 흰색으로 변하거나 자동완성이 먹통이 되는 경우 Pylance 언어 서버의 오류입니다."",
      ""details"": ""Ctrl+Shift+P를 눌러 'Developer: Reload Window'를 실행합니다.  또는, 설정(Ctrl+,)에서 Python: Language Server를 None에서 Pylance로 재지정합니다.""
    },
    {
      ""step_number"": 5,
      ""instruction"": ""Pylance 언어 서버의 오류를 해결하기 위해,  Ctrl+Shift+P를 눌러 'Developer: Reload Window'를 실행하거나, 설정(Ctrl+,)에서 Python: Language Server를 None에서 Pylance로 재지정합니다."",
      ""details"": ""이 방법은 Pylance 언어 서버를 재시작하는 것과 동일한 효과를 냅니다.  이 방법이 작동하지 않는 경우,  Pylance 확장 프로그램이 제대로 설치되어 있는지 확인하십시오.""
    },
    {
      ""step_number"": 6,
      ""instruction"": ""사내 도서관은 본관 3층에 위치해 있으며, 1회 대출 시 최대 3권, 대출 기간은 14일이며 연장은 1회(7일) 가능합니다."",
      ""details"": ""사내 도서관 위치 및 대출 정보는 본관 3층에 위치하고 있으며, 1회 대출 시 최대 3권, 대출 기간은 14일이며 연장은 1회(7일)입니다.  정확한 정보는 사내 도서관 담당자에게 문의하십시오.""
    },
    {
      ""step_number"": 7,
      ""instruction"": ""사내 메신저 IT-Help 채널로 다이렉트 메시지를 발송해 주십시오."",
      ""details"": ""사내 메신저 IT-Help 채널로 다이렉트 메시지를 발송하여 문제 해결에 대한 문의를 주십시오.""
    }
  ]
}
```",0.2987024079740465,0.2808729831330085,0.1415929203539823,1
Zoom/Teams 마이크 권한 거부,Baseline,3,2,368,462,830,3.6352011150002,"네, 알겠습니다. 먼저, macOS에서 Zoom 또는 Teams의 마이크 및 카메라가 작동하지 않을 때, [시스템 설정 > 개인정보 보호 및 보안 > 마이크 / 카메라]에서 토글 스위치가 켜져 있는지 확인하는 것이 중요합니다.

**1단계: 토글 스위치 확인**

*   macOS의 시스템 설정에서 ""개인정보 보호 및 보안""을 클릭합니다.
*   ""마이크 / 카메라"" 탭을 선택합니다.
*   마이크 및 카메라 토글 스위치가 ""켜짐"" 상태로 설정되어 있는지 확인합니다. 스위치가 꺼져 있으면 켜도록 설정해야 합니다.

**2단계: 마이크 및 카메라 토글 스위치 켜기**

*   토글 스위치가 ""켜짐"" 상태로 설정되어 있다면, 스위치를 ""꺼짐"" 상태로 변경합니다.
*   스위치가 ""꺼짐"" 상태로 설정되면, 마이크 및 카메라가 정상적으로 작동할 것입니다.

**3단계: 재부팅 (필요한 경우)**

*   위의 단계를 수행한 후에도 문제가 해결되지 않으면, 컴퓨터를 재부팅하는 것을 고려해 볼 수 있습니다.

**주의사항:**

*   토글 스위치가 ""켜짐"" 상태로 설정되어 있다면, 컴퓨터를 재부팅하면 마이크 및 카메라가 정상적으로 작동할 수 있습니다.
*   만약 토글 스위치가 ""꺼짐"" 상태로 설정되어 있다면, 컴퓨터를 재부팅하면 마이크 및 카메라가 정상적으로 작동할 수 있습니다.

이 단계를 따라 해보시고, 문제가 해결되었는지 확인해 주세요. 혹시 더 궁금한 점이 있으시면 언제든지 다시 질문해주세요.",0.2904562832110557,0.2879780736224655,0.5,0
Zoom/Teams 마이크 권한 거부,Context_Summarized,1,2,343,487,830,3.3930576520001523,"네, 알겠습니다. 먼저, Zoom 또는 Teams의 마이크 및 카메라가 작동하지 않을 때, [시스템 설정 > 개인정보 보호 및 보안 > 마이크 / 카메라]에서 토글 스위치가 켜져 있는지 확인해 주세요.

**1단계: 토글 스위치 확인**

*   Zoom 또는 Teams의 마이크 및 카메라 설정 화면에서 토글 스위치가 켜져 있는지 확인합니다.
*   스위치가 꺼져 있다면 켜세요.

**2단계: TCC 데이터베이스 초기화 (tccutil reset Microphone)**

*   만약 토글 스위치가 켜져 있다면, 다음 단계를 따르세요.
*   **macOS:** 터미널을 열고 다음 명령어를 입력하세요. `sudo tccutil reset Microphone`
*   **Windows:** 명령 프롬프트를 관리자 권한으로 실행하고 다음 명령어를 입력하세요. `tccutil reset Microphone`
*   이 명령어를 실행하면 Zoom 또는 Teams의 마이크 및 카메라가 초기화됩니다.

**3단계: Zoom 또는 Teams 재시작**

*   마이크 및 카메라가 정상적으로 작동하는지 확인 후, Zoom 또는 Teams를 재시작하세요.

**주의사항:**

*   TCC 데이터베이스 초기화는 시스템에 영향을 줄 수 있으므로, 신중하게 진행하세요.
*   만약 위 단계를 수행해도 문제가 해결되지 않으면, Zoom 또는 Teams의 기술 지원팀에 문의하는 것이 좋습니다.

이 단계를 따라 진행하시면 문제 해결에 도움이 될 것입니다. 혹시 다른 질문이 있으시면 언제든지 물어보세요.",0.3598767280854049,0.2729844085701358,0.2941176470588235,0
Zoom/Teams 마이크 권한 거부,Max_Chunks,6,2,554,652,1206,5.47399961699989,"네, 알겠습니다. 먼저, [시스템 설정 > 개인정보 보호 및 보안 > 마이크 / 카메라]에서 해당 앱의 토글 스위치가 켜져 있는지 확인해 주세요. 

**1단계: 토글 스위치 확인**

*   macOS에서 Zoom 또는 Teams의 마이크 및 카메라가 작동하지 않을 때는, 이 스위치가 켜져 있는지 확인해야 합니다.
*   스위치가 꺼져 있다면, 스위치를 켜세요.
*   스위치가 켜져 있다면, 다시 한번 확인해 보세요.

**2단계: TCC 데이터베이스 초기화 (tccutil reset Microphone)**

만약 토글 스위치가 꺼져 있거나, 문제가 지속된다면, TCC 데이터베이스 초기화(tccutil reset Microphone)를 시도해 볼 수 있습니다.

*   **주의:** 이 방법은 시스템에 영향을 줄 수 있으므로, 신중하게 진행해야 합니다.
*   **방법:**
    1.  macOS의 ""시스템 환경설정""을 엽니다.
    2.  ""시스템""을 클릭합니다.
    3.  ""TCC 데이터베이스 초기화""를 클릭합니다.
    4.  ""초기화"" 버튼을 클릭합니다.
    5.  초기화 후, Zoom 또는 Teams를 다시 시작해 보세요.

**3단계: Visual Studio Code 테마 변경**

Visual Studio Code의 테마를 변경하여 마이크 권한 거부 문제를 해결할 수도 있습니다.

*   **방법:**
    1.  Visual Studio Code를 엽니다.
    2.  Ctrl+K Ctrl+T를 누릅니다.
    3.  ""색상 테마""를 선택하고, 원하는 색상 테마를 위아래 방향키로 선택합니다.

**4단계: 사내 도서관 이용**

사내 도서관은 본관 3층에 위치해 있으며, 1회 대출 시 최대 3권, 대출 기간은 14일이며 연장은 1회(7일) 가능합니다.

**5단계: 추가 안내사항**

본 가이드는 사내 전체 임직원 공통 지침서의 파생 문서입니다.

**6단계: 긴급 장애 발생 시 메신저 IT-Help 채널**

긴급 장애 발생 시 사내 메신저 IT-Help 채널로 직접 메시지를 보내주시면, 담당 부서에서 즉시 도움을 드리겠습니다.

이 단계들을 차례대로 진행해 보시고, 문제가 해결되지 않으면 다시 문의해 주세요.",0.3106923194441922,0.2545495220638292,0.175438596491228,0
Zoom/Teams 마이크 권한 거부,High_Noise,4,2,318,595,913,3.1532422430000224,"네, 알겠습니다. 먼저, [참고 문서]에 따라 마이크 및 카메라 권한 거부 문제를 해결하기 위해 다음 단계를 따르세요.

1.  **마이크 및 카메라 토글 스위치 확인:**
    *   macOS에서 Zoom 또는 Teams의 마이크 및 카메라가 작동하지 않는다면, [시스템 설정 > 개인정보 보호 및 보안 > 마이크 / 카메라]에서 해당 앱의 토글 스위치가 켜져 있는지 확인하세요.
    *   토글 스위치가 꺼져 있다면, 스위치를 켜세요.
2.  **TCC 데이터베이스 초기화 (TCC 데이터베이스 초기화(tccutil reset Microphone) - 필요시):**
    *   macOS에서 마이크 및 카메라가 작동하지 않는 경우, [시스템 설정 > 개인정보 보호 및 보안 > 마이크 / 카메라]에서 해당 앱의 토글 스위치가 켜져 있는지 확인하세요.
    *   토글 스위치가 꺼져 있다면, 스위치를 켜세요.
    *   TCC 데이터베이스 초기화는 시스템에 따라 다를 수 있습니다. 정확한 방법은 [참고 문서]를 참고해주세요.
3.  **Visual Studio Code 테마 변경:**
    *   Ctrl+K Ctrl+T를 누르고, 원하는 색상 테마를 위아래 방향키로 선택하여 변경하세요.

이 단계를 완료하면 문제가 해결될 것입니다. 혹시 다른 질문이 있으시면 언제든지 말씀해주세요.",0.4261251340661958,0.3083225589077094,0.24,0
Zoom/Teams 마이크 권한 거부,Ranking_Swapped,4,2,207,595,802,2.059536554000033,"네, 알겠습니다. 먼저, [참고 문서]에 따라 매뉴얼대로 진행하면 됩니다.

1.  **Ctrl+K Ctrl+T** 키를 동시에 누릅니다.
2.  **색상 테마**를 위아래 방향키로 선택합니다.
3.  **색상 테마**를 선택한 상태에서 **Ctrl+K Ctrl+E** 키를 누릅니다.
4.  **색상 테마**를 선택한 상태에서 **Ctrl+K Ctrl+R** 키를 누릅니다.
5.  **색상 테마**를 선택한 상태에서 **Ctrl+K Ctrl+S** 키를 누릅니다.
6.  **색상 테마**를 선택한 상태에서 **Ctrl+K Ctrl+Q** 키를 누릅니다.

이 단계를 완료하면 Zoom/Teams 마이크 권한이 정상적으로 설정될 것입니다. 혹시 문제가 발생하면 알려주세요.",0.3978116138079905,0.1294040704216436,0.1212121212121212,0
Zoom/Teams 마이크 권한 거부,Short_History,2,2,341,505,846,3.3755500760000814,"네, 알겠습니다. 먼저, macOS에서 Zoom 또는 Teams의 마이크 및 카메라가 작동하지 않는 문제를 해결하기 위해, [참고 문서]에 제시된 [시스템 설정 > 개인정보 보호 및 보안 > 마이크 / 카메라]에서 토글 스위치가 켜져 있는지 확인하는 것이 중요합니다.

**1단계: 토글 스위치 확인**

*   macOS의 시스템 설정에서 ""개인정보 보호 및 보안""을 클릭합니다.
*   ""마이크 / 카메라"" 탭을 선택합니다.
*   마이크 및 카메라 토글 스위치가 ""켜져"" 있는지 확인합니다. 스위치가 꺼져 있으면 켜도록 설정해야 합니다.

**2단계: TCC 데이터베이스 초기화 (tccutil reset Microphone)**

만약 토글 스위치가 켜져 있지만 문제가 해결되지 않는다면, 다음 단계를 수행해야 합니다.

*   **TCC 데이터베이스 초기화:**
    *   TCC (Team Communication Center)를 실행합니다.
    *   ""TCC 데이터베이스 초기화""를 선택합니다.
    *   ""초기화"" 버튼을 클릭합니다.
    *   초기화 후, 다시 마이크 및 카메라를 확인하여 문제가 해결되었는지 확인합니다.

**주의사항:** TCC 데이터베이스 초기화는 시스템에 영향을 줄 수 있으므로, 신중하게 진행해야 합니다.

이 단계를 완료한 후에도 문제가 지속된다면, 다시 한번 [참고 문서]를 확인해 보시고, 추가적인 도움을 드릴 수 있습니다. 혹시 다른 질문이 있으신가요?",0.4968237113872378,0.2881578568792034,0.3636363636363636,0
Zoom/Teams 마이크 권한 거부,Long_History,2,6,356,611,967,3.526753423000173,"네, 알겠습니다. 먼저, macOS에서 Zoom 또는 Teams의 마이크 및 카메라가 작동하지 않을 때, [시스템 설정 > 개인정보 보호 및 보안 > 마이크 / 카메라]에서 토글 스위치가 켜져 있는지 확인해 주세요.

**1. 토글 스위치 확인:**

*   **macOS 버전:** 13.07 이상 (14.07 이상)
*   **스위치 위치:**  [참고 문서]에 명시된 위치에 있습니다. (예:  “마이크 및 카메라 설정 메뉴에서 토글 스위치가 켜져 있는지 확인하세요.”)

**2. 토글 스위치 켜기:**

*   토글 스위치가 켜져 있지 않다면, 스위치를 켜세요.
*   스위치가 켜져 있지 않다면, 스위치를 끄고 다시 켜세요.

**3. Zoom 또는 Teams 재시작:**

*   토글 스위치가 켜졌는지 확인 후, Zoom 또는 Teams를 재시작하세요.

**4. 문제 해결:**

*   위의 단계를 수행한 후에도 문제가 해결되지 않으면, [참고 문서]에 명시된 다른 해결책을 시도해 보십시오.

**주의사항:**

*   토글 스위치가 켜져 있는지 확인하는 것이 중요합니다.
*   스위치가 켜져 있더라도 문제가 해결되지 않으면, [참고 문서]에 명시된 추가적인 해결책을 찾아보세요.

이 단계를 따라 진행하시면 문제 해결에 도움이 될 것입니다. 혹시 진행하면서 막히는 부분이 있다면 언제든지 다시 질문해주세요.",0.58777664094915,0.3277992313915242,0.4761904761904761,0
Zoom/Teams 마이크 권한 거부,Forced_JSON_Format,2,2,239,531,770,2.37321603700002,"```json
{
  ""status"": ""완료"",
  ""topic"": ""Zoom/Teams 마이크 권한 거부 문제 해결"",
  ""solution_steps"": [
    {
      ""step_number"": 1,
      ""instruction"": ""macOS에서 Zoom 또는 Teams의 마이크 및 카메라가 작동하지 않을 때는 [시스템 설정 > 개인정보 보호 및 보안 > 마이크 / 카메라]에서 해당 앱의 토글 스위치가 켜져 있는지 확인해야 합니다."",
      ""details"": ""토글 스위치가 꺼져 있으면 마이크 및 카메라가 작동하지 않습니다. 스위치가 켜져 있는지 확인하여 문제를 해결하세요.""
    },
    {
      ""step_number"": 2,
      ""instruction"": ""만약 목록에 없다면 TCC 데이터베이스 초기화(tccutil reset Microphone)가 필요합니다."",
      ""details"": ""TCC 데이터베이스 초기화는 마이크 및 카메라 관련 설정을 초기화하는 방법입니다. 이 방법은 시스템에 영향을 줄 수 있으므로 주의해서 진행하세요.""
    }
  ]
}
```",0.7704807058610119,0.7434501896096921,0.65,1
Zoom/Teams 마이크 권한 거부,Hallucination_Defense,3,2,127,523,650,1.2689460699998563,"네, 알겠습니다. 먼저, 메시지가 뜨는 문제에 대해 확인해 볼까요?

1.  **Ctrl + K + Ctrl + T** 키를 누르고, 원하는 색상 테마를 위아래 방향키로 선택합니다.
2.  **색상 테마를 선택한 후,**  색상 테마가 변경될 때까지 키를 누르고 있습니다.
3.  **색상 테마가 변경되면,** 메시지가 사라집니다.

이 방법으로 해결이 되셨으면 좋겠습니다. 혹시 다른 문제가 발생한다면 알려주세요.",0.1626372040054802,0.0700981809024557,0.0,0
Zoom/Teams 마이크 권한 거부,Mixed_Stress_Test,6,6,551,770,1321,5.442193519999819,"알겠습니다. 사용자 질문에 대한 해결책을 JSON 형식으로 제공해 드리겠습니다.

```json
{
  ""problem"": ""Zoom/Teams 마이크 권한 거부"",
  ""solution_steps"": [
    {
      ""step_number"": 1,
      ""description"": ""사내 동호회 지원금 신청은 매월 25일까지 총무팀으로 영수증을 첨부하여 제출해야 합니다."",
      ""action"": ""총무팀에 영수증 제출""
    },
    {
      ""step_number"": 2,
      ""description"": ""Visual Studio Code의 테마를 변경하려면 Ctrl+K Ctrl+T를 차례대로 누른 후 원하는 색상 테마를 위아래 방향키로 선택합니다."",
      ""action"": ""Visual Studio Code에서 테마 변경""
    },
    {
      ""step_number"": 3,
      ""description"": ""macOS에서 Zoom 또는 Teams의 마이크 및 카메라가 작동하지 않을 때는 [시스템 설정 > 개인정보 보호 및 보안 > 마이크 / 카메라]에서 해당 앱의 토글 스위치가 켜져 있는지 확인합니다."",
      ""action"": ""macOS에서 마이크/카메라 설정 확인""
    },
    {
      ""step_number"": 4,
      ""description"": ""만약 목록에 없다면 TCC 데이터베이스 초기화(tccutil reset Microphone)가 필요합니다."",
      ""action"": ""TCC 데이터베이스 초기화 (tccutil reset Microphone)""
    },
    {
      ""step_number"": 5,
      ""description"": ""사내 도서관은 본관 3층에 위치하며, 1회 대출 시 최대 3권, 대출 기간은 14일이며 연장은 1회(7일) 가능합니다."",
      ""action"": ""사내 도서관 위치 확인 및 대출 정보 확인""
    },
    {
      ""step_number"": 6,
      ""description"": ""긴급 장애 발생 시 사내 메신저 IT-Help 채널로 다이렉트 메시지를 발송해 주십시오."",
      ""action"": ""사내 메신저 IT-Help 채널로 문제 보고""
    }
  ]
}
```

**참고:** 위 JSON은 현재 상황에 대한 해결책을 제시합니다.  문제 해결에 어려움이 있다면, 다시 한번 자세한 상황을 설명해 주시면 더욱 정확한 해결책을 제시해 드리겠습니다.",0.3996030540708957,0.3025490736250287,0.125,0
Windows 11 BitLocker 복구 키 요구,Baseline,3,2,171,461,632,1.698694259000149,"네, 알겠습니다. 먼저, BitLocker 복구 키를 조회하는 방법은 다음과 같습니다.

1.  **Microsoft Azure AD 포털에 로그인합니다.** (myaccount.microsoft.com)
2.  **장치 탭으로 이동합니다.** (일반적으로 왼쪽 메뉴에서 ""장치"" 또는 ""장치 탭""을 선택합니다.)
3.  **해당 디바이스의 48자리 복구 키를 조회합니다.**
4.  **조회된 복구 키를 복구 키 관리자(Recovery Key Manager)에 입력합니다.** (이 화면은 BitLocker 복구 키 관리자입니다.)
5.  **복구 키를 입력하면 디바이스가 부팅됩니다.**

혹시 다른 문제가 발생하면 알려주세요.",0.200963278024159,0.278687902143186,0.24,0
Windows 11 BitLocker 복구 키 요구,Context_Summarized,1,2,285,489,774,2.8231768699999975,"네, 알겠습니다. Windows 11 BitLocker 복구 키 요구를 해결하기 위해 다음 단계를 따르시면 됩니다.

1.  **하드웨어 변경 또는 BIOS 업데이트 확인:** 먼저, BitLocker 복구 키 화면이 나타나는지 확인해 주세요. 만약 하드웨어 변경이나 BIOS 업데이트를 한 적이 있다면, 이 과정이 필요합니다.
2.  **Microsoft Azure AD 포털 로그인:** BitLocker 복구 키 화면이 나타나면, 해당 디바이스의 Microsoft Azure AD 포털(myaccount.microsoft.com)의 장치 탭으로 로그인합니다.
3.  **장치 탭에서 48자리 복구 키 조회:** Azure AD 포털에 로그인한 후, 장치 탭으로 이동합니다. 여기서 48자리 복구 키를 조회합니다.
4.  **복구 키 입력:** 조회된 48자리 복구 키를 입력하여 BitLocker 복구를 시도합니다.

**주의사항:**

*   복구 키는 매우 중요하므로, 정확하게 입력해야 합니다.
*   복구 키를 입력하는 과정에서 오류가 발생하면, 다시 한번 확인해 주세요.

혹시 이 과정에서 문제가 발생하면 알려주세요. 자세한 상황을 설명해주시면 더 정확한 도움을 드릴 수 있습니다.",0.523365173187089,0.3849623484180181,0.411764705882353,0
Windows 11 BitLocker 복구 키 요구,Max_Chunks,6,2,236,651,887,2.3427503499999602,"네, 알겠습니다. Windows 11 BitLocker 복구 키 요구 문제 해결을 위한 단계별 안내를 드리겠습니다.

1.  **Azure AD 포털 로그인:** 먼저, 회사의 Microsoft Azure AD 포털(myaccount.microsoft.com)에 로그인합니다.
2.  **디바이스 48자리 복구 키 조회:** 로그인 후, 해당 디바이스의 48자리 복구 키를 조회합니다.
3.  **복구 키 입력:** 조회된 48자리 복구 키를 입력합니다.
4.  **입력 후 부팅:** 복구 키를 입력하면 디바이스가 부팅될 수 있습니다.

**주의사항:**

*   복구 키는 매우 중요하므로, 정확하게 입력해야 합니다.
*   복구 키를 입력하는 과정에서 오류가 발생하면, 다시 복구 키를 조회하고 입력해야 합니다.

혹시 문제가 발생하면, 복구 키를 입력하는 과정에서 오류가 발생하면 알려주세요. 자세한 상황을 설명해주시면 더 정확한 해결 방법을 찾아드릴 수 있습니다.",0.3104946010022916,0.2887473423277273,0.3846153846153846,0
Windows 11 BitLocker 복구 키 요구,High_Noise,4,2,324,594,918,3.206392774000051,"네, 알겠습니다. Windows 11 BitLocker 복구 키 요구 문제 해결을 위한 단계별 안내를 드리겠습니다.

1.  **Microsoft Azure AD 포털 로그인:** 먼저, [참고 문서]에 따라 Microsoft Azure AD 포털(myaccount.microsoft.com)에 로그인해야 합니다.
2.  **장치 탭으로 이동:** Azure AD 포털에 로그인한 후, 왼쪽 메뉴에서 ""장치""를 클릭합니다.
3.  **디바이스 선택:** 장치 목록에서 복구 키를 요구하는 Windows 11 PC를 선택합니다.
4.  **48자리 복구 키 조회:** 디바이스의 48자리 복구 키 화면이 나타나면, 해당 키를 화면에 표시된 48자리 숫자와 일치하도록 Ctrl+K Ctrl+T 키를 반복적으로 누릅니다.
5.  **복구 키 입력:**  48자리 복구 키가 나타나면, 화면에 표시된 숫자와 일치하도록 입력합니다.
6.  **부팅:** 복구 키를 입력하면 Windows 11 PC가 부팅될 수 있습니다.

혹시 문제가 발생하면, 복구 키를 입력하는 과정에서 오류가 발생하거나 화면에 표시되는 내용이 다르게 나타나는지 확인해 보세요.

이 단계들을 따라하시면 BitLocker 복구 키를 성공적으로 입력하고 Windows 11 PC를 부팅할 수 있을 것입니다. 혹시 어려움이 있다면 언제든지 다시 질문해주세요.",0.5899155331581512,0.2786762646763263,0.217391304347826,0
Windows 11 BitLocker 복구 키 요구,Ranking_Swapped,4,2,285,594,879,2.8219172550000167,"네, 알겠습니다. 먼저, Windows 11 BitLocker 복구 키 요구 문제에 대한 해결책을 안내해 드리겠습니다.

1.  **매뉴얼 확인:** 먼저, 제공된 참고 문서를 다시 한번 꼼꼼히 읽어보시는 것이 중요합니다. 특히, 사내 동호회 지원금 신청 절차와 Visual Studio Code 테마 변경 방법은 중요합니다.
2.  **Ctrl+K Ctrl+T 조합:** Windows 키를 누른 후, Ctrl 키를 누른 다음, K 키를 누른 다음, T 키를 누릅니다. 이 조합을 반복하여 원하는 색상 테마를 선택합니다.
3.  **BitLocker 복구 키 조회:** BitLocker 복구 키 화면이 나타나면, 하단에 있는 Microsoft Azure AD 포털(myaccount.microsoft.com)의 장치 탭으로 로그인합니다.
4.  **48자리 복구 키 입력:** 로그인 후, 해당 디바이스의 48자리 복구 키를 조회하여 입력합니다.

**주의사항:** 복구 키는 매우 중요하므로, 정확하게 입력해야 BitLocker 복구가 성공적으로 진행됩니다.

혹시 위 단계를 진행하면서 문제가 발생한다면, 어떤 오류 메시지가 나타나는지 알려주시면 더욱 자세한 도움을 드릴 수 있습니다.",0.2030082150164615,0.3102448845148269,0.3243243243243243,0
Windows 11 BitLocker 복구 키 요구,Short_History,2,2,240,504,744,2.377645035999876,"네, 알겠습니다. 먼저, BitLocker 복구 키를 조회하는 방법은 다음과 같습니다.

1.  **Microsoft Azure AD 포털 접속:** 먼저, [myaccount.microsoft.com]에 접속합니다.
2.  **장치 탭으로 이동:** 왼쪽 메뉴에서 ""장치""를 클릭합니다.
3.  **디바이스 선택:** 화면에 표시된 디바이스 목록에서 해당 디바이스를 선택합니다.
4.  **48자리 복구 키 조회:** 디바이스 정보 화면에서 ""복구 키"" 또는 ""48자리 복구 키"" 항목을 찾습니다. 이 항목을 클릭하면 48자리 복구 키가 표시됩니다.
5.  **복구 키 입력:** 복구 키를 정확하게 입력하고 ""확인"" 버튼을 클릭합니다.

**주의사항:** 복구 키는 매우 중요하므로, 정확하게 입력해야 합니다.

혹시 다른 문제가 발생한다면, 복구 키를 입력하는 과정에서 오류가 발생한다면, 해당 오류 메시지를 다시 한번 자세히 알려주시면 문제 해결을 위해 노력하겠습니다.",0.1988754140686158,0.1930059222482646,0.2608695652173913,0
Windows 11 BitLocker 복구 키 요구,Long_History,2,6,244,610,854,2.419775992000041,"네, 알겠습니다. 먼저, Microsoft Azure AD 포털(myaccount.microsoft.com)에 로그인하여 해당 디바이스의 장치 탭으로 이동해 주세요.

1.  **장치 탭으로 이동:** Azure AD 포털에 로그인한 후, 왼쪽 메뉴에서 ""장치""를 클릭합니다.
2.  **디바이스 선택:** 장치 목록에서 복구 키를 찾고 싶은 디바이스를 선택합니다.
3.  **복구 키 조회:** 디바이스 정보 화면에서 ""복구 키"" 또는 ""BitLocker 복구 키"" 항목을 찾습니다.
4.  **복구 키 입력:** 복구 키를 입력하고 ""입력"" 버튼을 클릭합니다.
5.  **복구 키 확인:** 복구 키가 성공적으로 입력되면, 디바이스가 부팅될 수 있습니다.

만약 복구 키를 조회하는 데 문제가 있다면, 해당 디바이스의 BIOS 업데이트를 확인해 보시는 것이 좋습니다. BIOS 업데이트는 BitLocker 복구 키를 인식하는 데 도움이 될 수 있습니다.

혹시 다른 문제가 발생하면 알려주세요.",0.6087792515245424,0.2762970147840048,0.24,0
Windows 11 BitLocker 복구 키 요구,Forced_JSON_Format,2,2,132,530,662,1.3173572729999705,"```json
{
  ""status"": ""success"",
  ""topic"": ""BitLocker 복구 키 조회 및 입력"",
  ""solution_steps"": [
    ""1. Microsoft Azure AD 포털(myaccount.microsoft.com)에 로그인합니다."",
    ""2. 해당 디바이스의 48자리 복구 키를 조회합니다."",
    ""3. 조회된 복구 키를 Windows 11 BitLocker 복구 키 화면에 입력합니다."",
    ""4. 복구 키를 입력하면 BitLocker 복구가 진행됩니다.""
  ]
}
```",0.7270244163276269,0.6127518684346599,0.6,1
Windows 11 BitLocker 복구 키 요구,Hallucination_Defense,3,2,245,527,772,2.425070018000042,"네, 알겠습니다. 먼저, 메시지가 뜨는 문제에 대해 자세히 살펴볼 필요가 있습니다.

1.  **Ctrl+K Ctrl+T** 키를 누르고, 원하는 색상 테마를 위아래 방향키로 선택합니다.
2.  **색상 테마를 변경**하는 과정에서, 현재 사용 중인 테마가 변경되지 않는지 확인해 보세요.
3.  만약 변경해도 문제가 해결되지 않는다면, **Visual Studio Code의 테마 변경**에 대한 추가적인 정보가 필요합니다.

Visual Studio Code의 테마 변경 방법은 다음과 같습니다.

1.  Visual Studio Code를 실행합니다.
2.  Visual Studio Code의 메뉴 (상단 오른쪽)에서 **`View` > `Theme`** 를 선택합니다.
3.  여기에서 원하는 테마를 선택합니다.
4.  테마를 선택하면, 현재 사용 중인 테마가 변경됩니다.

혹시 문제가 해결되지 않는다면, 어떤 테마를 사용하고 있는지, 그리고 어떤 색상 테마를 선택하려고 하는지 알려주시면 더 정확한 해결 방법을 제시해 드릴 수 있습니다.",0.1589343179266165,0.0598540637640686,0.0,0
Windows 11 BitLocker 복구 키 요구,Mixed_Stress_Test,6,6,565,769,1334,5.572010822000038,"알겠습니다. 아래는 Windows 11 BitLocker 복구 키 요구 문제 해결을 위한 단계별 가이드입니다. JSON 형식으로 제공됩니다.

```json
{
  ""steps"": [
    {
      ""step_number"": 1,
      ""instruction"": ""Windows 11을 재부팅합니다."",
      ""details"": ""재부팅을 통해 시스템이 초기화되고, BitLocker 복구 키 요구에 대한 문제 해결이 가능할 수 있습니다.""
    },
    {
      ""step_number"": 2,
      ""instruction"": ""Visual Studio Code의 테마를 변경합니다."",
      ""details"": ""Ctrl+K Ctrl+T 키를 반복적으로 누르면서 원하는 색상 테마를 위아래 방향키로 선택합니다.  색상 테마를 변경하면 BitLocker 복구 키 요구에 대한 문제 해결이 가능할 수 있습니다.""
    },
    {
      ""step_number"": 3,
      ""instruction"": ""하드웨어 변경이나 BIOS 업데이트 후 BitLocker 복구 키 화면이 나오는 경우, Microsoft Azure AD 포털(myaccount.microsoft.com)의 장치 탭에 로그인하여 해당 디바이스의 48자리 복구 키를 조회하여 입력해야 부팅이 가능합니다."",
      ""details"": ""하드웨어 변경이나 BIOS 업데이트 후 BitLocker 복구 키 화면이 나타나는 경우, 해당 디바이스의 48자리 복구 키를 Microsoft Azure AD 포털(myaccount.microsoft.com)의 장치 탭에 로그인하여 조회하여 입력해야 합니다.  이 방법은 BitLocker 복구 키가 제대로 설정되어 있지 않은 경우에 유용합니다.""
    },
    {
      ""step_number"": 4,
      ""instruction"": ""사내 도서관은 본관 3층에 위치해 있으며, 1회 대출 시 최대 3권, 대출 기간은 14일이며 연장은 1회(7일) 가능합니다."",
      ""details"": ""사내 도서관은 본관 3층에 위치하고 있으며, 1회 대출 시 최대 3권, 대출 기간은 14일이며 연장은 1회(7일)입니다.  이 정보는 사내 도서관 이용 안내에 포함되어 있습니다.""
    }
  ]
}
```

**참고:** 위 가이드는 제공된 참고 문서에 따라 작성되었습니다.  만약 문제가 해결되지 않는다면, 다시 한번 사내 IT 지원팀에 문의하여 도움을 받으시길 바랍니다.",0.2687792671605066,0.3195770894067451,0.1728395061728395,0
GitHub Enterprise SSH 키 등록 오류,Baseline,3,2,324,458,782,3.197861535999891,"네, 알겠습니다. 먼저, 문제 해결을 위해 다음 단계를 따르세요.

1.  **SSH-add 명령어를 실행해 보세요:**
    *   터미널을 열고 `ssh-add` 명령어를 입력합니다.
    *   `ssh-add` 명령어를 실행하면, SSH 키가 로컬에 등록되어 있는지 확인합니다.
    *   만약 키가 등록되어 있지 않다면, `ssh-add` 명령어를 실행하여 키를 등록합니다.
    *   키를 등록하는 동안, 화면에 표시되는 메시지를 주의 깊게 읽어보세요.
2.  **GitHub Enterprise 설정 확인:**
    *   GitHub Enterprise에서 SSH 키 설정이 올바르게 되어 있는지 확인합니다.
    *   SSH 키가 GitHub Enterprise에 제대로 등록되어 있는지 확인합니다.
3.  **SSH 키가 올바르게 등록되었는지 확인:**
    *   `ssh-add` 명령어를 실행하여 키가 올바르게 등록되었는지 확인합니다.
    *   키가 등록되지 않으면, 다시 `ssh-add` 명령어를 실행하여 키를 등록합니다.

이 단계를 모두 완료한 후에도 문제가 해결되지 않으면, 다음 사항을 확인해 보시겠습니까?

*   SSH 키가 올바른 형식인지 확인하세요.
*   SSH 키가 GitHub Enterprise에 제대로 등록되었는지 확인하세요.

이러한 단계를 통해 문제를 해결할 수 있을 것입니다. 혹시 다른 질문이 있으시면 언제든지 물어보세요.",0.4006490035843296,0.2030930098215478,0.2702702702702703,0
GitHub Enterprise SSH 키 등록 오류,Context_Summarized,1,2,519,481,1000,5.114749644000085,"네, 알겠습니다. GitHub Enterprise SSH 키 등록 오류 해결을 위한 단계별 안내를 드리겠습니다.

1.  **Permission Denied (publickey) 에러 확인:** 먼저, 메시지에서 언급하신 것처럼 GitHub Enterprise에 접근할 때 'Permission Denied (publickey)' 에러가 발생하고 있다는 점을 확인해주세요. 이 에러는 SSH 키가 제대로 등록되지 않았거나, GitHub 프로필 설정에 정확히 키가 등록되지 않았을 가능성이 있습니다.

2.  **SSH-add 명령어 실행:**  `ssh-add` 명령어를 사용하여 키가 로컬 환경에 등록되었는지 확인해 보세요.  이 명령어를 실행하면 SSH 키가 로컬에 등록되어 Git 클론에 추가됩니다.

    *   터미널을 열고 `ssh-add` 명령어를 입력하세요.
    *   `ssh-add` 명령어를 실행하면,  키가 로컬에 등록될 때까지 기다립니다.  키가 등록되면,  `ssh-add` 명령어가 완료될 때까지 기다립니다.
    *   키가 등록되었다면,  `ssh-add` 명령어를 다시 실행하여 키가 제대로 등록되었는지 확인합니다.

3.  **SSH 프로필 설정 확인:**  GitHub Enterprise에서 SSH 프로필 설정이 올바르게 구성되어 있는지 확인하세요.  SSH 프로필 설정은  `SSH and GPG keys` 섹션에서 확인 가능합니다.  이 설정이 올바르게 구성되어 있지 않으면 키가 제대로 등록되지 않을 수 있습니다.

4.  **GitHub Enterprise 연결 확인:**  GitHub Enterprise에 연결할 때,  SSH 연결이 성공적으로 이루어지는지 확인하세요.  연결이 실패하면,  SSH 키가 제대로 등록되지 않았거나,  GitHub Enterprise 서버에서 연결이 차단되었을 수 있습니다.

5.  **키 확인:**  `ssh-add` 명령어를 사용하여 로컬에 등록된 키가 제대로 등록되었는지 다시 한번 확인하세요.  키가 제대로 등록되지 않았다면,  `ssh-add` 명령어를 다시 실행하여 키를 다시 등록해야 합니다.

**참고:**  이러한 단계를 거치면 SSH 키가 GitHub Enterprise에 성공적으로 등록될 것입니다.  만약 문제가 지속된다면,  GitHub Enterprise 지원팀에 문의하여 도움을 받는 것이 좋습니다.

혹시 이 과정에서 어려움이 있거나, 특정 단계에서 막히는 부분이 있다면 언제든지 다시 질문해주세요.",0.3998731117750466,0.2703481139009606,0.2424242424242424,0
GitHub Enterprise SSH 키 등록 오류,Max_Chunks,6,2,596,648,1244,5.875407416999906,"네, 알겠습니다. GitHub Enterprise SSH 키 등록 오류 문제 해결을 위한 단계별 안내를 드리겠습니다.

1.  **`.ssh/id_rsa.pub` 키 값 확인:** 먼저, 현재 사용하시는 SSH 키가 GitHub 프로필 설정에 정확히 등록되어 있는지 확인해야 합니다.  `ssh-add` 명령어를 사용하여 키가 제대로 등록되었는지 점검해 보세요.  `ssh-add -l` 명령어를 실행하면 등록된 키 목록을 확인할 수 있습니다.  만약 키가 등록되지 않는다면, `ssh-add` 명령어를 실행하여 키를 추가해 보세요.

2.  **SSH-Add 명령어 사용:**  `ssh-add` 명령어를 사용하여 키를 등록합니다.  `ssh-add` 명령어를 실행하면,  `id_rsa.pub` 파일이 자동으로 추가됩니다.  이 과정은 키가 제대로 등록되었는지 확인하는 중요한 단계입니다.

3.  **SSH-Agent 사용 (선택 사항):**  `ssh-agent` 명령어를 사용하여 SSH 키를 관리합니다.  `ssh-agent` 명령어를 실행하면,  키가 저장된 환경에서 SSH 명령어를 실행할 수 있습니다.  이렇게 하면 키를 다시 입력할 필요 없이,  `ssh-add` 명령어를 통해 키를 등록할 수 있습니다.  `ssh-agent`를 사용하려면,  `eval $(ssh-agent)` 명령어를 실행합니다.

4.  **GitHub Enterprise 설정 확인:**  GitHub Enterprise에 SSH 키가 제대로 등록되었는지 확인합니다.  GitHub Enterprise 설정에서 SSH 키가 활성화되어 있는지 확인하고,  필요한 경우 SSH 키를 추가하거나,  키를 삭제해야 할 수도 있습니다.

5.  **Visual Studio Code 테마 변경:**  Visual Studio Code의 테마를 변경하려면,  Ctrl+K Ctrl+T를 반복적으로 누르고,  원하는 색상 테마를 위아래 방향키로 선택합니다.  다양한 테마를 시도하여 가장 적합한 테마를 찾으세요.

6.  **사내 도서관 이용:**  사내 도서관은 본관 3층에 위치하고 있으며,  1회 대출 시 최대 3권, 대출 기간은 14일이며 연장은 1회(7일) 가능합니다.  필요한 경우,  사내 도서관을 방문하여 필요한 자료를 이용하세요.

7.  **메신저 IT-Help 채널 문의:**  긴급 장애 발생 시 사내 메신저 IT-Help 채널로 직접 문의하여 도움을 요청하는 것이 가장 빠르고 확실한 방법입니다.

이러한 단계를 통해 문제 해결에 도움이 되기를 바랍니다. 혹시 더 궁금한 점이나 어려움이 있다면 언제든지 다시 질문해주세요.",0.2578871155987629,0.1613274446040999,0.119047619047619,0
GitHub Enterprise SSH 키 등록 오류,High_Noise,4,2,430,591,1021,4.248337725000056,"네, 알겠습니다. 먼저, GitHub Enterprise SSH 키 등록 오류 문제 해결을 위한 단계별 안내를 드리겠습니다.

1.  **SSH 키 등록 확인:** 먼저, GitHub Enterprise에 접근할 때 Permission Denied (publickey) 에러가 발생하는지 확인해 주세요. 이 에러는 로컬의 `.ssh/id_rsa.pub` 키 값이 GitHub 프로필 설정의 'SSH and GPG keys'에 정확히 등록되어 있지 않다는 의미입니다.
2.  **SSH-Add 명령어 사용:** SSH-Add 명령어를 사용하여 키가 제대로 등록되었는지 점검해 보세요. 터미널에서 다음 명령어를 입력하고 실행하세요.
    ```bash
    ssh-add -l
    ```
    이 명령어는 등록된 키 목록을 보여줍니다.  키가 목록에 나타나지 않으면, 키가 제대로 등록되지 않았거나, GitHub 프로필 설정에 맞게 등록되지 않았을 수 있습니다.
3.  **키 파일 확인:**  키가 등록되었는지 확인하기 위해, `.ssh/id_rsa.pub` 파일이 올바른 위치에 있는지 확인해 보세요.  일반적으로 `~/.ssh/id_rsa.pub` 파일이 해당 키를 저장합니다.
4.  **GitHub 프로필 설정 확인:** GitHub Enterprise에서 SSH 키가 제대로 등록되었는지 확인하기 위해, SSH and GPG keys 설정이 올바르게 되어 있는지 확인해 주세요.  GitHub Enterprise 설정 메뉴에서 'SSH and GPG keys'를 찾아 설정되어 있는지 확인합니다.
5.  **Visual Studio Code 테마 변경:** Visual Studio Code의 테마를 바꾸려면 Ctrl+K Ctrl+T를 차례대로 누르고, 원하는 색상 테마를 위아래 방향키로 선택하세요.  이 방법으로도 문제가 해결되지 않으면, 다른 테마를 시도해 보시는 것도 좋습니다.

이 단계를 차례대로 진행하시면 SSH 키 등록 오류 문제를 해결할 수 있을 것입니다. 혹시 이 과정에서 더 궁금한 점이 있으신가요?",0.408727876394878,0.3262871359383755,0.2191780821917808,0
GitHub Enterprise SSH 키 등록 오류,Ranking_Swapped,4,2,201,591,792,1.9980034579998573,"네, 알겠습니다. 먼저, Visual Studio Code의 테마를 바꾸는 방법은 Ctrl+K Ctrl+T 키를 누르고, 원하는 색상 테마를 위아래 방향키로 선택하시면 됩니다.

그 다음, 사내 도서관에 접속하여 1회 대출 시 최대 3권, 대출 기간은 14일이며 연장은 1회(7일) 가능하다고 안내해 드렸습니다.

마지막으로, GitHub Enterprise에 접근할 때 Permission Denied (publickey) 에러가 발생하면 로컬의 ~/.ssh/id_rsa.pub 키 값이 GitHub 프로필 설정의 'SSH and GPG keys'에 정확히 등록되어 있는지 확인해야 합니다. 그리고 ssh-add 명령어로 에이전트에 키가 등록되었는지 점검해 보세요.

이 단계들을 차례대로 진행하시면 문제 해결에 도움이 될 것입니다. 혹시 다른 질문이 있으시면 언제든지 말씀해주세요.",0.3199211674903779,0.4615910714691945,0.2777777777777778,0
GitHub Enterprise SSH 키 등록 오류,Short_History,2,2,328,501,829,3.2431542560000253,"네, 알겠습니다. 먼저, 문제 해결을 위해 다음 단계를 따르세요.

1.  **`ssh-add` 명령어 실행:** 터미널을 열고 `ssh-add` 명령어를 실행합니다.
2.  **키 등록 확인:** `ssh-add` 명령어를 실행하면, GitHub 프로필에 등록된 키가 목록에 나타날 것입니다.  만약 키가 목록에 나타나지 않는다면, 키가 제대로 등록되지 않았거나, GitHub Enterprise에 접근할 권한이 없는 것입니다.
3.  **키 확인:**  `ssh-add` 명령어를 실행하면, 키가 성공적으로 등록되었는지 확인합니다.  등록된 키가 정확히 GitHub 프로필에 등록되어 있는지 확인하세요.
4.  **SSH 설정 확인:**  SSH 설정이 올바른지 확인합니다.  `~/.ssh/config` 파일이 올바르게 설정되어 있는지 확인하고, SSH 연결 설정이 제대로 되어 있는지 확인합니다.
5.  **GitHub Enterprise 접근:**  `ssh-add` 명령어를 실행한 후, GitHub Enterprise에 접속을 시도해 보세요.

**참고:**  만약 `ssh-add` 명령어가 오류를 발생시키거나, 키 등록이 제대로 되지 않는다면, GitHub Enterprise에 대한 접근 권한이 있는지 확인해 보세요.  혹시 다른 계정으로 로그인하여 접속을 시도해 보시는 것도 좋은 방법입니다.

이 단계를 따라가면 문제 해결에 도움이 될 것입니다.  혹시 문제가 발생하면 언제든지 다시 문의해주세요.",0.7749138817803235,0.223525937350765,0.25,0
GitHub Enterprise SSH 키 등록 오류,Long_History,2,6,259,607,866,2.570472059000167,"네, 알겠습니다. 먼저, 다음 단계를 따르세요.

1.  **SSH-add 명령어 실행:** 터미널을 열고 `ssh-add` 명령어를 실행합니다.
2.  **키 등록 확인:** `ssh-add` 명령어를 실행하면, GitHub 프로필에 등록된 키가 목록에 나타날 것입니다.
3.  **키 확인:**  `ssh-add` 명령어를 실행하면, 키가 제대로 등록되었는지 확인합니다.  키가 등록되지 않으면, 키를 다시 등록해 보세요.
4.  **GitHub Enterprise 접근:**  `ssh-add` 명령어를 실행한 후, GitHub Enterprise에 접근을 시도해 보세요.

만약 키 등록이 제대로 되지 않는다면, 다음 사항을 확인해 보세요.

*   **SSH 설정 확인:** SSH 설정이 올바른지 확인하세요. (예: `~/.ssh/config` 파일에 SSH 연결 설정이 올바른지 확인)
*   **SSH 키 파일:**  `~/.ssh/id_rsa.pub` 파일이 GitHub 프로필에 정확하게 등록되어 있는지 확인하세요.

이 단계를 따라 진행해 보시고, 문제가 해결되지 않으면 다시 문의해 주세요.",0.2117917186161031,0.2407343302394284,0.2631578947368421,0
GitHub Enterprise SSH 키 등록 오류,Forced_JSON_Format,2,2,205,527,732,2.0351634500000273,"```json
{
  ""status"": ""success"",
  ""topic"": ""GitHub Enterprise SSH 키 등록 오류 해결"",
  ""solution_steps"": [
    ""1. Permission Denied (publickey) 에러 메시지가 표시되는 경우, 로컬의 ~/.ssh/id_rsa.pub 키 값이 GitHub 프로필 설정의 'SSH and GPG keys'에 정확히 등록되어 있는지 확인합니다."",
    ""2. ssh-add 명령어를 사용하여 키가 등록되었는지 점검합니다. 터미널에서 다음 명령어를 실행하여 키가 등록되었는지 확인할 수 있습니다."",
    ""3. Visual Studio Code의 테마를 바꾸려면 Ctrl+K Ctrl+T를 차례대로 누른 뒤 원하는 색상 테마를 위아래 방향키로 선택합니다."",
    ""4. 위의 단계를 모두 완료한 후, GitHub Enterprise에 접근하여 SSH 키가 정상적으로 등록되었는지 확인합니다.""
  ]
}
```",0.5240806661820482,0.6878090853652168,0.6774193548387097,1
GitHub Enterprise SSH 키 등록 오류,Hallucination_Defense,3,2,147,517,664,1.4648241989998496,"네, 알겠습니다. 먼저, Visual Studio Code의 테마를 바꾸는 방법은 다음과 같습니다.

1.  **Ctrl + K** 키를 누릅니다.
2.  **Ctrl + T** 키를 누릅니다.
3.  **위아래 방향키**를 사용하여 원하는 색상 테마를 선택합니다.

이 두 가지 방법으로도 문제가 해결되지 않는다면, 다음 사항을 확인해 보시는 것이 좋습니다.

*   Visual Studio Code가 최신 버전인지 확인해 보세요.
*   Visual Studio Code를 재시작해 보세요.

이 외에도 다른 해결 방법이 있을 수 있습니다. 혹시 다른 문제가 발생하면 알려주세요.",0.1458495333001975,0.0647479308785314,0.0,0
GitHub Enterprise SSH 키 등록 오류,Mixed_Stress_Test,6,6,540,766,1306,5.332950718999882,"```json
{
  ""steps"": [
    {
      ""step_number"": 1,
      ""instruction"": ""GitHub Enterprise SSH 키 등록 오류 해결을 위한 첫 번째 단계는 사내 동호회 지원금 신청을 확인하는 것입니다. 매월 25일까지 총무팀으로 영수증을 첨부하여 제출해야 합니다."",
      ""details"": ""영수증을 제출하는 것이 중요합니다.  영수증을 제출하지 않으면 해결이 어렵습니다.""
    },
    {
      ""step_number"": 2,
      ""instruction"": ""Visual Studio Code 테마 변경 방법입니다. Ctrl+K Ctrl+T를 누르고, 원하는 색상 테마를 위아래 방향키로 선택합니다."",
      ""details"": ""이 방법은 Visual Studio Code의 테마를 변경하는 일반적인 방법입니다.  색상 테마를 변경하여 원하는 느낌을 찾아보세요.""
    },
    {
      ""step_number"": 3,
      ""instruction"": ""GitHub Enterprise에 접근할 때 Permission Denied (publickey) 에러가 발생하면, 로컬의 ~/.ssh/id_rsa.pub 키 값이 GitHub 프로필 설정의 'SSH and GPG keys'에 정확히 등록되어 있는지 확인해야 합니다. 또한 ssh-add 명령어로 에이전트에 키가 등록되었는지 점검하세요."",
      ""details"": ""이 에러는 SSH 키가 제대로 등록되지 않았거나, GitHub 프로필 설정에 정확하게 등록되지 않았을 때 발생합니다.  `ssh-add` 명령어를 사용하여 키가 등록되었는지 확인하는 것이 중요합니다.""
    },
    {
      ""step_number"": 4,
      ""instruction"": ""사내 도서관 정보입니다. 본관 3층에 위치하며, 1회 대출 시 최대 3권, 대출 기간은 14일이며 연장은 1회(7일) 가능합니다."",
      ""details"": ""사내 도서관 위치와 대출 정책을 확인하세요.  연장 가능 여부를 확인하는 것이 중요합니다.""
    },
    {
      ""step_number"": 5,
      ""instruction"": ""긴급 장애 발생 시 사내 메신저 IT-Help 채널로 다이렉트 메시지를 발송해 주십시오."",
      ""details"": ""사내 IT-Help 채널을 통해 문제 발생 시 즉시 연락을 취하는 것이 중요합니다.""
    }
  ]
}
```",0.467052298498604,0.3470769674982662,0.1927710843373494,1
Docker Desktop 가상 디스크 용량 초과,Baseline,3,2,375,471,846,3.708497515999852,"네, Docker Desktop 가상 디스크 용량 초과 문제 해결을 위한 단계별 안내입니다.

1.  **Docker System Prune -a 명령 실행:**
    *   Docker Desktop을 실행하고, Docker Desktop 메뉴에서 ""시스템 정리""를 선택합니다.
    *   ""시스템 정리"" 메뉴에서 ""시스템 정리""를 클릭합니다.
    *   ""시스템 정리"" 창에서 ""시스템 정리""를 선택합니다.
    *   ""시스템 정리"" 창에서 ""컨테이너 및 볼륨 삭제""를 선택합니다.
    *   ""컨테이너 및 볼륨 삭제"" 창에서 ""안 쓰는 컨테이너와 볼륨 삭제""를 선택합니다.
    *   ""확인"" 버튼을 클릭합니다.

2.  **Virtual disk limit 크기 늘리기:**
    *   ""컨테이너 및 볼륨 삭제"" 창에서 ""Virtual disk limit 크기 늘리기""를 선택합니다.
    *   ""Virtual disk limit 크기 늘리기"" 창에서 ""최대 용량""을 원하는 용량으로 설정합니다. (예: 100GB)
    *   ""확인"" 버튼을 클릭합니다.

3.  **재시도:**
    *   시스템 정리 프로세스가 완료될 때까지 기다립니다.
    *   시스템 정리 프로세스가 완료되면, Docker Desktop을 다시 시작합니다.

**주의사항:**
*   시스템 정리 과정에서 사용 중인 모든 컨테이너와 볼륨이 삭제됩니다.
*   시스템 정리 후에는 사용 중인 모든 컨테이너와 볼륨이 다시 사용 가능해집니다.

이 단계를 완료하면 Docker Desktop 가상 디스크 용량 초과 문제가 해결될 것입니다. 혹시 문제가 발생하면 알려주세요.",0.3191319150002852,0.2126245990589416,0.2162162162162162,0
Docker Desktop 가상 디스크 용량 초과,Context_Summarized,1,2,374,498,872,3.6982343439999568,"네, Docker Desktop 가상 디스크 용량 초과 문제를 해결하기 위한 단계별 안내입니다.

1.  **Docker Desktop 실행 중 'No space left on device' 에러 발생 확인:** 먼저 Docker Desktop이 정상적으로 실행 중인지 확인해 주세요. 실행 중이지 않다면, Docker Desktop을 다시 시작해 보세요.
2.  **docker system prune -a --volumes 명령 실행:** Docker Desktop의 가상 디스크 용량 초과 문제를 해결하기 위해 `docker system prune -a --volumes` 명령어를 실행합니다. 이 명령어는 사용하지 않는 모든 컨테이너와 볼륨을 삭제합니다.
    *   **주의:** 이 명령어는 삭제될 모든 컨테이너와 볼륨을 삭제하므로, 삭제 전에 중요한 데이터가 있는 컨테이너는 백업해 두는 것이 좋습니다.
3.  **명령어 실행:** 터미널 또는 명령 프롬프트에서 다음 명령어를 입력하고 실행합니다.
    ```bash
    docker system prune -a --volumes
    ```
4.  **확인:** 명령어가 완료되면 'Space left on device' 에러가 사라지고, 컨테이너가 삭제되었는지 확인합니다.
5.  **필요한 경우, 볼륨 설정 확인:**  만약 삭제 후에도 문제가 지속된다면, Docker Desktop의 볼륨 설정에서 Virtual disk limit 크기를 늘려보는 것을 고려해 보세요. (이 방법은 Docker Desktop의 설정 메뉴에서 변경할 수 있습니다.)

**참고:**  이 명령어는 사용하지 않는 모든 컨테이너와 볼륨을 삭제하므로, 중요한 데이터가 있는 컨테이너는 백업해 두는 것이 좋습니다.

혹시 이 과정에서 문제가 발생하거나, 더 자세한 설명이 필요하시면 언제든지 다시 질문해주세요.",0.593330138959012,0.2955487225762596,0.3157894736842105,0
Docker Desktop 가상 디스크 용량 초과,Max_Chunks,6,2,548,661,1209,5.4152506400000675,"네, 알겠습니다. Docker Desktop 가상 디스크 용량 초과 문제 해결을 위한 단계별 안내입니다.

1.  **Docker Desktop 실행 중 'No space left on device' 에러 발생 원인 확인:** Docker Desktop 실행 중 'No space left on device' 에러가 발생하는 원인은 가상 디스크(qcow2/vhdx) 용량이 한계에 도달했기 때문입니다.
2.  **`docker system prune -a --volumes` 명령 실행:**
    *   Docker Desktop을 실행하고, Docker Desktop 메뉴에서 ""Settings""를 클릭합니다.
    *   ""Resources"" 탭으로 이동합니다.
    *   ""Volumes"" 섹션에서 ""Remove containers that are using this volume"" 옵션을 선택합니다.
    *   ""Remove unused densities"" 옵션을 선택합니다.
    *   ""Remove all stopped containers"" 옵션을 선택합니다.
    *   ""Remove all dangling images"" 옵션을 선택합니다.
    *   ""Apply"" 버튼을 클릭하여 명령을 실행합니다.
3.  **컨테이너 및 볼륨 삭제:**  `docker system prune -a --volumes` 명령이 완료되면, Docker Desktop이 가상 디스크를 정리합니다.  이 과정에서 사용하지 않는 컨테이너와 볼륨이 삭제됩니다.
4.  **Virtual disk limit 크기 늘리기:**  사내 동호회 지원금 신청은 매월 25일까지 총무팀으로 영수증을 첨부하여 제출하셔야 하며, 인당 최대 3만원까지 지원됩니다.  이러한 사항은 사내 동호회 지원금 신청을 통해 확인하시기 바랍니다.
5.  **Visual Studio Code 테마 변경:** Visual Studio Code의 테마를 바꾸려면 Ctrl+K Ctrl+T를 차례대로 누른 뒤 원하는 색상 테마를 위아래 방향키로 선택하시면 됩니다.
6.  **사내 도서관 이용:** 사내 도서관은 본관 3층에 위치해 있으며, 1회 대출 시 최대 3권, 대출 기간은 14일이며 연장은 1회(7일) 가능합니다.
7.  **긴급 장애 발생 시 메신저 IT-Help 채널:** 긴급 장애 발생 시 사내 메신저 IT-Help 채널로 다이렉트 메시지를 발송해 주십시오.

이 단계를 따라 진행하시면 Docker Desktop 가상 디스크 용량 초과 문제를 해결할 수 있을 것입니다. 혹시 문제가 발생하면 언제든지 다시 문의해주세요.",0.3658710500438995,0.2798499607398041,0.18,0
Docker Desktop 가상 디스크 용량 초과,High_Noise,4,2,3492,604,4096,34.374691213000006,"네, 알겠습니다. Docker Desktop 가상 디스크 용량 초과 문제 해결을 위한 단계별 안내입니다.

1.  **Docker System Prune -a 명령어를 실행합니다.**
    *   Docker Desktop을 실행하고, Docker 구성 메뉴에서 ""시스템 정리""를 선택합니다.
    *   ""시스템 정리"" 탭에서 ""시스템 정리""를 클릭합니다.
    *   ""시스템 정리"" 탭에서 ""시스템 정리""를 클릭합니다.
    *   ""시스템 정리"" 탭에서 ""시스템 정리""를 클릭합니다.
    *   ""시스템 정리"" 탭에서 ""시스템 정리""를 클릭합니다.
    *   ""시스템 정리"" 탭에서 ""시스템 정리""를 클릭합니다.
    *   ""시스템 정리"" 탭에서 ""시스템 정리""를 클릭합니다.
    *   ""시스템 정리"" 탭에서 ""시스템 정리""를 클릭합니다.
    *   ""시스템 정리"" 탭에서 ""시스템 정리""를 클릭합니다.
    *   ""시스템 정리"" 탭에서 ""시스템 정리""를 클릭합니다.
    *   ""시스템 정리"" 탭에서 ""시스템 정리""를 클릭합니다.
    *   ""시스템 정리"" 탭에서 ""시스템 정리""를 클릭합니다.
    *   ""시스템 정리"" 탭에서 ""시스템 정리""를 클릭합니다.
    *   ""시스템 정리"" 탭에서 ""시스템 정리""를 클릭합니다.
    *   ""시스템 정리"" 탭에서 ""시스템 정리""를 클릭합니다.
    *   ""시스템 정리"" 탭에서 ""시스템 정리""를 클릭합니다.
    *   ""시스템 정리"" 탭에서 ""시스템 정리""를 클릭합니다.
    *   ""시스템 정리"" 탭에서 ""시스템 정리""를 클릭합니다.
    *   ""시스템 정리"" 탭에서 ""시스템 정리""를 클릭합니다.
    *   ""시스템 정리"" 탭에서 ""시스템 정리""를 클릭합니다.
    *   ""시스템 정리"" 탭에서 ""시스템 정리""를 클릭합니다.
    *   ""시스템 정리"" 탭에서 ""시스템 정리""를 클릭합니다.
    *   ""시스템 정리"" 탭에서 ""시스템 정리""를 클릭합니다.
    *   ""시스템 정리"" 탭에서 ""시스템 정리""를 클릭합니다.
    *   ""시스템 정리"" 탭에서 ""시스템 정리""를 클릭합니다.
    *   ""시스템 정리"" 탭에서 ""시스템 정리""를 클릭합니다.
    *   ""시스템 정리"" 탭에서 ""시스템 정리""를 클릭합니다.
    *   ""시스템 정리"" 탭에서 ""시스템 정리""를 클릭합니다.
    *   ""시스템 정리"" 탭에서 ""시스템 정리""를 클릭합니다.
    *   ""시스템 정리"" 탭에서 ""시스템 정리""를 클릭합니다.
    *   ""시스템 정리"" 탭에서 ""시스템 정리""를 클릭합니다.
    *   ""시스템 정리"" 탭에서 ""시스템 정리""를 클릭합니다.
    *   ""시스템 정리"" 탭에서 ""시스템 정리""를 클릭합니다.
    *   ""시스템 정리"" 탭에서 ""시스템 정리""를 클릭합니다.
    *   ""시스템 정리"" 탭에서 ""시스템 정리""를 클릭합니다.
    *   ""시스템 정리"" 탭에서 ""시스템 정리""를 클릭합니다.
    *   ""시스템 정리"" 탭에서 ""시스템 정리""를 클릭합니다.
    *   ""시스템 정리"" 탭에서 ""시스템 정리""를 클릭합니다.
    *   ""시스템 정리"" 탭에서 ""시스템 정리""를 클릭합니다.
    *   ""시스템 정리"" 탭에서 ""시스템 정리""를 클릭합니다.
    *   ""시스템 정리"" 탭에서 ""시스템 정리""를 클릭합니다.
    *   ""시스템 정리"" 탭에서 ""시스템 정리""를 클릭합니다.
    *   ""시스템 정리"" 탭에서 ""시스템 정리""를 클릭합니다.
    *   ""시스템 정리"" 탭에서 ""시스템 정리""를 클릭합니다.
    *   ""시스템 정리"" 탭에서 ""시스템 정리""를 클릭합니다.
    *   ""시스템 정리"" 탭에서 ""시스템 정리""를 클릭합니다.
    *   ""시스템 정리"" 탭에서 ""시스템 정리""를 클릭합니다.
    *   ""시스템 정리"" 탭에서 ""시스템 정리""를 클릭합니다.
    *   ""시스템 정리"" 탭에서 ""시스템 정리""를 클릭합니다.
    *   ""시스템 정리"" 탭에서 ""시스템 정리""를 클릭합니다.
    *   ""시스템 정리"" 탭에서 ""시스템 정리""를 클릭합니다.
    *   ""시스템 정리"" 탭에서 ""시스템 정리""를 클릭합니다.
    *   ""시스템 정리"" 탭에서 ""시스템 정리""를 클릭합니다.
    *   ""시스템 정리"" 탭에서 ""시스템 정리""를 클릭합니다.
    *   ""시스템 정리"" 탭에서 ""시스템 정리""를 클릭합니다.
    *   ""시스템 정리"" 탭에서 ""시스템 정리""를 클릭합니다.
    *   ""시스템 정리"" 탭에서 ""시스템 정리""를 클릭합니다.
    *   ""시스템 정리"" 탭에서 ""시스템 정리""를 클릭합니다.
    *   ""시스템 정리"" 탭에서 ""시스템 정리""를 클릭합니다.
    *   ""시스템 정리"" 탭에서 ""시스템 정리""를 클릭합니다.
    *   ""시스템 정리"" 탭에서 ""시스템 정리""를 클릭합니다.
    *   ""시스템 정리"" 탭에서 ""시스템 정리""를 클릭합니다.
    *   ""시스템 정리"" 탭에서 ""시스템 정리""를 클릭합니다.
    *   ""시스템 정리"" 탭에서 ""시스템 정리""를 클릭합니다.
    *   ""시스템 정리"" 탭에서 ""시스템 정리""를 클릭합니다.
    *   ""시스템 정리"" 탭에서 ""시스템 정리""를 클릭합니다.
    *   ""시스템 정리"" 탭에서 ""시스템 정리""를 클릭합니다.
    *   ""시스템 정리"" 탭에서 ""시스템 정리""를 클릭합니다.
    *   ""시스템 정리"" 탭에서 ""시스템 정리""를 클릭합니다.
    *   ""시스템 정리"" 탭에서 ""시스템 정리""를 클릭합니다.
    *   ""시스템 정리"" 탭에서 ""시스템 정리""를 클릭합니다.
    *   ""시스템 정리"" 탭에서 ""시스템 정리""를 클릭합니다.
    *   ""시스템 정리"" 탭에서 ""시스템 정리""를 클릭합니다.
    *   ""시스템 정리"" 탭에서 ""시스템 정리""를 클릭합니다.
    *   ""시스템 정리"" 탭에서 ""시스템 정리""를 클릭합니다.
    *   ""시스템 정리"" 탭에서 ""시스템 정리""를 클릭합니다.
    *   ""시스템 정리"" 탭에서 ""시스템 정리""를 클릭합니다.
    *   ""시스템 정리"" 탭에서 ""시스템 정리""를 클릭합니다.
    *   ""시스템 정리"" 탭에서 ""시스템 정리""를 클릭합니다.
    *   ""시스템 정리"" 탭에서 ""시스템 정리""를 클릭합니다.
    *   ""시스템 정리"" 탭에서 ""시스템 정리""를 클릭합니다.
    *   ""시스템 정리"" 탭에서 ""시스템 정리""를 클릭합니다.
    *   ""시스템 정리"" 탭에서 ""시스템 정리""를 클릭합니다.
    *   ""시스템 정리"" 탭에서 ""시스템 정리""를 클릭합니다.
    *   ""시스템 정리"" 탭에서 ""시스템 정리""를 클릭합니다.
    *   ""시스템 정리"" 탭에서 ""시스템 정리""를 클릭합니다.
    *   ""시스템 정리"" 탭에서 ""시스템 정리""를 클릭합니다.
    *   ""시스템 정리"" 탭에서 ""시스템 정리""를 클릭합니다.
    *   ""시스템 정리"" 탭에서 ""시스템 정리""를 클릭합니다.
    *   ""시스템 정리"" 탭에서 ""시스템 정리""를 클릭합니다.
    *   ""시스템 정리"" 탭에서 ""시스템 정리""를 클릭합니다.
    *   ""시스템 정리"" 탭에서 ""시스템 정리""를 클릭합니다.
    *   ""시스템 정리"" 탭에서 ""시스템 정리""를 클릭합니다.
    *   ""시스템 정리"" 탭에서 ""시스템 정리""를 클릭합니다.
    *   ""시스템 정리"" 탭에서 ""시스템 정리""를 클릭합니다.
    *   ""시스템 정리"" 탭에서 ""시스템 정리""를 클릭합니다.
    *   ""시스템 정리"" 탭에서 ""시스템 정리""를 클릭합니다.
    *   ""시스템 정리"" 탭에서 ""시스템 정리""를 클릭합니다.
    *   ""시스템 정리"" 탭에서 ""시스템 정리""를 클릭합니다.
    *   ""시스템 정리"" 탭에서 ""시스템 정리""를 클릭합니다.
    *   ""시스템 정리"" 탭에서 ""시스템 정리""를 클릭합니다.
    *   ""시스템 정리"" 탭에서 ""시스템 정리""를 클릭합니다.
    *   ""시스템 정리"" 탭에서 ""시스템 정리""를 클릭합니다.
    *   ""시스템 정리"" 탭에서 ""시스템 정리""를 클릭합니다.
    *   ""시스템 정리"" 탭에서 ""시스템 정리""를 클릭합니다.
    *   ""시스템 정리"" 탭에서 ""시스템 정리""를 클릭합니다.
    *   ""시스템 정리"" 탭에서 ""시스템 정리""를 클릭합니다.
    *   ""시스템 정리"" 탭에서 ""시스템 정리""를 클릭합니다.
    *   ""시스템 정리"" 탭에서 ""시스템 정리""를 클릭합니다.
    *   ""시스템 정리"" 탭에서 ""시스템 정리""를 클릭합니다.
    *   ""시스템 정리"" 탭에서 ""시스템 정리""를 클릭합니다.
    *   ""시스템 정리"" 탭에서 ""시스템 정리""를 클릭합니다.
    *   ""시스템 정리"" 탭에서 ""시스템 정리""를 클릭합니다.
    *   ""시스템 정리"" 탭에서 ""시스템 정리""를 클릭합니다.
    *   ""시스템 정리"" 탭에서 ""시스템 정리""를 클릭합니다.
    *   ""시스템 정리"" 탭에서 ""시스템 정리""를 클릭합니다.
    *   ""시스템 정리"" 탭에서 ""시스템 정리""를 클릭합니다.
    *   ""시스템 정리"" 탭에서 ""시스템 정리""를 클릭합니다.
    *   ""시스템 정리"" 탭에서 ""시스템 정리""를 클릭합니다.
    *   ""시스템 정리"" 탭에서 ""시스템 정리""를 클릭합니다.
    *   ""시스템 정리"" 탭에서 ""시스템 정리""를 클릭합니다.
    *   ""시스템 정리"" 탭에서 ""시스템 정리""를 클릭합니다.
    *   ""시스템 정리"" 탭에서 ""시스템 정리""를 클릭합니다.
    *   ""시스템 정리"" 탭에서 ""시스템 정리""를 클릭합니다.
    *   ""시스템 정리"" 탭에서 ""시스템 정리""를 클릭합니다.
    *   ""시스템 정리"" 탭에서 ""시스템 정리""를 클릭합니다.
    *   ""시스템 정리"" 탭에서 ""시스템 정리""를 클릭합니다.
    *   ""시스템 정리"" 탭에서 ""시스템 정리""를 클릭합니다.
    *   ""시스템 정리"" 탭에서 ""시스템 정리""를 클릭합니다.
    *   ""시스템 정리"" 탭에서 ""시스템 정리""를 클릭합니다.
    *   ""시스템 정리"" 탭에서 ""시스템 정리""를 클릭합니다.
    *   ""시스템 정리"" 탭에서 ""시스템 정리""를 클릭합니다.
    *   ""시스템 정리"" 탭에서 ""시스템 정리""를 클릭합니다.
    *   ""시스템 정리"" 탭에서 ""시스템 정리""를 클릭합니다.
    *   ""시스템 정리"" 탭에서 ""시스템 정리""를 클릭합니다.
    *   ""시스템 정리"" 탭에서 ""시스템 정리""를 클릭합니다.
    *   ""시스템 정리"" 탭에서 ""시스템 정리""를 클릭합니다.
    *   ""시스템 정리"" 탭에서 ""시스템 정리""를 클릭합니다.
    *   ""시스템 정리"" 탭에서 ""시스템 정리""를 클릭합니다.
    *   ""시스템 정리"" 탭에서 ""시스템 정리""를 클릭합니다.
    *   ""시스템 정리"" 탭에서 ""시스템 정리""를 클릭합니다.
    *   ""시스템 정리"" 탭에서 ""시스템 정리""를 클릭합니다.
    *   ""시스템 정리"" 탭에서 ""시스템 정리""를 클릭합니다.
    *   ""시스템 정리"" 탭에서 ""시스템 정리""를 클릭합니다.
    *   ""시스템 정리"" 탭에서 ""시스템 정리""를 클릭합니다.
    *   ""시스템 정리"" 탭에서 ""시스템 정리""를 클릭합니다.
    *   ""시스템 정리"" 탭에서 ""시스템 정리""를 클릭합니다.
    *   ""시스템 정리"" 탭에서 ""시스템 정리""를 클릭합니다.
    *   ""시스템 정리"" 탭에서 ""시스템 정리""를 클릭합니다.
    *   ""시스템 정리"" 탭에서 ""시스템 정리""를 클릭합니다.
    *   ""시스템 정리"" 탭에서 ""시스템 정리""를 클릭합니다.
    *   ""시스템 정리"" 탭에서 ""시스템 정리""를 클릭합니다.
    *   ""시스템 정리"" 탭에서 ""시스템 정리""를 클릭합니다.
    *   ""시스템 정리"" 탭에서 ""시스템 정리""를 클릭합니다.
    *   ""시스템 정리"" 탭에서 ""시스템 정리""를 클릭합니다.
    *   ""시스템 정리"" 탭에서 ""시스템 정리""를 클릭합니다.
    *   ""시스템 정리"" 탭에서 ""시스템 정리""를 클릭합니다.
    *   ""시스템 정리"" 탭에서 ""시스템 정리""를 클릭합니다.
    *   ""시스템 정리"" 탭에서 ""시스템 정리""를 클릭합니다.
    *   ""시스템 정리"" 탭에서 ""시스템 정리""를 클릭합니다.
    *   ""시스템 정리"" 탭에서 ""시스템 정리""를 클릭합니다.
    *   ""시스템 정리"" 탭에서 ""시스템 정리""를 클릭합니다.
    *   ""시스템 정리"" 탭에서 ""시스템 정리""를 클릭합니다.
    *   ""시스템 정리"" 탭에서 ""시스템 정리""를 클릭합니다.
    *   ""시스템 정리"" 탭에서 ""시스템 정리""를 클릭합니다.
    *   ""시스템 정리"" 탭에서 ""시스템 정리""를 클릭합니다.
    *   ""시스템 정리"" 탭에서 ""시스템 정리""를 클릭합니다.
    *   ""시스템 정리"" 탭에서 ""시스템 정리""를 클릭합니다.
    *   ""시스템 정리"" 탭에서 ""시스템 정리""를 클릭합니다.
    *   ""시스템 정리"" 탭에서 ""시스템 정리""를 클릭합니다.
    *   ""시스템 정리"" 탭에서 ""시스템 정리""를 클릭합니다.
    *   ""시스템 정리"" 탭에서 ""시스템 정리""를 클릭합니다.
    *   ""시스템 정리"" 탭에서 ""시스템 정리""를 클릭합니다.
    *   ""시스템 정리"" 탭에서 ""시스템 정리""를 클릭합니다.
    *   ""시스템 정리"" 탭에서 ""시스템 정리""를 클릭합니다.
    *   ""시스템 정리"" 탭에서 ""시스템 정리""를 클릭합니다.
    *   ""시스템 정리"" 탭에서 ""시스템 정리""를 클릭합니다.
    *   ""시스템 정리"" 탭에서 ""시스템 정리""를 클릭합니다.
    *   ""시스템 정리"" 탭에서 ""시스템 정리""를 클릭합니다.
    *   ""시스템 정리"" 탭에서 ""시스템 정리""를 클릭합니다.
    *   ""시스템 정리"" 탭에서 ""시스템 정리""를 클릭합니다.
    *   ""시스템 정리"" 탭",,0.0340979389028533,0.4000000000000001,0
Docker Desktop 가상 디스크 용량 초과,Ranking_Swapped,4,2,353,604,957,3.488268498000025,"네, 알겠습니다. Docker Desktop 가상 디스크 용량 초과 문제 해결을 위한 단계별 안내입니다.

1.  **Docker Desktop 실행 중 'No space left on device' 에러 발생 확인:** 먼저 Docker Desktop이 정상적으로 실행 중인지 확인해 주세요. 실행 중이지 않다면, Docker Desktop을 다시 시작해 보세요.
2.  **컨테이너 및 볼륨 삭제:** 'docker system prune -a --volumes' 명령어를 실행하여 사용하지 않는 컨테이너와 볼륨을 삭제합니다. 이 명령어는 모든 컨테이너와 볼륨을 삭제하므로 주의해서 사용해야 합니다.
3.  **Virtual disk limit 크기 늘리기:** Docker Desktop 설정에서 Virtual disk limit 크기를 늘려줍니다.
    *   Docker Desktop 설정 메뉴에서 ""Resources""를 선택합니다.
    *   ""Virtualization"" 탭에서 ""Virtual disk limit""를 클릭합니다.
    *   ""Increase"" 버튼을 클릭하여 원하는 크기로 값을 늘립니다. (예: 10GB 이상)
4.  **대시보드 설정 확인:** Virtual disk limit 크기를 늘린 후, 대시보드 설정에서 Virtual disk limit 크기를 늘려야 합니다.
    *   Docker Desktop 설정 메뉴에서 ""Resources""를 선택합니다.
    *   ""Virtualization"" 탭에서 ""Virtual disk limit""를 클릭합니다.
    *   ""Increase"" 버튼을 클릭하여 원하는 크기로 값을 늘립니다. (예: 10GB 이상)

이 단계를 완료하면 Docker Desktop 가상 디스크 용량 초과 문제가 해결될 것입니다. 문제가 지속된다면, 다시 한번 확인해 주세요.",0.3663579096638216,0.2890616023334868,0.2727272727272727,0
Docker Desktop 가상 디스크 용량 초과,Short_History,2,2,349,514,863,3.4486356489999253,"네, 알겠습니다. Docker Desktop 가상 디스크 용량 초과 문제 해결을 위한 단계별 안내입니다.

1.  **Docker Desktop 실행 중 'No space left on device' 에러 발생 원인 확인:** 먼저 Docker Desktop이 실행 중이신지 확인해주세요. 실행 중이라면, Docker Desktop을 종료하고 다시 시작해 보세요.
2.  **컨테이너 및 볼륨 삭제:**
    *   Docker Desktop을 종료합니다.
    *   Docker Desktop을 실행하고, 'Devices' 탭으로 이동합니다.
    *   가상 디스크(qcow2/vhdx)를 선택합니다.
    *   'Remove' 버튼을 클릭하여 안 쓰는 컨테이너와 볼륨을 삭제합니다.
3.  **대시보드 설정에서 Virtual disk limit 크기 늘리기:**
    *   Docker Desktop을 다시 시작합니다.
    *   'Devices' 탭으로 이동합니다.
    *   가상 디스크를 선택합니다.
    *   'Virtual disk limit' 탭을 클릭합니다.
    *   'Increase' 버튼을 클릭하여 Virtual disk limit 크기를 늘립니다. (최대 3만원까지 지원됩니다.)
4.  **실행 후 확인:**
    *   Docker Desktop을 다시 시작하여 문제가 해결되었는지 확인합니다.

**참고:**
*   대시보드 설정에서 Virtual disk limit 크기를 늘리는 것은 사내 동호회 지원금 신청을 위한 절차입니다.
*   인당 최대 3만원까지 지원됩니다.

혹시 이 과정에서 문제가 발생하면 언제든지 다시 문의해주세요.",0.486822448725345,0.3470983471007893,0.3272727272727272,0
Docker Desktop 가상 디스크 용량 초과,Long_History,2,6,566,620,1186,5.584530158999996,"알겠습니다. Docker Desktop 가상 디스크 용량 초과 문제 해결을 위한 단계별 안내입니다.

**1단계: Docker Desktop 재시작**

*   Docker Desktop을 완전히 종료합니다. (Dock에서 Dock 버튼을 클릭하거나, 메뉴에서 'Docker Desktop'을 선택하여 종료합니다.)
*   Docker Desktop을 다시 시작합니다.

**2단계: Docker 시스템 정리 (docker system prune -a)**

*   Docker Desktop을 실행합니다.
*   Docker 명령어를 실행합니다.
*   `docker system prune -a` 명령어를 입력하고 Enter 키를 누릅니다.
*   이 명령어는 사용하지 않는 컨테이너와 볼륨을 삭제합니다. (주의: 삭제될 내용이 많으므로, 삭제 전에 백업을 하는 것이 좋습니다.)
*   **중요:** 삭제 과정에서 문제가 발생하면, Docker Desktop을 다시 시작하고 다시 시도해 보세요.

**3단계: Virtual disk limit 크기 늘리기 (Virtual disk limit 크기 늘리기)**

*   Docker Desktop을 실행합니다.
*   Docker 명령어를 실행합니다.
*   `docker device ls` 명령어를 실행하여 현재 사용 중인 디바이스를 확인합니다.
*   `docker device prune` 명령어를 실행하여 사용하지 않는 디바이스를 삭제합니다.
*   `docker volume prune` 명령어를 실행하여 사용하지 않는 볼륨을 삭제합니다.
*   **중요:**  이 단계는 사내 동호회 지원금 신청에 영향을 미칠 수 있으므로, 반드시 총무팀에 확인 후 진행하시기 바랍니다.

**4단계:  Virtual disk limit 크기 확인 및 조정**

*   Docker 명령어를 실행하여 `docker device ls` 명령어를 다시 실행합니다.
*   `docker device ls` 결과에서 사용 중인 디바이스를 확인합니다.
*   `docker device prune` 명령어를 실행하여 사용하지 않는 디바이스를 삭제합니다.
*   `docker volume prune` 명령어를 실행하여 사용하지 않는 볼륨을 삭제합니다.

**5단계:  총무팀에 확인 및 지원 요청**

*   위의 단계를 모두 완료한 후, 사내 동호회 지원금 신청을 위해 총무팀에 확인하고 지원 요청을 제출하세요.

**참고:**

*   위의 단계는 일반적인 해결 방법이며, 상황에 따라 다소 차이가 있을 수 있습니다.
*   만약 위 방법으로도 해결되지 않는다면, Docker Desktop 관련 기술 지원팀에 문의하여 도움을 받는 것이 좋습니다.

이 안내가 도움이 되셨기를 바랍니다. 혹시 더 궁금한 점이 있으시면 언제든지 질문해주세요.",0.2370015566171533,0.1528453630651085,0.1282051282051282,0
Docker Desktop 가상 디스크 용량 초과,Forced_JSON_Format,2,2,349,540,889,3.4483393909999904,"```json
{
  ""status"": ""success"",
  ""topic"": ""Docker Desktop 가상 디스크 용량 초과 해결"",
  ""solution_steps"": [
    {
      ""step_number"": 1,
      ""instruction"": ""Docker Desktop 실행 중 'No space left on device' 에러가 발생하는 원인은 가상 디스크(qcow2/vhdx) 용량이 한계에 도달했기 때문입니다."",
      ""details"": ""Docker Desktop 실행 중 가상 디스크 용량이 부족하여 오류가 발생할 수 있습니다. 이 문제를 해결하기 위해 'docker system prune -a --volumes' 명령어를 사용해야 합니다.""
    },
    {
      ""step_number"": 2,
      ""instruction"": ""docker system prune -a --volumes 명령어를 실행합니다."",
      ""details"": ""명령어를 실행하기 전에, 먼저 Docker Desktop을 완전히 종료해야 합니다.  Docker Desktop을 종료한 후, 명령어를 실행합니다.  명령어를 실행하면 사용하지 않는 컨테이너와 볼륨이 삭제됩니다.  **주의:** 이 명령어는 사용하지 않는 모든 볼륨을 삭제합니다.  삭제 전에 백업을 하는 것이 좋습니다.""
    },
    {
      ""step_number"": 3,
      ""instruction"": ""삭제된 볼륨 목록을 확인합니다."",
      ""details"": ""삭제가 완료되면, 삭제된 볼륨 목록을 확인하여 삭제된 볼륨이 실제로 필요한지 확인합니다.  삭제된 볼륨이 필요하지 않다면, 삭제를 취소할 수 있습니다.""
    }
  ]
}
```",0.7129792023098037,0.560172554195505,0.547945205479452,1
Docker Desktop 가상 디스크 용량 초과,Hallucination_Defense,3,2,117,525,642,1.1692655760000434,"네, 알겠습니다. 먼저, Visual Studio Code의 테마를 바꾸는 방법은 다음과 같습니다.

1.  **Ctrl + K** 키를 누릅니다.
2.  **Ctrl + T** 키를 누릅니다.
3.  **색상** 탭을 선택합니다.
4.  **위아래 방향키**를 사용하여 원하는 색상을 선택합니다.

이 방법으로 테마를 변경할 수 있습니다. 혹시 다른 방법으로 테마를 변경하려고 시도하신 적이 있으신가요?",0.1445599826002014,0.051727689222188,0.0,0
Docker Desktop 가상 디스크 용량 초과,Mixed_Stress_Test,6,6,493,779,1272,4.864689458999919,"```json
{
  ""steps"": [
    {
      ""step_number"": 1,
      ""instruction"": ""Docker Desktop 실행을 종료합니다."",
      ""details"": ""Docker Desktop을 완전히 종료해야 합니다. Docking 또는 실행 중인 Docker Desktop을 종료합니다.""
    },
    {
      ""step_number"": 2,
      ""instruction"": ""디스크 공간 사용량을 확인합니다."",
      ""details"": ""Docker Desktop의 디스크 공간 사용량을 확인합니다.  '디스크 사용량' 탭에서 확인 가능합니다.  디스크 공간이 부족한 경우, 다음 단계를 진행합니다.""
    },
    {
      ""step_number"": 3,
      ""instruction"": ""Docker 시스템 정리를 실행합니다."",
      ""details"": ""Docker 시스템 정리를 실행하여 불필요한 컨테이너와 볼륨을 삭제합니다.  다음 명령어를 실행합니다.\n\n`docker system prune -a --volumes`\n\n이 명령어는 사용하지 않는 컨테이너와 볼륨을 삭제합니다.  '--volumes' 옵션은 볼륨을 삭제합니다.  **주의:** 이 명령어는 사용하지 않는 컨테이너와 볼륨을 삭제하므로, 삭제 전에 반드시 확인해야 합니다.""
    },
    {
      ""step_number"": 4,
      ""instruction"": ""Virtual disk limit을 늘립니다."",
      ""details"": ""Virtual disk limit을 늘려 가상 디스크 용량을 늘립니다.  다음 명령어를 실행합니다.\n\n`docker system prune -a --volumes`\n\n이 명령어는 사용하지 않는 컨테이너와 볼륨을 삭제합니다.  **주의:** 이 명령어는 사용하지 않는 컨테이너와 볼륨을 삭제하므로, 삭제 전에 반드시 확인해야 합니다.""
    },
    {
      ""step_number"": 5,
      ""instruction"": ""사내 도서관 이용 안내."",
      ""details"": ""사내 도서관 이용 방법을 확인합니다.  본 가이드는 사내 전체 임직원 공통 지침서의 파생 문서입니다.  사내 도서관 이용 방법은 [사내 도서관 이용 안내 링크]를 참고해주세요.""
    }
  ]
}
```",0.196529035556608,0.2062377137590868,0.1298701298701298,1
AWS CLI 로컬 크레덴셜 만료,Baseline,3,2,348,471,819,3.4360888870000963,"네, 알겠습니다. 먼저, AWS CLI 명령 수행 시 'ExpiredToken' 오류가 뜨는 것은 MFA 연동 임시 세션 토큰의 유효시간(기본 12시간)이 만료되었기 때문입니다. aws sts get-session-token 명령을 통해 새 AccessKey, SecretKey, SessionToken을 발급받아 ~/.aws/credentials 파일에 업데이트해야 합니다.

자, 그럼 다음과 같은 단계를 따라 해보겠습니다.

1.  **AWS CLI로 새 AccessKey, SecretKey, SessionToken 발급:**
    *   터미널을 열고 다음 명령어를 실행합니다.
        ```bash
        aws sts get-session-token
        ```
    *   이 명령어는 새 AccessKey, SecretKey, SessionToken을 발급합니다.
2.  **`.aws/credentials` 파일에 정보 업데이트:**
    *   `~/.aws/credentials` 파일에 발급받은 AccessKey, SecretKey, SessionToken을 추가합니다.
    *   파일을 열고 다음 내용을 확인하세요.
        *   AccessKey: [AccessKey]
        *   SecretKey: [SecretKey]
        *   SessionToken: [SessionToken]
3.  **AWS CLI로 SessionToken 확인:**
    *   이제 AWS CLI로 SessionToken을 확인해 보세요.
        ```bash
        aws sts get-session-token
        ```
    *   이 명령어는 SessionToken이 유효한지 확인합니다.

이 단계를 완료하면 MFA 연동이 정상적으로 설정될 것입니다. 혹시 문제가 발생하면 언제든지 다시 문의해주세요.",0.3813914567478441,0.2884605883678208,0.1515151515151515,0
AWS CLI 로컬 크레덴셜 만료,Context_Summarized,1,2,218,498,716,2.16191340499995,"네, 알겠습니다. AWS CLI 로컬 크레덴셜 만료 문제를 해결하기 위해 다음 단계를 따르시면 됩니다.

1.  **AWS CLI 명령 실행:** 먼저, AWS CLI 명령을 실행합니다. `aws sts get-session-token` 명령을 사용하세요.
2.  **새 AccessKey, SecretKey, SessionToken 발급:** 명령 실행 결과, AWS에서 새 AccessKey, SecretKey, SessionToken을 발급받을 수 있습니다. 이 정보는 `~/.aws/credentials` 파일에 저장됩니다.
3.  **Credentials 파일 업데이트:** `~/.aws/credentials` 파일에 새 AccessKey, SecretKey, SessionToken을 업데이트합니다.
4.  **AWS CLI 재시작:**  AWS CLI를 재시작하여 변경 사항을 적용합니다.

**참고:**  이 과정에서 오류가 발생하면, AWS CLI를 재시작하거나, AWS CLI 설정을 다시 확인해 보세요.

혹시 이 과정에서 문제가 발생하면 언제든지 다시 문의해주세요.",0.4206136825516835,0.1639231382961826,0.1777777777777777,0
AWS CLI 로컬 크레덴셜 만료,Max_Chunks,6,2,477,661,1138,4.709015652000062,"네, 알겠습니다. 먼저, AWS CLI 명령 수행 시 'ExpiredToken' 오류가 뜨는 문제는 MFA 연동 임시 세션 토큰의 유효시간(기본 12시간)이 만료되었기 때문입니다.

1.  **새 AccessKey, SecretKey, SessionToken 발급:**
    *   AWS Management Console ([https://console.aws.amazon.com/](https://console.aws.amazon.com/)) 에 접속합니다.
    *   AWS 계정으로 로그인합니다.
    *   ""IAM & auth"" 메뉴에서 ""Access keys""를 선택합니다.
    *   ""Create Access key"" 버튼을 클릭하여 새 AccessKey를 생성합니다.
    *   ""Secret key"" 버튼을 클릭하여 새 SecretKey를 생성합니다.
    *   ""Session token"" 버튼을 클릭하여 새 SessionToken을 생성합니다.
    *   생성된 AccessKey, SecretKey, SessionToken을 `.aws/credentials` 파일에 저장합니다.

2.  **`.aws/credentials` 파일 업데이트:**
    *   `~/.aws/credentials` 파일을 텍스트 편집기로 열어 기존 내용을 삭제합니다.
    *   새로 생성된 AccessKey, SecretKey, SessionToken을 파일에 추가합니다.
    *   파일을 저장합니다.

3.  **AWS CLI 명령 실행:**
    *   AWS CLI를 실행합니다.
    *   다음 명령어를 사용하여 새 AccessKey, SecretKey, SessionToken을 사용하여 AWS CLI 명령을 실행합니다.
        ```bash
        aws sts get-session-token
        ```
    *   이 명령어를 실행하면, 새 AccessKey, SecretKey, SessionToken이 발급됩니다.

4.  **AWS CLI 명령 실행:**
    *   이제 AWS CLI 명령을 실행할 때, 새 AccessKey, SecretKey, SessionToken을 사용하면 됩니다.

**참고:**
*   이 과정에서 오류가 발생하면, AWS CLI 명령 실행 시 'ExpiredToken' 오류가 발생합니다.
*   이 오류는 MFA 연동 임시 세션 토큰의 유효시간이 만료되었기 때문입니다.

혹시 다른 궁금한 점이 있으신가요?",0.5097189870551079,0.2112534150826861,0.1363636363636363,0
AWS CLI 로컬 크레덴셜 만료,High_Noise,4,2,410,604,1014,4.046746075999863,"네, 알겠습니다. 먼저, ‘ExpiredToken’ 오류가 발생하는 이유를 확인해야 합니다. AWS CLI 명령 수행 시 ‘ExpiredToken’ 오류가 뜨는 것은 MFA 연동 임시 세션 토큰의 유효시간(기본 12시간)이 만료되었기 때문입니다.

다음은 해결 방법입니다.

1.  **AWS STS (Security Token Service)를 이용한 Access Key, Secret Key, SessionToken 발급:**
    *   AWS 콘솔에서 [https://aws.amazon.com/sts/](https://aws.amazon.com/sts/) 에 접속합니다.
    *   “Create New Access Key” 버튼을 클릭합니다.
    *   AWS 계정으로 로그인합니다.
    *   “Create New Secret Key” 버튼을 클릭합니다.
    *   “Create New Session Token” 버튼을 클릭합니다.
    *   이 과정에서 생성되는 Access Key, Secret Key, Session Token을 `.aws/credentials` 파일에 저장합니다.
2.  **`aws sts get-session-token` 명령어 사용:**
    *   터미널 또는 명령 프롬프트에서 다음 명령어를 실행합니다.
        ```bash
        aws sts get-session-token
        ```
    *   이 명령어는 현재 MFA 연동된 세션 토큰을 보여줍니다.
3.  **`~/.aws/credentials` 파일 업데이트:**
    *   `~/.aws/credentials` 파일에 생성된 Access Key, Secret Key, Session Token을 추가합니다.
4.  **AWS CLI 명령 수행 시 확인:**
    *   AWS CLI 명령을 실행할 때, `aws sts get-session-token` 명령어를 실행하여 새 Access Key, Secret Key, SessionToken이 발급되었는지 확인합니다.

이 단계를 완료하면 ‘ExpiredToken’ 오류가 해결될 것입니다. 혹시 문제가 발생하면 언제든지 다시 문의해주세요.",0.4264577882307689,0.2221908383563303,0.1041666666666666,0
AWS CLI 로컬 크레덴셜 만료,Ranking_Swapped,4,2,363,604,967,3.5882320379998873,"네, 알겠습니다. 먼저, Visual Studio Code의 테마를 바꾸는 방법은 Ctrl+K Ctrl+T 키를 누르고, 원하는 색상 테마를 위아래 방향키로 선택하시면 됩니다.

그 다음, AWS CLI 명령 수행 시 'ExpiredToken' 오류가 뜨는 문제는 MFA 연동 임시 세션 토큰의 유효시간(기본 12시간)이 만료되었기 때문입니다. 이 문제를 해결하기 위해 다음 단계를 따르세요.

1.  **AWS CLI 명령 실행:** 터미널 또는 명령 프롬프트에서 `aws sts get-session-token` 명령을 실행합니다.
2.  **AccessKey, SecretKey, SessionToken 발급:** 명령 실행 결과에 'AccessKey ID', 'SecretAccess Key', 'SessionToken'이 표시됩니다. 이 세 가지 값을 안전하게 보관해야 합니다.
3.  **`.aws/credentials` 파일 업데이트:**  `~/.aws/credentials` 파일에 아래 내용을 추가합니다.
    ```
    AccessKey ID: <AccessKey ID>
    SecretAccess Key: <Secret Access Key>
    SessionToken: <SessionToken>
    ```
    ( `<AccessKey ID>`, `<Secret Access Key>`, `<SessionToken>` 은 실제 값으로 바꿔주세요)
4.  **AWS CLI 명령 실행 재실행:**  `aws sts get-session-token` 명령을 다시 실행하여 새 AccessKey, SecretKey, SessionToken이 발급되었는지 확인합니다.

이 단계를 완료하면 MFA 연동 임시 세션 토큰이 만료되지 않고, AWS CLI 명령을 실행할 수 있습니다. 혹시 문제가 발생하면 언제든지 다시 문의해주세요.",0.3839526391683258,0.2551589930630368,0.1388888888888889,0
AWS CLI 로컬 크레덴셜 만료,Short_History,2,2,292,514,806,2.886743927999987,"네, 알겠습니다. 먼저, AWS CLI 명령 수행 시 'ExpiredToken' 오류가 뜨는 것은 MFA 연동 임시 세션 토큰의 유효시간(기본 12시간)이 만료되었기 때문입니다.

1.  **AWS STS (Security Token Service) 명령 실행:** 먼저, `aws sts get-session-token` 명령을 실행하여 새 AccessKey, SecretKey, SessionToken을 발급받으세요. 이 명령은 AWS 계정에 로그인한 후, 명령 프롬프트에서 실행합니다.
2.  **파일 업데이트:**  `aws sts get-session-token` 명령의 결과에서 생성된 SessionToken을 `~/.aws/credentials` 파일에 업데이트합니다. 이 파일은 AWS CLI 명령을 실행할 때 필요한 정보가 담겨 있습니다.
3.  **AWS CLI 명령 실행:** 이제 `aws ls` 명령을 사용하여, 생성된 SessionToken을 사용하여 AWS CLI 명령을 실행할 수 있습니다. 예를 들어, `aws ls` 명령을 실행하면, 생성된 SessionToken을 기반으로 AWS CLI 명령을 실행할 수 있습니다.

**참고:**  `aws sts get-session-token` 명령은 AWS 계정에 로그인한 상태에서 실행해야 합니다.

혹시 이 과정에서 문제가 발생하면, 어떤 오류 메시지가 나타나는지 자세히 알려주시면 더 정확한 도움을 드릴 수 있습니다.",0.4366852246415724,0.3231733745074079,0.1754385964912281,0
AWS CLI 로컬 크레덴셜 만료,Long_History,2,6,314,620,934,3.107889799000077,"네, 알겠습니다. 먼저, AWS CLI 명령 수행 시 'ExpiredToken' 오류가 뜨는 것은 MFA 연동 임시 세션 토큰의 유효시간(기본 12시간)이 만료되었기 때문입니다.

1.  **AWS STS (Security Token Service) 요청:** 먼저, `aws sts get-session-token` 명령을 실행하여 새 AccessKey, SecretKey, SessionToken을 발급받습니다. 이 명령은 현재 사용자의 AWS 계정에 연결된 임시 세션 토큰을 생성합니다.
2.  **`.aws/credentials` 파일 업데이트:** 생성된 SessionToken을 `~/.aws/credentials` 파일에 업데이트합니다. 이 파일은 AWS CLI 명령을 실행할 때 필요한 정보가 담겨 있습니다.
3.  **AWS CLI 명령 실행:** 이제 `aws sts get-session-token` 명령을 사용하여 새 SessionToken을 사용하여 AWS CLI 명령을 실행합니다.
4.  **AWS CLI 명령 실행:**  `aws ls` 명령을 사용하여 현재 사용자의 AWS CLI 권한을 확인합니다.

**참고:**

*   **재부팅:**  일시적인 문제일 수 있으므로, 재부팅을 시도해 보시는 것을 권장합니다.
*   **로그인:**  AWS CLI 명령 실행 전에 AWS CLI 로그인을 진행해야 합니다.

혹시 이 과정에서 문제가 발생하면, 다시 한번 자세한 상황을 설명해 주시면 더 정확한 도움을 드릴 수 있습니다.",0.4394940066730614,0.3220845110275736,0.1754385964912281,0
AWS CLI 로컬 크레덴셜 만료,Forced_JSON_Format,2,2,399,540,939,3.939794382999935,"```json
{
  ""status"": ""success"",
  ""topic"": ""AWS CLI 로컬 크레덴셜 만료 문제 해결"",
  ""solution_steps"": [
    {
      ""step_number"": 1,
      ""instruction"": ""AWS CLI 명령 수행 시 'ExpiredToken' 오류가 뜨는 것은 MFA 연동 임시 세션 토큰의 유효시간(기본 12시간)이 만료되었기 때문입니다."",
      ""details"": ""AWS CLI 명령 수행 시 'ExpiredToken' 오류가 뜨는 것은 MFA 연동 임시 세션 토큰의 유효시간(기본 12시간)이 만료되었기 때문입니다.""
    },
    {
      ""step_number"": 2,
      ""instruction"": ""aws sts get-session-token 명령을 통해 새 AccessKey, SecretKey, SessionToken을 발급받아 ~/.aws/credentials 파일에 업데이트해야 합니다."",
      ""details"": ""AWS CLI 명령 수행 시 'ExpiredToken' 오류가 뜨는 것은 MFA 연동 임시 세션 토큰의 유효시간(기본 12시간)이 만료되었기 때문입니다. AWS CLI 명령을 통해 새 AccessKey, SecretKey, SessionToken을 발급받아 ~/.aws/credentials 파일에 업데이트해야 합니다.""
    },
    {
      ""step_number"": 3,
      ""instruction"": ""Visual Studio Code의 테마를 바꾸려면 Ctrl+K Ctrl+T를 차례대로 누른 뒤 원하는 색상 테마를 위아래 방향키로 선택하시면 됩니다."",
      ""details"": ""Visual Studio Code의 테마를 바꾸려면 Ctrl+K Ctrl+T를 차례대로 누른 뒤 원하는 색상 테마를 위아래 방향키로 선택하시면 됩니다.""
    }
  ]
}
```",0.8716772803019376,0.6372652184076002,0.4565217391304347,1
AWS CLI 로컬 크레덴셜 만료,Hallucination_Defense,3,2,159,525,684,1.5806614369998897,"네, 알겠습니다. 먼저, Visual Studio Code의 테마를 바꾸는 방법은 다음과 같습니다.

1.  Visual Studio Code를 실행합니다.
2.  Ctrl + K를 누르고, 원하는 색상 테마를 위쪽 방향키와 아래쪽 방향키로 선택합니다.
3.  색상 테마를 선택한 후, 다시 Ctrl + K를 누르고 원하는 색상 테마를 선택합니다.
4.  테마를 선택한 후, 다시 Ctrl + K를 누르고 원하는 색상 테마를 선택합니다.

이 과정을 반복하면 원하는 테마가 적용됩니다.

혹시 문제가 발생하면, 어떤 테마를 선택하려고 하셨는지 알려주시면 더 자세히 안내해 드릴 수 있습니다.",0.1455551330413651,0.0505332737988684,0.0,0
AWS CLI 로컬 크레덴셜 만료,Mixed_Stress_Test,6,6,656,779,1435,6.468285715000093,"```json
{
  ""steps"": [
    {
      ""step_number"": 1,
      ""instruction"": ""AWS CLI 로컬 크레덴셜 만료 문제 해결을 위한 첫 번째 단계는 AWS CLI를 재시작하는 것입니다.  AWS CLI를 재시작하면 문제가 해결될 수 있습니다."",
      ""details"": ""AWS CLI를 재시작하면 기존 설정이 초기화되어 문제가 해결될 수 있습니다.  재시작 후에도 문제가 지속되면 다음 단계를 진행합니다.""
    },
    {
      ""step_number"": 2,
      ""instruction"": ""AWS CLI를 재시작합니다."",
      ""details"": ""AWS CLI를 재시작하려면 다음 명령어를 입력합니다.  `aws configure` 명령어를 실행하고, AWS 계정 정보, 로컬 크레덴셜을 입력합니다.  (예: `aws configure`)""
    },
    {
      ""step_number"": 3,
      ""instruction"": ""AWS CLI 로컬 크레덴셜 확인 및 재발급"",
      ""details"": ""AWS CLI 로컬 크레덴셜이 만료된 경우, 다음 명령어를 사용하여 새 크레덴셜을 발급받습니다.  `aws sts get-session-token` 명령어를 실행합니다.  이 명령어를 통해 새 AccessKey, SecretKey, SessionToken을 생성합니다.  이 정보를 `~/.aws/credentials` 파일에 저장합니다.""
    },
    {
      ""step_number"": 4,
      ""instruction"": ""AWS CLI 명령 실행 시 MFA 연동 오류 해결"",
      ""details"": ""AWS CLI 명령 실행 시 'ExpiredToken' 오류가 발생하는 경우, MFA 연동 임시 세션 토큰이 유효시간(기본 12시간)이 만료되었기 때문입니다.  AWS CLI 명령을 실행하기 전에,  `aws sts get-session-token` 명령어를 사용하여 새 AccessKey, SecretKey, SessionToken을 발급받아 ~/.aws/credentials 파일에 업데이트해야 합니다.  이 정보를 다시 한번 확인하고,  AWS CLI 명령을 실행합니다.""
    },
    {
      ""step_number"": 5,
      ""instruction"": ""사내 도서관 정보 확인"",
      ""details"": ""사내 도서관은 본관 3층에 위치하고 있으며, 1회 대출 시 최대 3권, 대출 기간은 14일이며 연장은 1회(7일) 가능합니다.  사내 도서관 정보는 [사내 도서관 정보 링크]를 참고하시기 바랍니다.""
    },
    {
      ""step_number"": 6,
      ""instruction"": ""긴급 장애 발생 시 IT-Help 채널 활용"",
      ""details"": ""긴급 장애 발생 시 사내 메신저 IT-Help 채널로 직접 메시지를 발송하여 도움을 요청하십시오.  [IT-Help 채널 링크]를 참고하시기 바랍니다.""
    }
  ]
}
```",0.5474252014346889,0.2350818437343025,0.1481481481481481,1
사내 슬랙 채널 미동기화 및 유실,Baseline,3,2,290,466,756,2.867257539000093,"네, 알겠습니다. 슬랙 엔터프라이즈 그리드 마이그레이션 이후 워크스페이스 연결 세션 캐시 오류로 인해 특정 채널이 보이지 않는 현상에 대한 해결책을 단계별로 안내해 드리겠습니다.

1.  **슬랙 앱에서 Help > Troubleshoot > Clear Cache and Restart 실행:** 먼저, 슬랙 앱에서 [Help > Troubleshoot > Clear Cache and Restart] 메뉴를 선택합니다.
2.  **실행 후 서버와 채널 목록이 다시 동기화되는지 확인:** 메뉴가 실행되면 서버와 채널 목록이 다시 나타나도록 기다립니다. 이 과정은 보통 30초에서 2분 정도 소요될 수 있습니다.
3.  **채널 확인:** 서버와 채널 목록이 다시 나타나면, 해당 채널이 정상적으로 표시되는지 확인합니다.

만약 문제가 지속된다면, 다음 사항을 확인해 보시는 것이 좋습니다.

*   **슬랙 앱의 상태:** 슬랙 앱이 정상적으로 실행되고 있는지 확인합니다.
*   **네트워크 연결:** 네트워크 연결이 안정적인지 확인합니다.
*   **슬랙 계정:** 슬랙 계정이 활성화되어 있는지 확인합니다.

이 단계를 따라 진행하시면 문제 해결에 도움이 될 것입니다. 혹시 다른 질문이 있으시면 언제든지 말씀해주세요.",0.3363088870353893,0.294495788404329,0.0,0
사내 슬랙 채널 미동기화 및 유실,Context_Summarized,1,2,259,496,755,2.696781066999847,"네, 알겠습니다. 먼저, 슬랙 앱에서 [Help > Troubleshoot > Clear Cache and Restart]를 실행해 보세요.

1.  **슬랙 앱 실행:** 슬랙 앱을 엽니다.
2.  **Help > Troubleshoot > Clear Cache and Restart:** 메뉴를 클릭합니다.
3.  **Clear Cache and Restart:** 해당 메뉴를 클릭합니다.
4.  **확인:** 슬랙 앱이 다시 시작되고, 채널 목록이 다시 나타날 것입니다.

이 과정이 완료되면, 슬랙 채널이 정상적으로 표시되는지 확인해 보세요. 문제가 지속된다면, 다음 사항을 확인해 보시는 것이 좋습니다.

*   다른 슬랙 계정에서 채널이 정상적으로 표시되는지 확인해 보세요.
*   다른 슬랙 앱에서 채널이 정상적으로 표시되는지 확인해 보세요.

혹시 문제가 해결되지 않는다면, 슬랙 엔터프라이즈 그리드 마이그레이션 이후 문제가 발생한 이유에 대한 추가적인 정보가 필요합니다.  혹시 슬랙 엔터프라이즈 그리드 마이그레이션 전에 어떤 변경 사항이 있었는지 알려주시면 더 정확한 해결 방법을 제시해 드릴 수 있습니다.",0.4828651645137999,0.1793462281997108,0.0,0
사내 슬랙 채널 미동기화 및 유실,Max_Chunks,6,2,444,656,1100,4.385304301999895,"네, 알겠습니다. 슬랙 채널 미동기화 및 유실 문제 해결을 위한 단계별 안내를 드리겠습니다.

1.  **서버와 채널 목록 재동기화:**
    *   슬랙 엔터프라이즈 그리드 마이그레이션 이후, 특정 채널이 보이지 않는 현상은 워크스페이스 연결 세션 캐시 오류입니다.
    *   이 문제를 해결하기 위해, 슬랙 앱에서 [Help > Troubleshoot > Clear Cache and Restart]를 실행합니다.
    *   이 과정에서 서버와 채널 목록이 다시 동기화됩니다.

2.  **사내 동호회 지원금 신청:**
    *   사내 동호회 지원금 신청은 매월 25일까지 총무팀으로 영수증을 첨부하여 제출해야 합니다.
    *   인당 최대 3만원까지 지원됩니다.
    *   참고 문서 [참고 문서]를 확인하시면 자세한 내용을 확인하실 수 있습니다.

3.  **Visual Studio Code 테마 변경:**
    *   Visual Studio Code의 테마를 바꾸려면 Ctrl+K Ctrl+T를 차례대로 누르고, 원하는 색상 테마를 위아래 방향키로 선택합니다.

4.  **사내 도서관 이용:**
    *   사내 도서관은 본관 3층에 위치해 있으며, 1회 대출 시 최대 3권, 대출 기간은 14일이며 연장은 1회(7일) 가능합니다.
    *   사내 도서관 이용에 대한 자세한 정보는 [사내 도서관 이용 안내] 문서를 참고해주세요.

5.  **긴급 장애 발생 시 메신저 IT-Help 채널:**
    *   긴급 장애 발생 시 사내 메신저 IT-Help 채널로 직접 메시지를 발송해 주십시오.

이 단계별 안내를 따라 진행하시면 문제 해결에 도움이 될 것입니다. 혹시 더 궁금한 점이 있으시면 언제든지 다시 문의해주세요.",0.2815274286017816,0.3156711608523601,0.0,0
사내 슬랙 채널 미동기화 및 유실,High_Noise,4,2,219,599,818,2.1724353120000615,"네, 알겠습니다. 먼저, 슬랙 채널이 보이지 않는 문제에 대해 자세히 설명해 드릴게요.

1.  **슬랙 앱에서 [Help > Troubleshoot > Clear Cache and Restart]를 실행해 보세요.** 이 명령어를 입력하고 Enter 키를 누르면 서버와 채널 목록이 다시 동기화됩니다. 이 과정이 문제를 해결하는 데 도움이 될 수 있습니다.

2.  **다음으로, 슬랙 앱에서 [Help > Troubleshoot > Reset Layout]를 실행해 보세요.** 이 기능은 슬랙 앱의 레이아웃을 초기화하여 채널이 다시 표시되도록 도와줍니다.

3.  **마지막으로, 슬랙 채널을 다시 확인해 보세요.** 채널이 표시되지 않는 경우, 슬랙 채널이 올바르게 설정되었는지 확인해 보세요.

이 단계를 거치면 대부분의 경우 문제가 해결될 것입니다. 혹시 이 방법으로도 해결되지 않는다면, 슬랙 채널의 설정이 제대로 되어 있는지 다시 한번 확인해 주세요.",0.3073578580716117,0.1144058869029171,0.0,0
사내 슬랙 채널 미동기화 및 유실,Ranking_Swapped,4,2,237,599,836,2.3472830620000877,"네, 알겠습니다. 먼저, 슬랙 채널 미동기화 및 유실 문제 해결을 위한 단계별 안내를 드리겠습니다.

1.  **사내 동호회 지원금 신청:** 매월 25일까지 총무팀으로 영수증을 첨부하여 제출해야 합니다.
2.  **Visual Studio Code 테마 변경:** Ctrl+K Ctrl+T를 누르고, 원하는 색상 테마를 위아래 방향키로 선택합니다.
3.  **사내 도서관 이용:** 본관 3층에 위치하고 있으며, 1회 대출 시 최대 3권, 대출 기간은 14일이며 연장은 1회(7일) 가능합니다.
4.  **특정 채널 보이지 않음 문제 해결:** 슬랙 앱에서 [Help > Troubleshoot > Clear Cache and Restart]를 실행합니다. 이 과정에서 서버와 채널 목록이 다시 동기화됩니다.

이 단계를 차례대로 진행하시면 문제 해결에 도움이 될 것입니다. 혹시 다른 질문이나 어려움이 있으시면 언제든지 말씀해주세요.",0.4445648253405653,0.1473306418755265,0.0,0
사내 슬랙 채널 미동기화 및 유실,Short_History,2,2,234,509,743,2.3188370430000305,"네, 알겠습니다. 슬랙 채널 미동기화 및 유실 문제 해결을 위한 단계별 안내를 드리겠습니다.

1.  **슬랙 앱을 닫습니다.** (현재 슬랙 앱을 닫고 다시 실행합니다.)
2.  **[Help > Troubleshoot > Clear Cache and Restart]** 버튼을 클릭합니다.
3.  **서버와 채널 목록이 다시 동기화**됩니다. 이 과정은 시간이 걸릴 수 있습니다.
4.  **사내 동호회 지원금 신청**을 다시 진행합니다.
5.  **매월 25일까지 총무팀으로 영수증을 첨부하여 제출**합니다.

**참고:**

*   이 방법으로도 문제가 해결되지 않으면, 슬랙 앱의 캐시를 삭제하고 다시 실행해 보시는 것을 권장합니다.
*   만약 문제가 계속된다면, 슬랙 엔터프라이즈 그리드 마이그레이션 관련 문의를 통해 추가적인 지원을 받을 수 있습니다.

혹시 다른 질문이 있으시면 언제든지 말씀해주세요.",0.4129404965136465,0.2423558841121258,0.0,0
사내 슬랙 채널 미동기화 및 유실,Long_History,2,6,166,615,781,1.6519840910000312,"네, 알겠습니다. 먼저, 슬랙 엔터프라이즈 그리드 마이그레이션 이후 특정 채널이 보이지 않는 현상은 워크스페이스 연결 세션 캐시 오류로 인해 발생합니다.

1.  **서버와 채널 목록 재동기화:**
    *   **방법:** 슬랙 앱에서 [Help > Troubleshoot > Clear Cache and Restart]를 실행합니다.
    *   **설명:** 이 기능은 서버와 채널 목록을 다시 동기화하여 문제를 해결합니다.
2.  **재시도:**
    *   **방법:** 위 단계를 실행한 후, 슬랙 앱을 다시 시작합니다.

이 방법으로 문제가 해결되기를 바랍니다. 혹시 다른 문제가 발생하면 알려주세요.",0.479100562913866,0.446118680339865,0.0,0
사내 슬랙 채널 미동기화 및 유실,Forced_JSON_Format,2,2,169,535,704,1.680625430999953,"```json
{
  ""status"": ""success"",
  ""topic"": ""슬랙 채널 미동기화 및 유실 문제 해결"",
  ""solution_steps"": [
    ""1. 슬랙 엔터프라이즈 그리드 마이그레이션 이후 특정 채널이 보이지 않는 현상은 워크스페이스 연결 세션 캐시 오류입니다."",
    ""2. 슬랙 앱에서 Help > Troubleshoot > Clear Cache and Restart를 실행합니다."",
    ""3. 서버와 채널 목록이 다시 동기화됩니다."",
    ""4. Visual Studio Code의 테마를 바꾸려면 Ctrl+K Ctrl+T를 차례대로 누르고 원하는 색상 테마를 위아래 방향키로 선택합니다.""
  ]
}
```",0.784927864720052,0.7370827832848754,0.5714285714285714,1
사내 슬랙 채널 미동기화 및 유실,Hallucination_Defense,3,2,143,531,674,1.424672759999794,"네, 알겠습니다. 먼저, Visual Studio Code의 테마를 바꾸는 방법은 다음과 같습니다.

1.  **Ctrl + K** 키를 누릅니다.
2.  **Ctrl + T** 키를 누릅니다.
3.  **위아래 방향키**를 사용하여 원하는 색상 테마를 선택합니다.

이 두 가지 방법으로도 문제가 해결되지 않는다면, 다음 사항을 확인해 보시는 것이 좋습니다.

*   Visual Studio Code가 실행 중인지 확인해 보세요.
*   Visual Studio Code의 테마 설정이 변경되었는지 확인해 보세요.

혹시 다른 문제가 발생한다면, 다시 알려주세요.",0.1453503784468289,0.0655741457929785,0.0,0
사내 슬랙 채널 미동기화 및 유실,Mixed_Stress_Test,6,6,368,774,1142,3.6409432850000485,"```json
{
  ""steps"": [
    {
      ""step_number"": 1,
      ""instruction"": ""사내 동호회 지원금 신청 절차를 확인합니다."",
      ""details"": ""매월 25일까지 총무팀으로 영수증을 첨부하여 제출해야 합니다. 최대 3만원까지 지원됩니다.""
    },
    {
      ""step_number"": 2,
      ""instruction"": ""Visual Studio Code 테마 변경 방법"",
      ""details"": ""Ctrl+K Ctrl+T를 반복적으로 누르면서 원하는 색상 테마를 위아래 방향키로 선택합니다.""
    },
    {
      ""step_number"": 3,
      ""instruction"": ""슬랙 엔터프라이즈 그리드 마이그레이션 이후 채널 보이지 문제 해결"",
      ""details"": ""슬랙 앱에서 Help > Troubleshoot > Clear Cache and Restart를 실행합니다. 서버와 채널 목록이 다시 동기화됩니다.""
    },
    {
      ""step_number"": 4,
      ""instruction"": ""사내 도서관 정보 확인"",
      ""details"": ""본 가이드는 사내 전체 임직원 공통 지침서의 파생 문서입니다. 자세한 내용은 본 가이드를 참고해주세요.""
    },
    {
      ""step_number"": 5,
      ""instruction"": ""긴급 장애 발생 시 메신저 IT-Help 채널 활용"",
      ""details"": ""긴급 장애 발생 시 사내 메신저 IT-Help 채널로 직접 메시지를 발송하여 도움을 요청합니다.""
    }
  ]
}
```",0.3921958738308609,0.2209388705096236,0.04,1
프린터 스풀러 서비스 중지 에러,Baseline,3,2,344,472,816,3.398772536000024,"네, 알겠습니다. 먼저, cmd를 관리자 권한으로 실행해야 합니다. 관리자 권한으로 실행하면 명령어를 실행할 수 있습니다.

1.  **cmd를 관리자 권한으로 실행합니다.**
    *   Windows 검색창에 ""cmd""를 입력하고, ""명령 프롬프트""를 마우스 오른쪽 버튼으로 클릭한 다음 ""관리자 권한으로 실행""을 선택합니다.

2.  **net stop spooler 실행합니다.**
    *   명령 프롬프트 창에 `net stop spooler`를 입력하고 Enter 키를 누릅니다.
    *   이 명령어를 실행하면 프린터 스풀러 서비스가 중지됩니다.

3.  **C:\Windows\System32\spool\PRINTERS 내부 파일을 전부 삭제합니다.**
    *   명령 프롬프트 창에 `del C:\Windows\System32\spool\PRINTERS\*.*`를 입력하고 Enter 키를 누릅니다.
    *   이 명령어를 실행하면 프린터 스풀러 서비스가 실행 중인 파일들이 삭제됩니다.

4.  **net start spooler로 서비스를 재시작합니다.**
    *   명령 프롬프트 창에 `net start spooler`를 입력하고 Enter 키를 누릅니다.
    *   이 명령어를 실행하면 프린터 스풀러 서비스가 다시 시작됩니다.

이 단계를 완료하면 프린터 스풀러 서비스가 정상적으로 작동할 것으로 예상됩니다. 문제가 해결되었는지 확인해 주십시오. 혹시 다른 질문이 있으시면 언제든지 말씀해주세요.",0.2544723878127868,0.1295026070904998,0.1081081081081081,0
프린터 스풀러 서비스 중지 에러,Context_Summarized,1,2,258,499,757,2.5558842359998835,"네, 알겠습니다. 먼저, Windows 관리자 권한으로 cmd를 실행하여 `net stop spooler` 명령어를 입력해 주세요.

1.  **cmd 실행:** Windows 검색창에 ""cmd""를 입력하고 ""명령 프롬프트""를 마우스 오른쪽 버튼으로 클릭한 후 ""관리자 권한으로 실행""을 선택합니다.
2.  **net stop spooler 실행:** 명령 프롬프트 창에 `net stop spooler`를 입력하고 Enter 키를 누릅니다.
3.  **내부 파일 삭제:**  `net stop spooler` 명령어가 실행되면,  C:\Windows\System32\spool\PRINTERS 폴더 내부의 모든 파일을 삭제합니다.  이 작업은 시간이 걸릴 수 있습니다.
4.  **spooler 서비스 재시작:**  삭제 후, `net start spooler` 명령어를 입력하고 Enter 키를 누릅니다.  이 명령어를 실행하면 프린터 스풀러 서비스가 다시 시작됩니다.

이 단계를 완료하면 프린터 스풀러 서비스가 정상적으로 작동할 것으로 예상됩니다. 문제가 해결되었는지 확인해 주십시오. 혹시 다른 질문이 있으시면 언제든지 말씀해주세요.",0.199524501264464,0.1618145410104191,0.1142857142857142,0
프린터 스풀러 서비스 중지 에러,Max_Chunks,6,2,411,662,1073,4.061155622999877,"네, 알겠습니다. 먼저, 매뉴얼에 따라 진행하는 단계별 안내를 드리겠습니다.

1.  **관리자 권한으로 cmd 실행:**
    *   Windows를 열고, 시작 메뉴에서 “cmd”를 검색하여 “Command Prompt”를 실행합니다.
    *   관리자 권한으로 실행해야 합니다.  (관리자 권한으로 실행하려면, 시작 메뉴에서 “관리자”를 선택해야 합니다.)

2.  **net stop spooler 실행:**
    *   cmd 창에 “net stop spooler”를 입력하고 Enter 키를 누릅니다.
    *   이 명령어를 실행하면 스풀러 서비스가 중지됩니다.

3.  **C:\Windows\System32\spool\PRINTERS 내부 파일 삭제:**
    *   cmd 창에 “cd C:\Windows\System32\spool\PRINTERS”를 입력하고 Enter 키를 누릅니다.
    *   이 폴더 안의 모든 파일과 폴더를 삭제합니다.  (주의해서 삭제하세요!)
    *   **중요:** 삭제하기 전에 폴더 내의 모든 파일이 삭제될 수 있으므로, 삭제 전에 백업을 해두는 것이 좋습니다.

4.  **net start spooler로 서비스를 재시작:**
    *   cmd 창에 “net start spooler”를 입력하고 Enter 키를 누릅니다.
    *   이 명령어를 실행하면 스풀러 서비스가 다시 시작됩니다.

**주의사항:**

*   위의 단계를 수행하는 동안 시스템에 문제가 발생할 수 있습니다.  중요한 데이터는 백업해두세요.
*   정확한 명령어는 매뉴얼에 명시되어 있으므로, 명령어를 입력할 때 정확하게 입력해야 합니다.

이 단계를 완료하면 스풀러 서비스가 정상적으로 작동할 것으로 예상됩니다. 문제가 발생하면 다시 문의해주세요.",0.2000112797838095,0.0971835308102524,0.097560975609756,0
프린터 스풀러 서비스 중지 에러,High_Noise,4,2,463,605,1068,4.5750754470000174,"네, 알겠습니다. 먼저, Windows의 Print Spooler 서비스가 죽은 상태이므로, 관리자 권한으로 cmd를 실행하여 서비스를 재시작해야 합니다.

1.  **관리자 권한으로 cmd 실행:**
    *   Windows 검색창에 ""cmd""를 입력하고 ""명령 프롬프트""를 마우스 오른쪽 버튼으로 클릭한 후 ""관리자 권한으로 실행""을 선택합니다.

2.  **net stop spooler 실행:**
    *   명령 프롬프트 창에 `net stop spooler`를 입력하고 Enter 키를 누릅니다.
    *   이 명령어를 실행하면 Print Spooler 서비스가 중지됩니다.

3.  **C:\Windows\System32\spool\PRINTERS 폴더 내부 파일 삭제:**
    *   명령 프롬프트 창에 `del /f /q C:\Windows\System32\spool\PRINTERS\*.*`를 입력하고 Enter 키를 누릅니다.
    *   `del /f`는 파일을 강제로 삭제하고, `/q`는 확인 메시지를 표시하지 않도록 합니다.
    *   `\*.*`는 모든 파일을 삭제하도록 지정합니다.

4.  **net start spooler 서비스 재시작:**
    *   명령 프롬프트 창에 `net start spooler`를 입력하고 Enter 키를 누릅니다.
    *   이 명령어를 실행하면 Print Spooler 서비스가 다시 시작됩니다.

5.  **프린터 스풀러 서비스 확인:**
    *   Windows 검색창에 ""Print Spooler""를 입력하고 ""서비스 관리""를 마우스 오른쪽 버튼으로 클릭한 후 ""속성""을 선택합니다.
    *   서비스 이름이 ""Print Spooler""인지 확인합니다.
    *   ""속성"" 창에서 ""실행 상태""가 ""실행 중""으로 표시되어 있는지 확인합니다.

이 단계를 완료하면 프린터 스풀러 서비스가 정상적으로 작동할 것으로 예상됩니다. 문제가 발생하면 다시 한번 확인해 주세요. 혹시라도 문제가 발생하면 언제든지 다시 문의해주세요.",0.2035821460929402,0.163883193508458,0.1090909090909091,0
프린터 스풀러 서비스 중지 에러,Ranking_Swapped,4,2,278,605,883,2.7529138410000087,"네, 알겠습니다. 먼저, Windows의 Print Spooler 서비스가 죽은 상태이므로, 먼저 해당 서비스를 재시작해야 합니다.

1.  **관리자 권한으로 명령 프롬프트를 실행합니다.**
    *   Windows 검색창에 ""cmd""를 입력하고 ""명령 프롬프트""를 마우스 오른쪽 버튼으로 클릭한 다음 ""관리자 권한으로 실행""을 선택합니다.

2.  **다음 명령어를 입력하고 Enter 키를 누릅니다.**
    *   `net stop spooler`
    *   `net start spooler`

3.  **서비스가 정상적으로 시작되었는지 확인합니다.**
    *   명령어 실행 결과에 ""Service running"" 또는 ""Service stopped"" 메시지가 표시되면 서비스가 정상적으로 작동하는 것입니다.

4.  **프린터 스풀러 서비스가 정상적으로 작동하면, 이제 메시지가 하나 뜨는 것을 확인합니다.**

5.  **원하는 색상 테마를 변경하려면 Ctrl+K Ctrl+T 키를 누른 후 원하는 색상 테마를 위아래 방향키로 선택합니다.**

이 단계를 완료하시면 프린터 스풀러 서비스가 정상적으로 작동하고, 메시지가 하나 더 나타날 것입니다. 혹시 문제가 발생하면 다시 알려주세요.",0.3889109989068319,0.2285893412486117,0.2142857142857142,0
프린터 스풀러 서비스 중지 에러,Short_History,2,2,346,515,861,3.419819885999914,"네, 알겠습니다. 먼저, cmd를 관리자 권한으로 실행해야 합니다.

1.  **cmd를 관리자 권한으로 실행합니다.**
    *   Windows 검색창에 ""cmd""를 입력하고, ""명령 프롬프트""를 마우스 오른쪽 버튼으로 클릭한 다음 ""관리자 권한으로 실행""을 선택합니다.

2.  **net stop spooler 실행합니다.**
    *   cmd 창에서 `net stop spooler`를 입력하고 Enter 키를 누릅니다.
    *   이 명령어를 실행하면 스풀러 서비스가 중지됩니다.

3.  **C:\Windows\System32\spool\PRINTERS 내부 파일을 전부 삭제합니다.**
    *   cmd 창에서 `cd C:\Windows\System32\spool\PRINTERS`를 입력하고 Enter 키를 누릅니다.
    *   이 폴더로 이동하여, 모든 파일과 폴더를 삭제합니다.  **주의:** 이 작업은 데이터 손실을 일으킬 수 있으므로, 삭제 전에 중요한 파일이 있는지 확인하고, 필요하다면 백업을 해두는 것이 좋습니다.

4.  **net start spooler로 서비스를 재시작합니다.**
    *   cmd 창에서 `net start spooler`를 입력하고 Enter 키를 누릅니다.
    *   이 명령어를 실행하면 스풀러 서비스가 다시 시작됩니다.

이 단계를 완료하면 프린터 스풀러 서비스가 정상적으로 작동할 것으로 예상됩니다. 문제가 발생하면 다시 한번 확인해 보시고, 궁금한 점이 있으면 언제든지 다시 문의해주세요.",0.1987022362835583,0.1269408557321138,0.1,0
프린터 스풀러 서비스 중지 에러,Long_History,2,6,269,621,890,2.6665528110002015,"네, 알겠습니다. 먼저, 관리자 권한으로 명령 프롬프트를 열어 `net stop spooler` 명령어를 실행합니다.

1.  **명령 프롬프트 (관리자 권한으로 실행)** 를 실행합니다.
2.  **cmd**를 선택합니다.
3.  **관리자 권한으로 실행**을 클릭합니다.
4.  **net stop spooler** 명령어를 입력하고 Enter 키를 누릅니다.
5.  **스풀러 서비스가 중지**되는 것을 확인할 수 있습니다.
6.  **스풀러 서비스가 실행 중**인지 확인합니다.
7.  **스풀러 서비스가 실행 중**이 아니라면, **스풀러 서비스 종료**를 클릭합니다.
8.  **스풀러 서비스 재시작**을 클릭합니다.
9.  **스풀러 서비스가 재시작**되는 것을 확인합니다.

이후, **net start spooler** 명령어를 입력하고 Enter 키를 누르면 스풀러 서비스가 다시 시작됩니다.

**참고:**  스풀러 서비스가 재시작되면, 프린터 드라이버 오류가 해결될 수 있습니다.

혹시 문제가 발생하면 언제든지 다시 문의해주세요.",0.2772398659429733,0.1441265221270079,0.0833333333333333,0
프린터 스풀러 서비스 중지 에러,Forced_JSON_Format,2,2,141,541,682,1.407588037000096,"```json
{
  ""status"": ""success"",
  ""topic"": ""프린터 스풀러 서비스 중지 에러 해결"",
  ""solution_steps"": [
    ""cmd를 관리자 권한으로 실행합니다."",
    ""net stop spooler 명령어를 입력하고 Enter 키를 누릅니다."",
    ""C:\Windows\System32\spool\PRINTERS 폴더 내부의 모든 파일을 삭제합니다."",
    ""net start spooler 명령어를 입력하고 Enter 키를 누릅니다."",
    ""프린터 스풀러 서비스가 정상적으로 시작되었는지 확인합니다.""
  ]
}
```",0.7335468035181268,0.5130031032132922,0.7804878048780488,0
프린터 스풀러 서비스 중지 에러,Hallucination_Defense,3,2,206,525,731,2.045824562000007,"네, 알겠습니다. 먼저, 메시지가 뜨는 문제에 대해 자세히 살펴볼 필요가 있습니다.

1.  **Ctrl+K Ctrl+T** 키를 누르고, 원하는 색상 테마를 위아래 방향키로 선택합니다.
2.  **색상 테마를 변경**하는 과정에서, 현재 사용 중인 테마가 변경되지 않는지 확인해 보세요.
3.  **색상 테마를 변경**하는 과정에서, 현재 사용 중인 테마가 변경되지 않는지 확인해 보세요.
4.  **색상 테마를 변경**하는 과정에서, 현재 사용 중인 테마가 변경되지 않는지 확인해 보세요.

이 단계를 완료하면, 현재 사용 중인 테마가 변경되지 않는지 확인하고, 문제가 해결되었는지 확인해 보세요. 만약 문제가 계속된다면, 다시 한번 확인해 보시는 것을 권장합니다.

혹시 다른 문제가 발생하면 알려주세요.",0.1630195478186158,0.0626166271067921,0.0,0
프린터 스풀러 서비스 중지 에러,Mixed_Stress_Test,6,6,344,780,1124,3.403717130000132,"```json
{
  ""steps"": [
    {
      ""step_number"": 1,
      ""instruction"": ""사내 동호회 지원금 신청 절차를 확인합니다."",
      ""details"": ""매월 25일까지 총무팀으로 영수증을 첨부하여 제출해야 합니다. 지원 금액은 인당 최대 3만원까지 지원됩니다.""
    },
    {
      ""step_number"": 2,
      ""instruction"": ""Visual Studio Code 테마 변경 방법"",
      ""details"": ""Ctrl+K Ctrl+T를 반복적으로 누르면서 원하는 색상 테마를 위아래 방향키로 선택합니다.""
    },
    {
      ""step_number"": 3,
      ""instruction"": ""프린터 드라이버 오류 해결 방법"",
      ""details"": ""인쇄 작업 중 멈춤 현상과 함께 프린터 드라이버 오류가 날 경우, Windows의 Print Spooler 서비스가 죽은 것입니다. cmd를 관리자 권한으로 열어 net stop spooler 실행 후 C:\Windows\System32\spool\PRINTERS 내부 파일을 전부 삭제하고 net start spooler로 서비스를 재시작해야 합니다.""
    },
    {
      ""step_number"": 4,
      ""instruction"": ""긴급 장애 발생 시 메신저 IT-Help 채널 활용"",
      ""details"": ""긴급 장애 발생 시 사내 메신저 IT-Help 채널로 직접 메시지를 발송하여 도움을 요청합니다.""
    }
  ]
}
```",0.4065772915903942,0.3519862315019548,0.1403508771929824,0
크롬 브라우저 확장프로그램 차단 정책,Baseline,3,2,386,469,855,3.8133531159999166,"네, 알겠습니다. 먼저, 회사 보안 정책에 따라 특정 크롬 확장 프로그램 설치가 차단된 경우 '조직에서 관리함' 메시지가 나타나는 상황입니다. 이 경우, 사내 IT 자산 보안성 심사 시스템(it-security.company.com)을 통해 예외 신청 후 승인을 받아 화이트리스트에 등록해야 합니다.

화이트리스트에 등록하는 절차는 다음과 같습니다.

1.  **it-security.company.com 접속:** 웹 브라우저를 열고 [https://it-security.company.com](https://it-security.company.com)으로 접속합니다.
2.  **예외 신청:** 로그인 후, '예외 신청' 또는 '화이트리스트 신청'과 같은 버튼을 클릭합니다.
3.  **확장 프로그램 정보 입력:** 차단된 확장 프로그램의 이름, 설명, 설치 경로 등을 정확하게 입력합니다.
4.  **예외 신청 승인:** 회사 IT 자산 보안성 심사 시스템에서 예외 신청을 검토합니다. 승인되면 화이트리스트에 등록됩니다.
5.  **화이트리스트 확인:** 화이트리스트에 등록되면, 크롬 브라우저 확장 프로그램이 정상적으로 작동하는지 확인합니다.

**참고:**

*   **확장 프로그램 이름:** 차단된 확장 프로그램의 정확한 이름을 알려주시면, 더욱 정확한 안내를 드릴 수 있습니다.
*   **설치 경로:** 확장 프로그램이 설치된 폴더의 경로를 알려주시면, 해당 경로를 확인하여 문제 해결에 도움이 될 수 있습니다.

이 절차를 따라 진행하시면, 크롬 브라우저 확장 프로그램이 정상적으로 작동하는 것을 확인할 수 있을 것입니다. 혹시 더 궁금한 점이 있으시면 언제든지 질문해주세요.",0.382905563255098,0.2378723356422235,0.0,0
크롬 브라우저 확장프로그램 차단 정책,Context_Summarized,1,2,490,497,987,4.838206560000117,"네, 알겠습니다. 먼저, 회사 보안 정책으로 인해 특정 크롬 확장 프로그램이 차단된 경우, '조직에서 관리함' 메시지가 나타나는 상황입니다. 이 경우, 사내 IT 자산 보안성 심사 시스템(it-security.company.com)을 통해 예외 신청을 해야 합니다.

**1단계: it-security.company.com으로 예외 신청**

*   **웹사이트 접속:** [https://it-security.company.com/](https://it-security.company.com/) 에 접속합니다.
*   **예외 신청:** ""예외 신청"" 또는 ""추가 신청"" 버튼을 클릭합니다.
*   **사례 설명:**  ""크롬 확장 프로그램 차단"" 또는 ""특정 확장 프로그램""을 선택하여 상황을 설명합니다.
*   **예외 요청:**  차단된 확장 프로그램의 이름과 이유를 명확하게 설명합니다.
*   **신청 제출:**  예외 신청서를 제출합니다.

**2단계: 예외 승인 확인**

*   **승인 확인:**  it-security.company.com에서 예외 신청이 승인되었는지 확인합니다.  승인 여부를 확인하는 데 시간이 걸릴 수 있습니다.
*   **승인 완료:** 승인되면, 크롬 브라우저 확장 프로그램이 다시 차단되지 않도록 됩니다.

**3단계: 크롬 확장 프로그램 재설치 및 확인**

*   **크롬 확장 프로그램 재설치:** 크롬 브라우저를 재시작합니다.
*   **확장 프로그램 확인:** 크롬 브라우저에서 확장 프로그램 목록을 확인하여 차단된 확장 프로그램이 제거되었는지 확인합니다.

**주의사항:**

*   **사전 준비:**  예외 신청 전에, 차단된 확장 프로그램의 이유를 정확히 파악하고, 회사 정책에 따라 적절한 설명을 준비하는 것이 중요합니다.
*   **시간 소요:**  예외 신청 및 승인에는 시간이 걸릴 수 있습니다.  예외 신청 후에도 문제가 지속될 경우, IT 지원팀에 문의하여 도움을 받으십시오.

이 절차를 따라 진행하시면 문제 해결에 도움이 될 것입니다. 혹시 더 궁금한 점이 있으시면 언제든지 질문해주세요.",0.3545441707675795,0.2072869202277623,0.0,0
크롬 브라우저 확장프로그램 차단 정책,Max_Chunks,6,2,274,659,933,2.714141707999943,"네, 알겠습니다. 먼저, 메시지가 뜨는 상황을 확인해 보겠습니다.

1.  **Ctrl + K Ctrl + T** 키를 동시에 누릅니다.
2.  **화이트리스트** 메뉴를 선택합니다.
3.  **예외 신청**을 선택합니다.
4.  **사내 IT 자산 보안성 심사 시스템** (it-security.company.com)으로 접속합니다.
5.  **조직에서 관리함** 메시지가 나타나면, 해당 메시지를 확인하고, 업무에 필수적인 확장 프로그램이라면 예외 신청을 진행합니다.
6.  **예외 신청**을 완료하고, 승인 후 화이트리스트에 등록됩니다.

**참고:**

*   화이트리스트에 등록되면, 크롬 브라우저 확장 프로그램 설치 시 문제가 발생하지 않도록 됩니다.
*   사내 도서관은 본관 3층에 위치하고 있으며, 1회 대출 시 최대 3권, 대출 기간은 14일이며 연장은 1회(7일) 가능합니다.

혹시 위 단계를 진행하면서 어떤 문제가 발생했는지, 또는 어떤 단계에서 어려움을 겪고 있는지 알려주시면 더욱 자세하게 안내해 드릴 수 있습니다.",0.270244600735414,0.1871630488304776,0.0,0
크롬 브라우저 확장프로그램 차단 정책,High_Noise,4,2,260,602,862,2.58029353500001,"네, 알겠습니다. 먼저, 메시지가 뜨는 상황을 확인해 보겠습니다.

1.  **Ctrl + K + Ctrl + T** 키를 동시에 누릅니다.
2.  **화이트리스트** 메뉴를 선택합니다.
3.  **예외 신청**을 선택합니다.
4.  **사내 IT 자산 보안성 심사 시스템** 링크를 클릭합니다.
5.  **승인**을 클릭합니다.

이 과정에서, 시스템에서 차단된 확장 프로그램에 대한 정보가 확인됩니다. 이 정보가 확인되면, 화이트리스트에 등록될 수 있습니다.

혹시 위 과정을 진행했는데도 문제가 해결되지 않는다면, 다음 사항을 확인해 보시는 것이 좋습니다.

*   **확장 프로그램이 실제로 차단되었는지 확인:**  화이트리스트에 등록을 위해, 차단된 확장 프로그램이 실제로 차단되었는지 확인해 보세요.
*   **확장 프로그램의 종류:**  차단된 확장 프로그램이 특정 유형의 확장 프로그램인지 확인해 보세요.

이러한 사항들을 확인하신 후에도 문제가 해결되지 않으면, 다시 한번 IT 지원팀에 문의해 주시면, 문제 해결을 위해 최선을 다하겠습니다.",0.1964365051513369,0.1155539454897005,0.0,0
크롬 브라우저 확장프로그램 차단 정책,Ranking_Swapped,4,2,120,602,722,1.2020438919998924,"네, 알겠습니다. 먼저, 메시지가 뜨는 상황을 확인해 보겠습니다.

1.  **Ctrl + K + Ctrl + T** 키를 동시에 누르세요.
2.  **색상** 탭에서 원하는 색상을 위아래 방향키로 선택합니다.
3.  **색상** 탭에서 원하는 색상을 선택하면, 크롬 브라우저의 테마가 변경됩니다.

이 과정을 반복하면 됩니다. 혹시 문제가 발생하면, 다시 한번 확인해 보시고, 문제가 해결되지 않으면 다시 한번 문의해 주세요.",0.1693070042649367,0.104241738026862,0.0,0
크롬 브라우저 확장프로그램 차단 정책,Short_History,2,2,395,512,907,3.904708353999922,"네, 알겠습니다. 먼저, 회사 보안 정책에 따라 차단된 확장 프로그램 설치를 예외 신청하는 절차를 안내해 드리겠습니다.

1.  **it-security.company.com으로 예외 신청:**
    *   먼저, [참고 문서]에서 '조직에서 관리함' 메시지가 나타나는 경우, 해당 메시지를 클릭하여 '예외 신청'을 진행합니다.
    *   예외 신청을 진행하기 전에, 차단된 확장 프로그램의 이름과 버전을 정확히 알려주셔야 합니다.
    *   예외 신청을 진행하면, IT 자산 보안성 심사 시스템(it-security.company.com)으로 예외를 요청할 수 있습니다.
2.  **it-security.company.com 예외 신청:**
    *   it-security.company.com에 접속하여 '예외 신청' 페이지로 이동합니다.
    *   차단된 확장 프로그램의 이름과 버전을 입력합니다.
    *   예외 신청을 제출합니다.
3.  **승인 결과 확인:**
    *   IT 자산 보안성 심사 시스템에서 예외 신청 결과가 확인됩니다.
    *   승인되면, 화이트리스트에 등록될 수 있습니다.
4.  **화이트리스트 등록:**
    *   화이트리스트에 등록되면, 크롬 브라우저에서 확장 프로그램을 사용할 수 있습니다.

**참고:**
*   사내 동호회 지원금은 매월 25일까지 총무팀으로 영수증을 첨부하여 제출해야 합니다.
*   인당 최대 지원 금액은 3만원입니다.

이 절차를 따라 진행하시면, 차단된 확장 프로그램 설치 문제를 해결할 수 있을 것입니다. 혹시 더 궁금한 점이 있으시면 언제든지 다시 문의해주세요.",0.3979204719026724,0.1804694929392262,0.0,0
크롬 브라우저 확장프로그램 차단 정책,Long_History,2,6,392,618,1010,3.8805663040000127,"네, 알겠습니다. 먼저, 회사 보안 정책에 따라 차단된 확장 프로그램 설치를 예외 신청하는 절차를 진행해야 합니다.

1.  **it-security.company.com으로 예외 신청:**
    *   웹 브라우저를 열고 [https://it-security.company.com](https://it-security.company.com) 에 접속합니다.
    *   ""예외 신청"" 또는 ""차단된 확장 프로그램 예외"" 버튼을 클릭합니다.
    *   자신의 크롬 브라우저 버전과 운영체제(Windows, macOS, Linux)를 정확히 입력합니다.
    *   차단된 확장 프로그램 목록을 확인하고, 해당 확장 프로그램의 이름을 정확히 입력합니다.
    *   ""예외 신청"" 버튼을 클릭하여 예외 신청을 완료합니다.
2.  **예외 신청 후 확인:**
    *   예외 신청이 완료되면, 회사 IT 자산 보안성 심사 시스템(it-security.company.com)에 접속하여 예외 신청 결과를 확인합니다.
    *   예외 신청이 승인되었는지 확인합니다.
3.  **사내 동호회 지원금 신청:**
    *   매월 25일까지 총무팀으로 영수증을 첨부하여 사내 동호회 지원금 신청을 진행합니다.
    *   인당 최대 3만원까지 지원됩니다.

**참고:**
*   예외 신청 시에는 반드시 해당 확장 프로그램의 필요성을 설명하고, 업무에 필수적인 경우에만 설치를 요청해야 합니다.
*   예외 신청 후에도 문제가 지속될 경우, IT 지원팀에 문의하여 도움을 받으십시오.

혹시 이 과정에서 어려움이 있거나, 추가적인 정보가 필요하시면 언제든지 다시 문의해주세요.",0.2855448011542407,0.1328304964296362,0.0,0
크롬 브라우저 확장프로그램 차단 정책,Forced_JSON_Format,2,2,270,538,808,2.6769692410000516,"```json
{
  ""status"": ""success"",
  ""topic"": ""크롬 확장 프로그램 차단 정책 해결"",
  ""solution_steps"": [
    ""1. 회사 보안 정책 확인: 크롬 확장 프로그램 설치가 차단되는 이유를 파악하기 위해 회사 보안 정책을 확인합니다."",
    ""2. it-security.company.com 예외 신청:  조직에서 관리함에서 '화이트리스트'를 신청하여 예외를 요청합니다."",
    ""3. 화이트리스트 신청: it-security.company.com 웹사이트에 접속하여 예외 신청을 진행합니다.  (웹사이트 주소: [https://www.it-security.company.com](https://www.it-security.company.com))"",
    ""4. 테마 변경: Visual Studio Code의 테마를 변경하려면 Ctrl+K Ctrl+T 키를 누른 후, 원하는 색상 테마를 위아래 방향키로 선택합니다."",
    ""5. 확인 및 재시도: 예외 신청이 완료되면, 크롬 브라우저에서 확장 프로그램 차단 정책이 해제되었는지 확인합니다.  (크롬 브라우저 설정 > 확장 프로그램)""
  ]
}
```",0.7175721040961607,0.4195567906636328,0.3673469387755102,1
크롬 브라우저 확장프로그램 차단 정책,Hallucination_Defense,3,2,149,527,676,1.4845529690001058,"네, 알겠습니다. 먼저, 메시지가 뜨는 문제에 대해 확인해 볼까요?

1.  **Ctrl + K + Ctrl + T** 키를 누르고, 원하는 색상 테마를 위아래 방향키로 선택합니다.
2.  **색상 테마를 선택한 후,**  색상 테마가 변경될 때까지 키를 누르고 있습니다.
3.  **색상 테마가 변경되면,**  메시지가 사라지거나, 다른 문제가 발생하지 않는지 확인합니다.

이 방법으로 문제가 해결되었는지 확인해 주시면, 더 자세한 안내를 해 드릴 수 있습니다. 혹시 다른 문제가 발생한다면 알려주세요.",0.1626519243259279,0.073668055697486,0.0,0
크롬 브라우저 확장프로그램 차단 정책,Mixed_Stress_Test,6,6,424,777,1201,4.193648844999871,"알겠습니다. 다음은 문제 해결을 위한 단계별 가이드입니다.

```json
{
  ""steps"": [
    {
      ""step_number"": 1,
      ""instruction"": ""사내 동호회 지원금 신청 절차를 확인합니다."",
      ""details"": ""매월 25일까지 총무팀으로 영수증을 첨부하여 제출해야 합니다.  영수증을 첨부하지 않으면 지원이 불가능합니다.""
    },
    {
      ""step_number"": 2,
      ""instruction"": ""Visual Studio Code 테마 변경 방법"",
      ""details"": ""Ctrl+K Ctrl+T를 반복적으로 누르세요.  색상 선택을 위아래 방향키로 변경합니다.""
    },
    {
      ""step_number"": 3,
      ""instruction"": ""크롬 확장 프로그램 차단 문제 해결"",
      ""details"": ""'조직에서 관리함' 메시지가 표시되는 경우, 사내 IT 자산 보안성 심사 시스템(it-security.company.com)을 통해 예외 신청을 합니다. 승인 후 화이트리스트에 등록됩니다.""
    },
    {
      ""step_number"": 4,
      ""instruction"": ""회사 도서관 정보"",
      ""details"": ""본관 3층에 위치하며, 1회 대출 시 최대 3권, 대출 기간은 14일이며 연장은 1회(7일) 가능합니다.""
    },
    {
      ""step_number"": 5,
      ""instruction"": ""긴급 상황 발생 시 연락처"",
      ""details"": ""사내 메신저 IT-Help 채널로 직접 메시지를 발송합니다.""
    }
  ]
}
```

**참고:** 위 가이드는 제공된 참고 문서에 기반하여 작성되었습니다.  궁금한 점이 있다면 언제든지 다시 질문해주세요.",0.309763373739323,0.2030455286922945,0.0384615384615384,0
사내 MDM 프로필 설치 실패,Baseline,3,2,274,465,739,2.713605353000048,"네, 알겠습니다. 먼저, 기존 타사 프로필을 완전히 제거해야 합니다.

1.  **[설정 > 일반 > VPN 및 기기 관리]** 메뉴로 이동합니다.
2.  **기기 관리** 탭을 선택합니다.
3.  **기기 이름**을 클릭합니다.
4.  **기기 정보** 탭을 선택합니다.
5.  **MDM 프로필** 항목을 클릭합니다.
6.  **기기 이름**을 클릭합니다.
7.  **기기 정보** 탭에서 **기기 이름**을 클릭합니다.
8.  **기기 정보** 탭에서 **MDM 프로필** 항목을 클릭합니다.
9.  **기기 이름**을 클릭합니다.
10. **기기 정보** 탭에서 **MDM 프로필 제거** 버튼을 클릭합니다.
11. **제거**를 클릭합니다.

**주의:** 제거 후에는 기기가 다시 시작해야 합니다.

이 과정이 완료되면, MDM 프로필이 완전히 제거되었는지 확인해 보세요. 만약 문제가 해결되지 않으면, 다시 한번 [참고 문서]를 확인해 보시는 것을 추천합니다.

혹시 다른 질문이 있으신가요?",0.2019917287534685,0.0951652254228751,0.2105263157894736,0
사내 MDM 프로필 설치 실패,Context_Summarized,1,2,285,490,775,2.821542245000046,"네, 알겠습니다. 먼저, 기존 타사 또는 구버전 프로필과의 충돌이 원인이라는 것을 확인했습니다.

1.  **기존 프로필 제거:** 먼저, 사내 MDM 프로필 설치를 위해 사용 중인 기존 프로필을 완전히 제거해야 합니다.
    *   [참고 문서]에 따르면, 기존 프로필을 완전히 제거하려면, 설정 > 일반 > VPN 및 기기 관리 메뉴로 이동하여, 기존 프로필을 삭제해야 합니다.
    *   이 메뉴로 이동하는 방법은 다음과 같습니다:
        *   **iOS:** 설정 > 일반 > VPN 및 기기 관리
        *   **Android:** 설정 > 일반 > VPN 및 기기 관리

2.  **QR 코드 재스캔:** 제거한 기존 프로필을 완전히 제거한 후, 사내 MDM 프로필 설치를 위한 QR 코드를 재스캔해야 합니다.
    *   QR 코드를 스캔하는 방법은 다음과 같습니다:
        *   설정 > 일반 > VPN 및 기기 관리 메뉴에서 QR 코드 스캔을 활성화합니다.
        *   QR 코드를 스캔하면, 사내 MDM 프로필 설치가 성공적으로 완료될 것입니다.

이 단계를 완료하면, 사내 MDM 프로필 설치가 성공적으로 진행될 것입니다. 혹시 문제가 발생하면 알려주세요.",0.2197133163970367,0.1575877953717921,0.3,0
사내 MDM 프로필 설치 실패,Max_Chunks,6,2,387,655,1042,3.8268369610000263,"네, 알겠습니다. 먼저, 기존 타사 프로필과의 충돌이 문제인 것으로 보입니다.

1.  **기존 프로필 제거:** 먼저, 사내 MDM 프로필 설치가 실패하는 경우, 기존에 설치되어 있던 타사 혹은 구버전 프로필을 완전히 제거해야 합니다.
    *   **설정 > 일반 > VPN 및 기기 관리** 메뉴로 이동합니다.
    *   “기기 관리” 탭에서 기존 프로필을 삭제합니다.
    *   삭제 후, 다시 한번 사내 MDM 프로필 설치를 시도해 보세요.

2.  **QR 코드 재스캔:** 제거 후, 사내 QR 코드를 다시 스캔합니다.  이 단계는 기존 프로필과의 충돌을 해결하는 데 중요합니다.

3.  **사내 동호회 지원금 신청:** 매월 25일까지 총무팀으로 영수증을 첨부하여 제출해야 합니다.  인당 최대 3만원까지 지원됩니다.

4.  **Visual Studio Code 테마 변경:** Visual Studio Code의 테마를 바꾸려면 Ctrl+K Ctrl+T 키를 동시에 누르고, 원하는 색상 테마를 위아래 방향키로 선택합니다.

5.  **사내 도서관 이용:** 본관 3층에 위치한 사내 도서관은 1회 대출 시 최대 3권, 대출 기간은 14일이며 연장은 1회(7일) 가능합니다.

6.  **긴급 장애 발생 시:** 긴급 장애 발생 시 사내 메신저 IT-Help 채널로 직접 메시지를 보내주세요.

이 단계들을 차례대로 진행하시면 문제 해결에 도움이 될 것입니다. 혹시 진행하면서 막히는 부분이 있다면 언제든지 다시 질문해주세요.",0.2021996296078474,0.2205852013633343,0.1176470588235294,0
사내 MDM 프로필 설치 실패,High_Noise,4,2,295,598,893,2.923844203000044,"네, 알겠습니다. 먼저, [참고 문서]에 따라 MDM 프로필 설치 실패 문제를 해결하기 위해 다음과 같은 단계를 따르시면 됩니다.

1.  **기존 프로필 제거:** 먼저, 사내 동호회 지원금 신청을 위해 매월 25일까지 총무팀으로 영수증을 첨부하여 제출하셔야 합니다. 이 영수증에 포함된 기존 MDM 프로필을 완전히 제거해야 합니다.
2.  **타사 프로필 제거:** 기존 프로필이 완전히 제거된 후, iOS 또는 안드로이드 기기에 사내 메일 연동을 위한 MDM 프로필 설치가 실패하는 경우는 기존에 설치되어 있던 타사 혹은 구버전 프로필과의 충돌 때문입니다. 이 경우, 기존 프로필을 완전히 제거한 후, [설정 > 일반 > VPN 및 기기 관리]에서 기존 프로필을 완전히 제거한 후 사내 QR 코드를 재스캔해야 합니다.
3.  **Visual Studio Code 테마 변경:** Visual Studio Code의 테마를 바꾸려면 Ctrl+K Ctrl+T를 차례대로 누른 뒤 원하는 색상 테마를 위아래 방향키로 선택하시면 됩니다.

이 단계를 완료하신 후에도 문제가 해결되지 않는다면, 다시 한번 [참고 문서]를 확인해 보시고, 추가적인 도움을 드릴 수 있는지 확인해 주시면 감사하겠습니다.",0.4052282944887662,0.3905628005831694,0.2608695652173913,0
사내 MDM 프로필 설치 실패,Ranking_Swapped,4,2,174,598,772,1.7323194180000883,"네, 알겠습니다. 먼저, 메시지가 뜨는 상황을 자세히 알려주시면 더 정확한 해결 방법을 찾을 수 있습니다.

1.  **메시지 확인:** 메시지가 뜨는 상황을 자세히 알려주세요. 어떤 오류 메시지가 나타나나요? (예: ""MDM 프로필 설치 실패"", ""프로필 설치 불가"")
2.  **현재 설정:** 현재 사용하고 있는 MDM 프로필의 종류와 버전이 무엇인지 알려주세요. (예: Visual Studio Code, MDM 프로필 버전)
3.  **기존 프로필:** 현재 사용하고 있는 타사 또는 구버전 프로필이 있다면, 그 프로필의 종류와 버전도 알려주세요.

이 정보들을 바탕으로, 문제 해결을 위한 구체적인 단계를 안내해 드리겠습니다.",0.2004425234801949,0.1695680357984666,0.3333333333333333,0
사내 MDM 프로필 설치 실패,Short_History,2,2,245,508,753,2.4268064620000587,"네, 알겠습니다. 먼저, 기존 타사 프로필을 완전히 제거해야 합니다.

1.  **기존 프로필 제거:**
    *   설정 > 일반 > VPN 및 기기 관리 메뉴로 이동합니다.
    *   ""기기 관리"" 탭을 선택합니다.
    *   ""기기"" 목록에서 설치된 모든 프로필을 선택합니다.
    *   각 프로필을 선택하고 ""제거"" 버튼을 클릭합니다.
    *   제거가 완료되면, ""기기 관리"" 탭에서 ""기기 관리"" 목록에서 ""기기 제거"" 버튼을 클릭합니다.
2.  **사내 QR 코드 재스캔:**
    *   이제, ""기기 관리"" 탭에서 ""QR 코드 스캔"" 버튼을 클릭합니다.
    *   사내 MDM 프로필을 스캔합니다.
    *   스캔이 완료되면, ""MDM 프로필 설치"" 버튼을 클릭합니다.

이 단계들을 완료하면, 사내 MDM 프로필 설치가 성공적으로 이루어질 것입니다. 혹시 문제가 발생하면 언제든지 다시 문의해주세요.",0.3044392837917031,0.1633191117728737,0.3636363636363636,0
사내 MDM 프로필 설치 실패,Long_History,2,6,289,614,903,2.862791152999989,"네, 알겠습니다. 먼저, 사내 MDM 프로필 설치가 실패하는 원인이 타사 프로필과의 충돌이라는 것을 확인했습니다.

1.  **기존 프로필 제거:** 먼저, 현재 사용 중인 사내 MDM 프로필을 완전히 제거해야 합니다.
    *   **iOS:** 설정 > 일반 > VPN 및 기기 관리에서 기존 프로필을 삭제합니다.
    *   **Android:** 설정 > 일반 > VPN 및 기기 관리에서 기존 프로필을 삭제합니다.

2.  **QR 코드 재스캔:** 제거된 프로필을 완전히 제거한 후, 사내 QR 코드를 다시 스캔합니다.

3.  **사내 QR 코드 재설정:** QR 코드가 제대로 작동하지 않으면, 사내 MDM 프로필 재설정 절차를 진행해야 합니다.
    *   **iOS:** 설정 > 일반 > VPN 및 기기 관리에서 사내 QR 코드를 재설정합니다.
    *   **Android:** 설정 > 일반 > VPN 및 기기 관리에서 사내 QR 코드를 재설정합니다.

4.  **재설정 후 확인:** 재설정 후 MDM 프로필이 정상적으로 설치되는지 확인합니다.

혹시 문제가 발생하면, QR 코드 재설정 과정에서 오류가 발생하거나, 설치가 완료되지 않는 경우를 알려주세요.",0.2224576449523543,0.1675111205399471,0.2307692307692307,0
사내 MDM 프로필 설치 실패,Forced_JSON_Format,2,2,137,534,671,1.3663388970001051,"```json
{
  ""status"": ""success"",
  ""topic"": ""사내 MDM 프로필 설치 실패 해결"",
  ""solution_steps"": [
    ""1. 설정 > 일반 > VPN 및 기기 관리 메뉴로 이동합니다."",
    ""2. 기존 MDM 프로필을 완전히 제거합니다."",
    ""3. Visual Studio Code의 테마를 변경하려면 Ctrl+K Ctrl+T 키를 누르고 원하는 색상 테마를 위아래 방향키로 선택합니다."",
    ""4.  MDM 프로필 설치가 성공적으로 완료되었는지 확인합니다.""
  ]
}
```",0.5423353903827255,0.4325407744913678,0.3749999999999999,1
사내 MDM 프로필 설치 실패,Hallucination_Defense,3,2,136,521,657,1.3566021550000187,"네, 알겠습니다. 먼저, 메시지가 뜨는 문제로 인해 진행이 멈추고, 다음 단계로 넘어갈 수 없다는 점을 이해합니다.

1.  **Ctrl + K + T** 키를 누르고, 원하는 색상 테마를 위아래 방향키로 선택합니다.
2.  **색상 테마를 선택한 후,**  색상 테마가 변경될 때까지 기다립니다.
3.  **메시지가 다시 나타날 때까지**  이 과정을 반복합니다.

이 단계를 완료하면 문제가 해결될 것입니다. 혹시 다른 문제가 발생한다면 알려주세요.",0.1629008321379498,0.0737038594222467,0.0,0
사내 MDM 프로필 설치 실패,Mixed_Stress_Test,6,6,575,773,1348,5.681657663000124,"알겠습니다. 사용자 질문에 대한 해결책을 JSON 형식으로 제공해 드리겠습니다.

```json
{
  ""steps"": [
    {
      ""step_number"": 1,
      ""instruction"": ""사내 동호회 지원금 신청을 위해 매월 25일까지 총무팀으로 영수증을 첨부하여 제출하십시오."",
      ""details"": ""영수증을 제출하는 방법은 총무팀에 문의하여 안내받으시기 바랍니다.""
    },
    {
      ""step_number"": 2,
      ""instruction"": ""Visual Studio Code의 테마를 변경하려면 Ctrl+K Ctrl+T를 차례대로 누른 후 원하는 색상 테마를 위아래 방향키로 선택하십시오."",
      ""details"": ""색상 테마를 변경하는 방법은 Visual Studio Code의 설정 메뉴에서 확인하실 수 있습니다.""
    },
    {
      ""step_number"": 3,
      ""instruction"": ""iOS 또는 안드로이드 기기에 사내 메일 연동을 위한 MDM 프로필 설치가 실패하는 경우는 기존에 설치되어 있던 타사 혹은 구버전 프로필과의 충돌 때문입니다. 기존 프로필을 완전히 제거한 후 사내 QR 코드를 재스캔해야 합니다."",
      ""details"": ""기존 프로필을 제거하는 방법은 사내 도서관에 문의하여 안내받으시기 바랍니다.  사내 QR 코드를 재스캔하는 방법은 사내 도서관에서 안내받으실 수 있습니다.""
    },
    {
      ""step_number"": 4,
      ""instruction"": ""사내 도서관은 본관 3층에 위치해 있으며, 1회 대출 시 최대 3권, 대출 기간은 14일이며 연장은 1회(7일) 가능합니다."",
      ""details"": ""사내 도서관 위치 및 대출 정보는 사내 도서관 웹사이트 또는 문의를 통해 확인하실 수 있습니다.""
    },
    {
      ""step_number"": 5,
      ""instruction"": ""긴급 장애 발생 시 사내 메신저 IT-Help 채널로 다이렉트 메시지를 발송해 주십시오."",
      ""details"": ""사내 메신저 IT-Help 채널은 [메신저 채널 링크]에서 확인하실 수 있습니다.""
    }
  ]
}
```

**참고:** 위 JSON 형식은 사용자 질문에 대한 해결책을 제시하는 데 필요한 정보들을 담고 있습니다.  이 정보를 바탕으로 사용자에게 필요한 정보를 제공할 수 있습니다.  혹시 더 필요한 정보가 있다면 알려주세요.",0.2358265266878424,0.274646883875097,0.0983606557377049,0
Node.js 사내 Nexus 사설 레지스트리 에러,Baseline,3,2,352,471,823,3.4831238320000466,"네, 알겠습니다. 먼저, Nexus 사내 레지스트리에 접속하기 위해 npm install 실행 시 401 Unauthorized 또는 403 Forbidden 에러가 발생하는 문제는 npm login --registry=https://nexus.company.com 명령을 통해 사내 계정으로 다시 인증을 수행해야 한다는 내용이 있습니다.

자, 단계별로 진행해 보겠습니다.

1.  **Nexus 접속:** 먼저, Nexus 사설 레지스트리 접속을 위한 명령어를 실행합니다. 터미널 또는 명령 프롬프트에서 다음 명령어를 입력하고 실행하세요.
    ```bash
    npm login --registry=https://nexus.company.com
    ```
    이 명령어는 Nexus 계정으로 로그인하고, 사내 레지스트리 URL을 설정합니다.

2.  **로그인:** 명령어를 실행하면 Nexus 계정으로 로그인합니다. 로그인 후에는 Nexus 레지스트리에 접속할 수 있습니다.

3.  **재인증:** 로그인 후, Nexus 레지스트리에서 문제가 해결되지 않으면, 다음 명령어를 사용하여 다시 인증을 수행합니다.
    ```bash
    npm login --registry=https://nexus.company.com
    ```
    이 명령어를 실행하면 Nexus 계정으로 다시 로그인하고, 사내 레지스트리 URL을 설정합니다.

4.  **문제 해결:**  로그인 후에도 문제가 지속된다면, Nexus 레지스트리 설정이나 사내 계정 정보가 정확한지 다시 한번 확인해 보세요.

이 단계를 따라하면 Nexus 사설 레지스트리 에러 문제를 해결할 수 있을 것입니다. 혹시 다른 질문이 있으시면 언제든지 말씀해주세요.",0.2976668565632437,0.2906166037769433,0.2909090909090909,0
Node.js 사내 Nexus 사설 레지스트리 에러,Context_Summarized,1,2,446,502,948,4.407751396000094,"네, 알겠습니다. 먼저, Nexus 사설 레지스트리 에러 해결을 위한 절차를 단계별로 안내해 드리겠습니다.

1.  **npm login --registry=https://nexus.company.com 실행:**
    *   터미널 또는 명령 프롬프트에서 `npm login --registry=https://nexus.company.com` 명령어를 입력합니다.
    *   이 명령어를 실행하면 Nexus 사설 레지스트리에 연결된 사내 계정으로 로그인합니다.
    *   로그인 시, 비밀번호를 입력하고 확인합니다.
2.  **로그인 후, Nexus 레지스트리에서 에러 해결을 시도:**
    *   로그인 후, Nexus 레지스트리 페이지에 접속합니다.
    *   에러 메시지가 계속 표시된다면, Nexus 레지스트리에서 에러가 발생한 페이지를 찾으세요.
    *   페이지 내에서 ""로그인"" 또는 ""계정 관리""와 같은 메뉴를 찾아보세요.
    *   로그인 페이지에서 계정 정보를 확인하고, 필요한 경우 계정 설정을 다시 확인합니다.
3.  **Nexus 레지스트리에서 계정 정보 확인:**
    *   Nexus 레지스트리 페이지에서 계정 정보가 정확하게 입력되었는지 확인합니다.
    *   계정 이름, 사용자 이름, 비밀번호 등이 정확한지 확인합니다.
4.  **재시도:**
    *   위의 단계를 모두 수행한 후에도 에러가 해결되지 않으면, Nexus 레지스트리에서 다시 시도해 보세요.

혹시 이 과정에서 문제가 발생하면, 다음 사항을 확인해 주세요.

*   Nexus 레지스트리 URL이 정확한지 확인합니다.
*   사내 계정 정보가 정확한지 확인합니다.
*   Nexus 레지스트리에 접속할 수 있는지 확인합니다.

이러한 단계를 따라하면 Nexus 사설 레지스트리 에러를 해결할 수 있을 것입니다. 혹시 더 궁금한 점이 있으시면 언제든지 질문해주세요.",0.2088967181082816,0.1164562675930961,0.15,0
Node.js 사내 Nexus 사설 레지스트리 에러,Max_Chunks,6,2,479,661,1140,4.733170346000179,"네, 알겠습니다. 먼저, npm install 실행 시 401 Unauthorized 또는 403 Forbidden 에러가 발생하는 문제는 사내 Nexus 사설 레지스트리 인증 문제로 인해 발생합니다.

1.  **npm login --registry=https://nexus.company.com 명령 실행:**
    *   먼저, 명령 프롬프트 또는 터미널을 열고 `npm login --registry=https://nexus.company.com` 명령어를 입력합니다.
    *   이 명령어를 실행하면, 사내 계정으로 로그인하는 절차가 진행됩니다.
    *   로그인 시, 관리자 ID와 비밀번호를 입력해야 합니다.
    *   로그인 후, Nexus 사설 레지스트리에서 필요한 패키지를 설치할 수 있습니다.

2.  **사내 동호회 지원금 신청:**
    *   매월 25일까지 총무팀으로 영수증을 첨부하여 제출해야 합니다.
    *   지원금은 인당 최대 3만원까지 지원됩니다.
    *   영수증을 제출하지 않으시면 지원금을 받지 못할 수 있습니다.

3.  **Visual Studio Code 테마 변경:**
    *   Visual Studio Code의 테마를 바꾸려면, Ctrl+K Ctrl+T 키를 동시에 누르고, 원하는 색상 테마를 위아래 방향키로 선택합니다.
    *   색상 테마를 변경하면, VS Code의 인터페이스가 변경됩니다.

4.  **사내 도서관 이용:**
    *   사내 도서관은 본관 3층에 위치해 있으며, 1회 대출 시 최대 3권, 대출 기간은 14일이며 연장은 1회(7일) 가능합니다.
    *   도서관 이용 방법은 사내 도서관 안내를 참고해주세요.

5.  **긴급 장애 발생 시 메신저 IT-Help 채널:**
    *   긴급 장애 발생 시 사내 메신저 IT-Help 채널로 직접 메시지를 보내주세요.

이 단계들을 순서대로 진행하시면 문제 해결에 도움이 될 것입니다. 혹시 더 궁금한 점이 있으시면 언제든지 질문해주세요.",0.322549208011468,0.2811591040862121,0.2258064516129032,0
Node.js 사내 Nexus 사설 레지스트리 에러,High_Noise,4,2,407,604,1011,4.025764689000198,"네, 알겠습니다. 먼저, Nexus 사내 레지스트리 에러 해결을 위해 다음 단계를 따르시면 됩니다.

1.  **사내 계정으로 로그인:**
    *   Visual Studio Code를 실행합니다.
    *   Ctrl + K Ctrl + T 키를 동시에 누릅니다.
    *   “사내 계정” 또는 “Nexus”를 선택합니다.
    *   로그인 화면이 나타나면, 사내 계정으로 로그인합니다.

2.  **npm login --registry=https://nexus.company.com 실행:**
    *   로그인 후, npm 명령어를 실행합니다.
    *   `npm login --registry=https://nexus.company.com` 명령어를 입력합니다.
    *   이 명령어를 입력하면, Nexus 사내 레지스트리에 접속하여 사내 계정으로 인증을 진행합니다.

3.  **Nexus 레지스트리 확인:**
    *   npm login이 성공적으로 완료되면, Nexus 레지스트리가 정상적으로 작동하는지 확인합니다.
    *   Nexus 레지스트리 페이지에 접속하여, 현재 로그인된 계정으로 정상적으로 접근 가능한지 확인합니다.

4.  **테마 변경:**
    *   Visual Studio Code의 테마를 바꾸고 싶으시다면, Ctrl + K Ctrl + T 키를 동시에 누른 후, 원하는 색상 테마를 위아래 방향키로 선택합니다.

5.  **도서관 정보 확인:**
    *   사내 도서관은 본관 3층에 위치하고 있으며, 1회 대출 시 최대 3권, 대출 기간은 14일이며 연장은 1회(7일) 가능합니다.

이 단계를 따라하면 Nexus 사내 레지스트리 에러를 해결할 수 있을 것입니다. 혹시 문제가 발생하면 언제든지 다시 문의해주세요.",0.1969892083760337,0.1105248860293735,0.1016949152542372,0
Node.js 사내 Nexus 사설 레지스트리 에러,Ranking_Swapped,4,2,291,604,895,2.8814169380000294,"네, 알겠습니다. 먼저, Nexus 사설 레지스트리 에러 메시지가 뜨는 상황에서, Ctrl+K Ctrl+T를 누르고 원하는 색상 테마를 위아래 방향키로 선택하는 방법으로 문제를 해결해 볼 수 있습니다.

1.  **Ctrl+K Ctrl+T** 키를 동시에 누릅니다.
2.  **색상 선택** 화면이 나타나면, 위쪽 방향키를 클릭하여 색상 테마의 위쪽 부분을 선택하고, 아래쪽 방향키를 클릭하여 색상 테마의 아래쪽 부분을 선택합니다.
3.  선택한 색상 테마를 원하는 대로 선택합니다.
4.  **확인** 버튼을 클릭하여 변경 사항을 적용합니다.

이 방법으로 문제가 해결되었는지 확인해 주세요. 만약 여전히 문제가 발생한다면, 다음 사항을 확인해 보시는 것이 좋습니다.

*   Nexus 사설 레지스트리에서 연결된 컴퓨터가 정상적으로 작동하는지 확인해 보세요.
*   Nexus 사설 레지스트리가 제대로 연결되어 있는지 확인해 보세요. (Nexus 사설 레지스트리 연결 상태를 확인하는 방법은 사내 IT 지원팀에 문의해 주세요.)

혹시 다른 방법으로 해결이 안 된다면, 다시 한번 사내 IT 지원팀에 문의해 주시면 자세한 안내를 도와드리겠습니다.",0.2471898942396696,0.1177660702608397,0.0714285714285714,0
Node.js 사내 Nexus 사설 레지스트리 에러,Short_History,2,2,437,514,951,4.316087320999941,"네, 알겠습니다. 먼저, npm install 실행 시 401 Unauthorized 또는 403 Forbidden 에러가 발생하는 문제는 사내 Nexus 사설 레지스트리 문제로 인해 발생합니다.

**1. npm login --registry=https://nexus.company.com 명령 실행:**

*   먼저, 터미널 또는 명령 프롬프트에서 `npm login --registry=https://nexus.company.com` 명령을 실행합니다.
*   이 명령은 사내 계정으로 Nexus 레지스트리에 접속하는 과정을 안내합니다.
*   **주의:** 이 명령을 실행하기 전에 Nexus 레지스트리 URL이 정확한지 확인하세요. (https://nexus.company.com)

**2. Nexus 레지스트리 접속 확인:**

*   명령 실행 후, Nexus 레지스트리가 정상적으로 접속되었는지 확인합니다.
*   Nexus 레지스트리 접속 페이지에서 계정 정보가 정확하게 표시되는지 확인하세요.

**3. 계정 정보 확인 및 재설정:**

*   계정 정보가 정확한지 다시 한번 확인합니다.
*   만약 계정 정보가 변경된 경우, Nexus 레지스트리에서 새로운 계정 정보를 입력해야 합니다.

**4.  Nexus 레지스트리 재시작 (필요한 경우):**

*   위의 단계를 수행해도 문제가 해결되지 않는다면, Nexus 레지스트리를 재시작해 볼 수 있습니다.
*   Nexus 레지스트리 재시작 방법은 [참고 문서]에 자세히 나와 있습니다. (참고 문서 링크: [참고 문서 링크])

**5.  Nexus 레지스트리 권한 확인:**

*   Nexus 레지스트리 권한이 제대로 설정되어 있는지 확인합니다.
*   권한 설정은 [참고 문서]에 자세히 나와 있습니다. (참고 문서 링크: [참고 문서 링크])

이 단계를 차례대로 진행하시면 문제 해결에 도움이 될 것입니다. 혹시 다른 질문이 있으시면 언제든지 말씀해주세요.",0.3689814935241425,0.2705483531119904,0.2692307692307692,0
Node.js 사내 Nexus 사설 레지스트리 에러,Long_History,2,6,294,620,914,2.9113603340001646,"네, 알겠습니다. 먼저, npm install 실행 시 401 Unauthorized 또는 403 Forbidden 에러가 발생하는 문제는 사내 Nexus 저장소의 인증 세션이 만료되었기 때문입니다.

1.  **npm login --registry=https://nexus.company.com 명령 실행:**
    *   사내 계정으로 로그인하는 명령어를 실행합니다.
    *   `npm login --registry=https://nexus.company.com` 를 입력하고 Enter 키를 누릅니다.
    *   자신의 사내 계정 정보 (이메일, 비밀번호 등)를 입력하고, Nexus 저장소 URL (https://nexus.company.com)을 정확하게 입력합니다.
    *   로그인 후, Nexus 저장소에 접속하여 문제가 해결되었는지 확인합니다.

2.  **Nexus 저장소 접속 확인:**
    *   로그인 후 Nexus 저장소에 접속하여 문제가 해결되었는지 확인합니다.

만약 위 방법으로도 해결되지 않는다면, 다음 사항을 확인해 보시는 것이 좋습니다.

*   Nexus 저장소 URL이 정확한지 다시 한번 확인해 보세요.
*   사내 계정 정보가 정확한지 다시 한번 확인해 보세요.
*   Nexus 저장소에 접속하는 다른 브라우저나 장치를 사용해 보세요.

혹시 다른 질문이 있으시면 언제든지 말씀해주세요.",0.3116440624751677,0.2941829998593888,0.3043478260869565,0
Node.js 사내 Nexus 사설 레지스트리 에러,Forced_JSON_Format,2,2,239,540,779,2.3708459819999916,"```json
{
  ""status"": ""success"",
  ""topic"": ""Nexus 사내 레지스트리 에러 해결"",
  ""solution_steps"": [
    ""1. npm install 실행 시 401 Unauthorized 또는 403 Forbidden 에러가 나는 것은 사내 사설 npm 저장소(Nexus)의 인증 세션이 만료되었기 때문입니다."",
    ""2. npm login --registry=https://nexus.company.com 명령을 통해 사내 계정으로 다시 인증을 수행해야 합니다."",
    ""3. npm login --registry=https://nexus.company.com 명령을 실행하고, 관리자 계정으로 로그인합니다."",
    ""4. 관리자 계정의 '로그인' 메뉴에서 '계정 설정' 또는 '보안' 메뉴를 선택합니다."",
    ""5. '인증' 또는 '인증 세션' 옵션을 선택하고, 사내 계정으로 인증을 진행합니다."",
    ""6. 인증이 완료되면, Nexus 사설 레지스트리 에러가 해결되었습니다.""
  ]
}
```",0.7099788222648526,0.7468044994882856,0.6666666666666667,1
Node.js 사내 Nexus 사설 레지스트리 에러,Hallucination_Defense,3,2,115,533,648,1.1504488809998747,"네, 알겠습니다. 먼저, Visual Studio Code의 테마를 바꾸는 방법은 Ctrl+K Ctrl+T 키를 누르고, 위아래 방향키를 사용하여 원하는 색상을 선택하시면 됩니다.

다음으로, 사내 도서관에 대한 정보는 본관 3층에 위치하고 있으며, 1회 대출 시 최대 3권, 대출 기간은 14일이며 연장은 1회(7일) 가능하다고 안내되어 있습니다.

혹시 다른 궁금한 점이 있으신가요?",0.1522807527540527,0.0607912926592911,0.0,0
Node.js 사내 Nexus 사설 레지스트리 에러,Mixed_Stress_Test,6,6,389,779,1168,3.8456207609999637,"```json
{
  ""steps"": [
    {
      ""step_number"": 1,
      ""instruction"": ""사내 동호회 지원금 신청 절차를 확인합니다."",
      ""details"": ""매월 25일까지 총무팀으로 영수증을 첨부하여 제출해야 합니다.  영수증을 확인하고, 지원금 지급을 위한 절차를 확인합니다.""
    },
    {
      ""step_number"": 2,
      ""instruction"": ""Visual Studio Code 테마 변경 방법"",
      ""details"": ""Ctrl+K Ctrl+T를 반복적으로 누르면서 원하는 색상 테마를 위아래 방향키로 선택합니다.""
    },
    {
      ""step_number"": 3,
      ""instruction"": ""npm install 실행 시 오류 해결 방법"",
      ""details"": ""npm install 실행 시 401 Unauthorized 또는 403 Forbidden 에러가 발생합니다. npm login --registry=https://nexus.company.com 명령을 통해 사내 계정으로 다시 인증을 수행합니다.""
    },
    {
      ""step_number"": 4,
      ""instruction"": ""사내 도서관 정보 확인"",
      ""details"": ""본 가이드는 사내 전체 임직원 공통 지침서의 파생 문서입니다. 사내 도서관은 본관 3층에 위치해 있습니다.""
    },
    {
      ""step_number"": 5,
      ""instruction"": ""긴급 장애 발생 시 메신저 IT-Help 채널 활용"",
      ""details"": ""긴급 장애 발생 시 사내 메신저 IT-Help 채널로 직접 메시지를 발송하여 도움을 요청합니다.""
    }
  ]
}
```",0.3145176706360815,0.3004263565947364,0.2318840579710144,1
Git Merge 충돌(Conflict) 발생 해결,Baseline,3,2,323,459,782,3.192552785999851,"네, 좋습니다. Git Merge 충돌 해결을 위한 단계별 안내를 드리겠습니다.

1.  **충돌 파일 확인:** 먼저, 충돌이 발생한 파일들을 확인해야 합니다. 충돌이 발생한 파일은 보통 `<<<<<<< HEAD`, `=======`, `>>>>>>> Branch` 와 같은 마커로 표시됩니다.

2.  **충돌 파일 수동 정렬:** 충돌 파일들을 열어 <<<<<<< HEAD와 >>>>>>> 마커 사이의 소스코드를 수동으로 정렬합니다. 이 과정은 매우 중요하며, 충돌이 발생한 부분의 내용을 정확히 파악해야 합니다.

3.  **git add:** 정렬된 소스코드를 `git add` 명령어를 사용하여 staging area에 추가합니다.

4.  **git commit:** `git add`를 완료한 후, `git commit` 명령어를 사용하여 변경 사항을 저장합니다.  충돌이 해결된 내용을 반영하여 commit해야 합니다.

5.  **git push:**  `git commit`을 완료한 후, `git push` 명령어를 사용하여 원격 저장소에 변경 사항을 푸시합니다.

**주의사항:**

*   충돌 해결 과정에서 충돌 부분을 삭제하거나 수정하지 않도록 주의하세요.
*   충돌이 발생한 파일의 내용을 정확히 이해하고, 충돌을 해결하는 것이 중요합니다.

이 단계를 따라 진행하시면 Git Merge 충돌을 해결할 수 있을 것입니다. 혹시 진행하면서 막히는 부분이 있다면 언제든지 다시 질문해주세요.",0.4971195824807581,0.1426915325997336,0.25,0
Git Merge 충돌(Conflict) 발생 해결,Context_Summarized,1,2,467,485,952,4.607341672999837,"네, 좋습니다. Git Merge 충돌(Conflict) 발생 해결을 위한 단계별 안내를 드리겠습니다.

1.  **충돌 발생 확인:** 먼저, git push가 거부되고 merge conflict가 발생했는지 확인합니다.  `git status` 명령어를 사용하여 충돌이 발생했는지 확인해 보세요.  충돌이 발생했다면, 충돌이 발생한 파일을 확인하고,  `git status` 명령어를 사용하여 충돌이 발생한 파일의 상태를 확인합니다.

2.  **충돌 해결:** 충돌이 발생한 파일을 열어,  `<<<<<<< HEAD`, `=======`, `>>>>>>> BranchName` 등의 마커를 확인합니다.  이 마커들은 충돌이 발생한 파일의 내용을 나타냅니다.  이 마커들을  수동으로 삭제하거나,  필요한 부분을 수정하여 충돌을 해결합니다.  가장 중요한 것은 충돌을 해결하는 것이 아니라,  **충돌이 발생한 파일의 내용을 정확하게 반영하는 것**입니다.

3.  **충돌 해결 완료:** 충돌 해결이 완료되면,  `git add <충돌 해결된 파일>` 명령어를 사용하여 충돌 해결된 파일을 staging area에 추가합니다.  `git add .` 명령어를 사용하여 모든 충돌 해결된 파일을 staging area에 추가합니다.

4.  **git commit:**  `git commit` 명령어를 사용하여 충돌 해결된 파일을 commit합니다.  commit 메시지를 명확하게 작성하여,  충돌 해결 과정을 설명하는 것이 좋습니다.

5.  **git push:**  `git push` 명령어를 사용하여 변경 사항을 원격 저장소에 push합니다.

**주의사항:**

*   충돌 해결 과정에서 충돌이 발생한 파일의 내용을 정확하게 수정해야 합니다.
*   충돌 해결 후에는 반드시 `git status` 명령어를 사용하여 충돌이 해결되었는지 확인해야 합니다.
*   충돌 해결 후에는 `git add` 및 `git commit` 명령어를 사용하여 변경 사항을 commit해야 합니다.

이 단계를 따라 진행하시면 Git Merge 충돌(Conflict)을 해결할 수 있을 것입니다. 혹시 더 궁금한 점이 있으시면 언제든지 질문해주세요.",0.4275827701514015,0.2345763264384046,0.2857142857142857,0
Git Merge 충돌(Conflict) 발생 해결,Max_Chunks,6,2,344,649,993,3.4040619899999456,"네, 알겠습니다. Git Merge 충돌 해결을 위한 단계별 안내를 드리겠습니다.

1.  **충돌 파일 확인:** 먼저, Git Merge 충돌이 발생한 파일을 확인합니다. 충돌이 발생한 파일은 보통 `.git/merge_conflict` 폴더에 있습니다.
2.  **충돌 파일 열기:** 충돌 파일은 텍스트 파일로 되어 있습니다. 파일을 열어 충돌이 발생한 부분을 확인합니다.
3.  **<<<<<<< HEAD>**와 **>>>>>>>** 마커 사이의 소스코드를 수동으로 정렬합니다. 이 마커들은 원격 저장소에 반영될 소스 코드의 위치를 나타냅니다.
4.  **git add:** 정렬된 소스코드를 `git add` 명령어로 추가합니다. 이렇게 하면 충돌이 해결된 소스 코드가 Git 저장소에 반영됩니다.
5.  **git commit:** `git add`를 완료한 후 `git commit` 명령어로 변경 사항을 저장합니다.
6.  **Git Push:**  `git commit`을 완료한 후, 다시 `git push` 명령어로 원격 저장소에 변경 사항을 전송합니다.

**주의사항:**

*   충돌 해결 후에는 반드시 `git status` 명령어를 사용하여 충돌이 해결되었는지 확인해야 합니다.
*   충돌 해결 후에는 `git pull` 명령어를 사용하여 원격 저장소의 변경 사항을 반영해야 합니다.

이 단계를 따라 진행하시면 Git Merge 충돌을 해결할 수 있을 것입니다. 혹시 어려움이 있다면 언제든지 다시 질문해주세요.",0.3596011220797078,0.1753067194534865,0.3043478260869565,0
Git Merge 충돌(Conflict) 발생 해결,High_Noise,4,2,281,592,873,2.7821890949999215,"네, 알겠습니다. Git Merge 충돌 해결을 위한 단계별 안내를 드리겠습니다.

1.  **충돌 파일 확인:** 먼저, 충돌이 발생한 파일(일반적으로 `*.merge` 확장자를 가진 파일)을 확인합니다.
2.  **충돌 해결:** 충돌이 발생한 파일에서 <<<<<<< HEAD와 >>>>>>> 마커 사이의 소스코드를 수동으로 정렬합니다. 이 마커는 원격 저장소에 반영되지 않은 소스 코드를 나타냅니다.
3.  **수동 정렬:** 정렬된 소스코드를 Git의 `git add` 명령어를 사용하여 저장소에 추가합니다.
4.  **수정 및 Commit:**  `git add` 명령어를 사용하여 수정된 소스 코드를 추가하고, `git commit` 명령어를 사용하여 변경 사항을 저장합니다.
5.  **Push:**  `git push` 명령어를 사용하여 변경 사항을 원격 저장소에 전송합니다.

**참고:**  Visual Studio Code의 테마를 바꾸는 방법은 Ctrl+K Ctrl+T를 누르고, 원하는 색상 테마를 위아래 방향키로 선택하시면 됩니다.

이 단계를 따라 진행하시면 Merge 충돌을 해결할 수 있을 것입니다. 혹시 문제가 발생하면 언제든지 다시 질문해주세요.",0.6016790019486773,0.1615069664961908,0.2702702702702703,0
Git Merge 충돌(Conflict) 발생 해결,Ranking_Swapped,4,2,198,592,790,1.9658363199998803,"네, 알겠습니다. 먼저, Visual Studio Code의 테마를 바꾸는 방법은 Ctrl+K Ctrl+T 키를 누르고, 원하는 색상 테마를 위아래 방향키로 선택하시면 됩니다.

다음으로, 사내 도서관 위치를 확인해 주세요. 본관 3층에 위치하고 있으며, 1회 대출 시 최대 3권, 대출 기간은 14일이며 연장은 1회(7일) 가능합니다.

그리고, git push가 거부되고 merge conflict가 발생했을 때는 로컬에서 git pull을 받아 충돌 파일 내의 <<<<<<< HEAD와 >>>>>>> 마커 사이의 소스코드를 수동 정렬한 후, git add 및 git commit을 거쳐 다시 push를 수행해야 원격 저장소에 정상 반영됩니다.

이러한 단계를 차례대로 진행하시면 됩니다. 혹시 어려움이 있다면 언제든지 다시 질문해주세요.",0.2681560649798936,0.421381750995271,0.3529411764705882,0
Git Merge 충돌(Conflict) 발생 해결,Short_History,2,2,357,502,859,3.5313112730000285,"네, 알겠습니다. Git Merge 충돌 해결을 위한 단계별 안내를 드리겠습니다.

1.  **충돌 파일 확인:** 먼저, 충돌이 발생한 파일들을 확인해야 합니다. 충돌이 발생한 파일은 보통 `.git/maintree.txt` 파일에 표시됩니다. 이 파일에서 충돌이 발생한 파일의 위치와 충돌이 발생한 내용을 확인할 수 있습니다.

2.  **충돌 해결:** 충돌이 발생한 파일들을 열어 <<<<<<< HEAD와 >>>>>>> 마커 사이의 소스코드를 수동으로 정렬합니다. 이 마커는 원격 저장소의 최신 버전과 로컬의 버전이 다를 때 나타납니다.

3.  **git add:** 정렬된 소스코드를 `git add` 명령어로 추가합니다. 이렇게 하면 충돌이 해결된 파일들이 Git 저장소에 추가됩니다.

4.  **git commit:** `git add`를 완료한 후, `git commit` 명령어로 충돌을 해결한 내용을 저장합니다.  충돌 해결 과정을 기록하는 것이 중요합니다.

5.  **git push:**  `git commit`을 완료한 후, `git push` 명령어로 원격 저장소에 변경 사항을 푸시합니다.

**주의사항:**

*   충돌 해결 후에는 반드시 `git status` 명령어를 사용하여 충돌이 해결되었는지 확인해야 합니다.
*   충돌 해결 후에는 `git pull` 명령어를 사용하여 로컬 저장소의 변경 사항을 반영해야 합니다.

이 단계를 따라 진행하시면 Git Merge 충돌을 해결할 수 있을 것입니다. 혹시 문제가 발생하면 언제든지 다시 질문해주세요.",0.4259887055942314,0.151810346719618,0.2790697674418604,0
Git Merge 충돌(Conflict) 발생 해결,Long_History,2,6,372,608,980,3.6802558710000994,"네, 알겠습니다. Git Merge 충돌 해결을 위한 단계별 안내입니다.

1.  **충돌 파일 확인:** 먼저, 충돌이 발생한 파일들을 확인합니다. 충돌이 발생한 파일은 보통 `.git/mcmp.lock` 파일이 변경되었거나, `git status` 명령어를 실행했을 때 표시됩니다.
2.  **충돌 해결:** 충돌이 발생한 파일들을 열어, 충돌이 발생한 부분을 수정합니다.  `<<<<<<<`와 `=======`와 `>>>>>>>`를 사용하여 충돌 부분을 구분하고, 수정된 내용을 적절하게 정리합니다.  이 과정에서 충돌 부분을 제거하고, 수정된 내용을 유지해야 합니다.
3.  **git add:** 수정된 파일을 `git add` 명령어로 추가합니다.  이렇게 하면 충돌이 해결된 파일들이 Git 저장소에 추가됩니다.
4.  **git commit:** `git add`를 완료한 후, `git commit` 명령어로 변경 사항을 저장합니다.  commit 메시지를 명확하게 작성하여 변경 사항을 설명하는 것이 좋습니다.
5.  **git push:**  `git push` 명령어로 변경 사항을 원격 저장소에 전송합니다.

**주의사항:**

*   충돌 해결 과정에서 충돌 부분을 제거하는 것이 중요합니다.
*   충돌 해결 후에는 반드시 `git status` 명령어를 실행하여 충돌이 해결되었는지 확인해야 합니다.
*   충돌 해결 후에는 `git push` 명령어를 실행하여 변경 사항을 원격 저장소에 전송해야 합니다.

이 단계를 따라 진행하시면 Git Merge 충돌을 해결할 수 있을 것입니다. 혹시 진행하면서 막히는 부분이 있다면 언제든지 다시 질문해주세요.",0.4915102658712214,0.1375429526409338,0.2325581395348837,0
Git Merge 충돌(Conflict) 발생 해결,Forced_JSON_Format,2,2,327,528,855,3.232876797000017,"```json
{
  ""status"": ""success"",
  ""topic"": ""Git Merge Conflict 해결"",
  ""solution_steps"": [
    {
      ""step_number"": 1,
      ""instruction"": ""Git push가 거부되고 merge conflict가 발생했을 때, 로컬에서 git pull을 실행하여 충돌 파일 내의 <<<<<<< HEAD와 >>>>>>> 마커 사이의 소스코드를 수동으로 정렬합니다."",
      ""details"": ""충돌 파일은 Git이 변경된 내용을 저장한 파일입니다. 이 파일을 수동으로 정렬하여, 충돌이 발생한 부분을 해결해야 합니다.  이 과정은 복잡할 수 있으므로, 주의 깊게 진행해야 합니다.""
    },
    {
      ""step_number"": 2,
      ""instruction"": ""정렬 후, git add 명령어를 사용하여 충돌을 해결한 소스코드를 Git 저장소에 추가합니다."",
      ""details"": ""git add은 충돌을 해결한 소스 코드를 Git 저장소에 추가합니다.  충돌이 해결된 파일이 아닌 경우, 충돌이 발생한 파일만 추가합니다.""
    },
    {
      ""step_number"": 3,
      ""instruction"": ""git commit 명령어를 사용하여 수정된 소스 코드를 저장합니다."",
      ""details"": ""git commit은 수정된 소스 코드를 저장합니다.  commit은 수정된 소스 코드를 Git 저장소에 반영합니다.""
    }
  ]
}
```",0.6686397707018162,0.5091366907210173,0.5538461538461539,1
Git Merge 충돌(Conflict) 발생 해결,Hallucination_Defense,3,2,139,523,662,1.3855980539999564,"네, 알겠습니다. 먼저, Visual Studio Code의 테마를 바꾸는 방법은 다음과 같습니다.

1.  **Ctrl + K** 키를 누릅니다.
2.  **Ctrl + T** 키를 누릅니다.
3.  **위아래 방향키**를 사용하여 원하는 색상 테마를 선택합니다.

이 두 가지 방법으로도 문제가 해결되지 않는다면, 다음 사항을 확인해 보시는 것이 좋습니다.

*   Visual Studio Code가 최신 버전인지 확인해 보세요.
*   Visual Studio Code를 재시작해 보세요.

혹시 다른 문제가 발생한다면, 다시 알려주세요.",0.1447210464036389,0.0632540432700803,0.0,0
Git Merge 충돌(Conflict) 발생 해결,Mixed_Stress_Test,6,6,423,767,1190,4.178033512999946,"```json
{
  ""steps"": [
    {
      ""step_number"": 1,
      ""instruction"": ""사내 동호회 지원금 신청 절차를 확인합니다."",
      ""details"": ""매월 25일까지 총무팀으로 영수증을 첨부하여 제출해야 합니다. 최대 3만원까지 지원됩니다.""
    },
    {
      ""step_number"": 2,
      ""instruction"": ""Visual Studio Code 테마 변경 방법"",
      ""details"": ""Ctrl+K Ctrl+T를 반복적으로 누르면서 원하는 색상 테마를 위아래 방향키로 선택합니다.""
    },
    {
      ""step_number"": 3,
      ""instruction"": ""git push가 거부되고 merge conflict가 발생했을 때"",
      ""details"": ""로컬에서 git pull을 실행하여 충돌 파일 내의 <<<<<<< HEAD와 >>>>>>> 마커 사이의 소스코드를 수동으로 정렬합니다.  이 과정에서 소스코드를 수정해야 합니다.  git add 및 git commit을 거쳐 다시 push를 수행합니다.""
    },
    {
      ""step_number"": 4,
      ""instruction"": ""사내 도서관 정보 확인"",
      ""details"": ""본 가이드는 사내 전체 임직원 공통 지침서의 파생 문서입니다.  본관 3층에 위치하고 있으며, 1회 대출 시 최대 3권, 대출 기간은 14일이며 연장은 1회(7일) 가능합니다.""
    },
    {
      ""step_number"": 5,
      ""instruction"": ""긴급 장애 발생 시 메신저 IT-Help 채널 활용"",
      ""details"": ""긴급 장애 발생 시 사내 메신저 IT-Help 채널로 직접 메시지를 발송하여 도움을 요청합니다.""
    }
  ]
}
```",0.3840084894961152,0.2959257178846825,0.1971830985915492,1
PostgreSQL 로컬 접속 타임아웃 오류,Baseline,3,2,612,465,1077,6.032001125000079,"네, 알겠습니다. 먼저, PostgreSQL 데이터베이스에 접속할 때 connection refused 에러가 발생하는 상황을 확인해 보겠습니다.

1.  **postgresql.conf 파일 확인:** 먼저, `postgresql.conf` 파일을 찾아서 `listen_addresses` 설정을 확인해 주세요. 이 설정은 PostgreSQL 서버가 어떤 IP 주소에서 연결을 수용할지 결정합니다. 기본적으로 `listen_addresses`는 `localhost`로 설정되어 있습니다. 하지만, 로컬 환경에서는 `*` 또는 `localhost`가 아닌 다른 IP 주소에서 접속을 허용하도록 설정되어 있는지 확인해야 합니다.

2.  **pg_hba.conf 파일 확인:** `pg_hba.conf` 파일은 PostgreSQL 서버의 접속 권한을 관리하는 파일입니다. 이 파일에서 해당 클라이언트 IP 주소에서 PostgreSQL 데이터베이스에 접근할 수 있는 권한이 할당되어 있는지 확인해 주세요.  `pg_hba.conf` 파일에 접속하여, 해당 클라이언트 IP 주소에 대한 `md5` 또는 `trust` 권한이 설정되어 있는지 확인해야 합니다.

    *   **md5 권한:**  `pg_hba.conf` 파일에서 `host    all             all             192.168.1.0/24` 와 같이 설정되어 있다면, 해당 IP 주소에서 `md5` 권한으로 접속할 수 있습니다.
    *   **trust 권한:** `pg_hba.conf` 파일에서 `host    all             all             192.168.1.0/24` 와 같이 설정되어 있다면, 해당 IP 주소에서 `trust` 권한으로 접속할 수 있습니다.

3.  **데이터베이스 연결 시도:**  `postgresql.conf` 파일에서 `listen_addresses`가 `localhost`로 설정되어 있고, `pg_hba.conf` 파일에서 해당 클라이언트 IP 주소에 대한 `md5` 또는 `trust` 권한이 할당되어 있다면,  `psql` 명령어를 사용하여 데이터베이스에 접속해 보세요.

    *   `psql` 명령어를 사용하여 데이터베이스에 접속하는 방법은 다음과 같습니다.

        ```bash
        psql -h localhost -U <사용자 이름> -d <데이터베이스 이름>
        ```

        `<사용자 이름>`은 PostgreSQL 데이터베이스에 접속할 사용자 이름이고, `<데이터베이스 이름>`은 데이터베이스의 이름입니다.

**주의사항:**

*   `pg_hba.conf` 파일은 데이터베이스 서버의 위치에 따라 다른 설정을 가질 수 있습니다.
*   `listen_addresses` 설정은 서버의 위치에 따라 변경될 수 있습니다.

위의 단계를 따라 진행하시면, 문제 해결에 도움이 될 것입니다. 혹시 `pg_hba.conf` 파일의 내용이 궁금하시면, 알려주세요.",0.2723166941913638,0.1958383240164764,0.0842105263157894,0
PostgreSQL 로컬 접속 타임아웃 오류,Context_Summarized,1,2,436,491,927,4.304357006999908,"네, 알겠습니다. 먼저, 로컬에 설치된 PostgreSQL 데이터베이스에 접속할 때 connection refused 에러가 발생하는 상황을 확인해 보겠습니다.

1.  **postgresql.conf 파일 확인:** 먼저, `postgresql.conf` 파일을 찾아서 `listen_addresses` 옵션이 `localhost` 또는 `127.0.0.1`으로 설정되어 있는지 확인해 주세요. 이 옵션이 설정되어 있지 않다면, 반드시 설정해야 합니다.
2.  **pg_hba.conf 파일 확인:** `pg_hba.conf` 파일도 확인해 주세요. 이 파일은 클라이언트 IP 주소에서 PostgreSQL 데이터베이스에 접근할 수 있는 권한을 설정합니다.  `pg_hba.conf` 파일에 해당 클라이언트 IP 주소의 접근 권한이 할당되어 있는지 확인해야 합니다.  일반적으로 `pg_hba.conf` 파일은 데이터베이스 서버의 IP 주소 또는 호스트 이름으로 설정됩니다.
3.  **데이터베이스 연결 시도:**  `psql` 명령어를 사용하여 데이터베이스에 접속해 보세요.  `psql` 명령어를 실행하고, `host` 옵션을 사용하여 데이터베이스 서버의 IP 주소 또는 호스트 이름을 지정하면 됩니다. 예를 들어, `psql -h localhost -U your_username` 와 같이 실행할 수 있습니다.

만약 위의 단계를 모두 수행해도 문제가 해결되지 않는다면, 다음 사항을 확인해 주세요.

*   PostgreSQL 서버가 실행 중인지 확인합니다.
*   PostgreSQL 서버의 포트가 5432 (기본 포트)로 설정되어 있는지 확인합니다.
*   PostgreSQL 서버의 실행 권한이 있는지 확인합니다.

이러한 확인을 통해 문제의 원인을 파악하고 해결할 수 있을 것입니다.  혹시 `pg_hba.conf` 파일에 어떤 설정이 되어 있는지, 그리고 `psql` 명령어를 실행할 때 어떤 IP 주소로 접속하려고 하는지 알려주시면 더 정확한 도움을 드릴 수 있습니다.",0.280390059795866,0.2742656445979777,0.1403508771929824,0
PostgreSQL 로컬 접속 타임아웃 오류,Max_Chunks,6,2,656,655,1311,6.466822277999881,"네, 알겠습니다. PostgreSQL 로컬 접속 타임아웃 오류 해결을 위한 단계별 안내를 드리겠습니다.

1.  **postgresql.conf 파일 확인:** 먼저, PostgreSQL 데이터베이스에 접속할 때 연결 시 문제가 발생하는지 확인하기 위해 `postgresql.conf` 파일을 확인해야 합니다. 이 파일은 데이터베이스 설정을 담당합니다.
    *   `listen_addresses` 설정이 `localhost` 또는 `127.0.0.1`으로 설정되어 있는지 확인하세요.  `listen_addresses`가 `*`로 설정되어 있다면, 모든 인터페이스에서 연결을 허용합니다.
    *   `listen_addresses`가 `localhost`로 설정되어 있다면, 해당 서버의 IP 주소로만 연결이 가능합니다.
    *   `listen_addresses`가 `127.0.0.1`으로 설정되어 있다면, 로컬 컴퓨터에서만 연결이 가능합니다.

2.  **pg_hba.conf 파일 확인:** `postgresql.conf` 파일에서 `listen_addresses` 설정이 올바르게 되어 있는지 확인합니다.  `pg_hba.conf` 파일은 PostgreSQL 서버가 접속할 수 있는 네트워크 접근 권한을 정의합니다.
    *   `pg_hba.conf` 파일에 접속하여, 로컬 컴퓨터의 IP 주소 또는 호스트 이름으로 접속을 허용하는 규칙이 있는지 확인합니다.
    *   `pg_hba.conf` 파일에 다음과 같은 규칙이 있는지 확인하세요.
        *   **로컬 IP 주소로 접속 허용:** `host    all             all             192.168.1.0/24` (예시)
        *   **호스트 이름으로 접속 허용:** `host    all             all             192.168.1.0/24` (예시)

3.  **데이터베이스 연결 시도:**  `postgresql.conf` 파일에서 `listen_addresses`가 올바르게 설정되어 있고, `pg_hba.conf` 파일에 적절한 규칙이 설정되어 있는지 확인한 후, 데이터베이스 연결을 시도해 보세요.  `psql` 명령어를 사용하여 데이터베이스에 접속할 수 있다면, 연결이 성공적으로 이루어지는 것을 확인합니다.

4.  **Visual Studio Code 테마 변경:**  Visual Studio Code의 테마를 변경하여 문제가 해결되는지 확인해 보세요.  테마 변경 후에도 문제가 지속된다면, 다른 테마를 시도해 보거나, VS Code의 테마 설정을 다시 확인해 보세요.

5.  **사내 도서관 정보 확인:** 사내 도서관은 본관 3층에 위치하고, 1회 대출 시 최대 3권, 대출 기간은 14일이며 연장은 1회(7일) 가능하다고 안내되어 있습니다.

이 단계를 따라 진행하시면 PostgreSQL 로컬 접속 타임아웃 오류를 해결할 수 있을 것입니다.  혹시 이중으로 확인해야 할 부분이 있다면 알려주세요.",0.3168453525271906,0.1747823608802551,0.064516129032258,0
PostgreSQL 로컬 접속 타임아웃 오류,High_Noise,4,2,400,598,998,3.9515189390001524,"네, 알겠습니다. 먼저, PostgreSQL 로컬 접속 타임아웃 오류를 해결하기 위해 다음 단계를 따르시면 됩니다.

1.  **postgresql.conf 파일 확인:** 먼저, `postgresql.conf` 파일을 확인해 보세요. 이 파일은 PostgreSQL 서버의 기본 설정을 정의합니다. 이 파일이 `listen_addresses` 설정이 `localhost` 또는 `127.0.0.1`로 되어 있는지 확인합니다. 만약 `listen_addresses`가 `*`로 설정되어 있다면, 모든 IP 주소에서 연결을 허용하도록 설정해야 합니다.
2.  **pg_hba.conf 파일 확인:** `pg_hba.conf` 파일은 PostgreSQL 서버가 외부에서 접속할 때 어떤 권한을 부여해야 하는지 정의합니다. 이 파일이 해당 클라이언트 IP 주소에서 로컬 서버에 접속할 수 있도록 적절한 규칙이 설정되어 있는지 확인합니다.  `pg_hba.conf` 파일에 접속하여 `host` 또는 `local` 규칙을 확인하고, 해당 클라이언트 IP 주소에서 로컬 서버에 접속할 수 있도록 설정되어 있는지 확인합니다.
3.  **Connection Refused 오류 해결:**  `Connection Refused` 오류가 발생하면,  `postgresql.conf` 파일에서 `listen_addresses`가 `*`로 설정되어 있는지 확인하고,  `pg_hba.conf` 파일에서 해당 클라이언트 IP 주소에서 로컬 서버에 접속할 수 있도록 적절한 규칙이 설정되어 있는지 확인합니다.
4.  **Visual Studio Code 테마 변경:**  Visual Studio Code의 테마를 바꾸려면 Ctrl+K Ctrl+T를 누르고 원하는 색상 테마를 위아래 방향키로 선택합니다.

이 단계를 차례대로 진행하시면 문제 해결에 도움이 될 것입니다. 혹시라도 문제가 발생하면 언제든지 다시 문의해주세요.",0.2976167661337007,0.2209364857667434,0.1639344262295082,0
PostgreSQL 로컬 접속 타임아웃 오류,Ranking_Swapped,4,2,762,598,1360,7.508012277000034,"네, 알겠습니다. 먼저, 다음 단계를 따라 진행해 보세요.

1.  **psql.conf 파일 확인:**
    *   먼저, PostgreSQL 데이터베이스에 접속할 때 발생하는 ""connection refused"" 에러가 발생하는지 확인합니다.
    *   psql.conf 파일이 현재 위치에 있는지 확인합니다. (일반적으로 `/etc/postgresql/<version>/main/psql.conf`)
    *   psql.conf 파일에서 `listen_addresses` 설정이 `localhost`로 되어 있는지 확인합니다. 만약 `listen_addresses`가 `localhost`로 설정되어 있다면, 해당 설정이 올바른지 확인해야 합니다.
    *   `listen_addresses` 설정이 `*`로 되어 있다면, 모든 IP 주소에서 연결을 허용하도록 설정해야 합니다.
    *   `listen_addresses` 설정이 `localhost`로 되어 있다면, 해당 설정이 올바른지 확인해야 합니다.

2.  **pg_hba.conf 파일 확인:**
    *   `pg_hba.conf` 파일이 현재 위치에 있는지 확인합니다. (일반적으로 `/etc/postgresql/<version>/main/pg_hba.conf`)
    *   `pg_hba.conf` 파일에서 해당 클라이언트 IP 주소에서 PostgreSQL 데이터베이스에 접속할 수 있도록 권한을 부여하는 규칙이 있는지 확인합니다.
    *   `pg_hba.conf` 파일에서 해당 클라이언트 IP 주소에서 PostgreSQL 데이터베이스에 접속할 수 있도록 권한을 부여하는 규칙이 있는지 확인합니다.
    *   `pg_hba.conf` 파일에 해당 클라이언트 IP 주소에서 PostgreSQL 데이터베이스에 접속할 수 있도록 권한을 부여하는 규칙이 없다면, 해당 규칙을 추가해야 합니다.

3.  **데이터베이스 연결 시도:**
    *   psql.conf 파일에서 `listen_addresses` 설정이 올바른지 확인하고, pg_hba.conf 파일에서 해당 클라이언트 IP 주소에서 PostgreSQL 데이터베이스에 접속할 수 있도록 권한을 부여하는 규칙이 있는지 확인합니다.
    *   psql.conf 파일에서 `listen_addresses` 설정이 올바른지 확인하고, pg_hba.conf 파일에서 해당 클라이언트 IP 주소에서 PostgreSQL 데이터베이스에 접속할 수 있도록 권한을 부여하는 규칙이 있는지 확인합니다.
    *   psql.conf 파일에서 `listen_addresses` 설정이 올바른지 확인하고, pg_hba.conf 파일에서 해당 클라이언트 IP 주소에서 PostgreSQL 데이터베이스에 접속할 수 있도록 권한을 부여하는 규칙이 있는지 확인합니다.

4.  **데이터베이스 연결 시도:**
    *   psql.conf 파일에서 `listen_addresses` 설정이 올바른지 확인하고, pg_hba.conf 파일에서 해당 클라이언트 IP 주소에서 PostgreSQL 데이터베이스에 접속할 수 있도록 권한을 부여하는 규칙이 있는지 확인합니다.
    *   psql.conf 파일에서 `listen_addresses` 설정이 올바른지 확인하고, pg_hba.conf 파일에서 해당 클라이언트 IP 주소에서 PostgreSQL 데이터베이스에 접속할 수 있도록 권한을 부여하는 규칙이 있는지 확인합니다.

위 단계를 차례대로 진행하면 문제 해결에 도움이 될 것입니다.  각 단계를 진행하면서 에러 메시지가 나타나는지 확인하고, 필요한 경우 에러 메시지를 다시 확인하여 문제 해결에 도움이 되도록 합니다.

혹시 이 과정에서 더 궁금한 점이 있으신가요?",0.2504117206684143,0.1469144543106787,0.073394495412844,0
PostgreSQL 로컬 접속 타임아웃 오류,Short_History,2,2,603,508,1111,5.943824125999981,"네, 알겠습니다. 먼저, PostgreSQL 데이터베이스에 접속할 때 connection refused 에러가 발생하는 상황을 확인해 보겠습니다.

1.  **postgresql.conf 파일 확인:** 먼저, `postgresql.conf` 파일이 존재하는지 확인해 주세요. 이 파일은 PostgreSQL 서버의 기본 설정을 담고 있습니다. 이 파일이 있다면, `listen_addresses` 옵션이 `localhost` 또는 `127.0.0.1`으로 설정되어 있는지 확인해 주세요. 만약 `listen_addresses`가 `localhost`로 설정되어 있다면, 이 설정이 올바른지 확인해야 합니다.

2.  **pg_hba.conf 파일 확인:** `pg_hba.conf` 파일은 PostgreSQL 서버가 외부에서 어떤 클라이언트에게 접근할 수 있는지 제어하는 역할을 합니다. 이 파일이 있다면, 해당 클라이언트 IP 주소에 대한 접근 권한이 할당되어 있는지 확인해 주세요. 일반적으로 `md5` 또는 `trust` 방식으로 권한을 부여합니다.

    *   **md5 방식:**  `pg_hba.conf` 파일에 다음과 같은 라인이 있는지 확인해 보세요.
        ```
        host    all             all             192.168.1.0/24          md5
        ```
        이 라인은 `192.168.1.0/24` 네트워크에서 모든 사용자에게 `md5` 방식으로 접근 권한을 부여합니다.
    *   **trust 방식:** `pg_hba.conf` 파일에 다음과 같은 라인이 있는지 확인해 보세요.
        ```
        host    all             all             192.168.1.0/24          trust
        ```
        이 라인은 `192.168.1.0/24` 네트워크에서 모든 사용자에게 `trust` 방식으로 접근 권한을 부여합니다.

3.  **데이터베이스 연결 시도:**  `psql` 명령어를 사용하여 데이터베이스에 접속해 보세요.  `psql` 명령어를 실행하고, `postgres$`를 입력한 후 `\c <데이터베이스_이름>` 명령어를 입력하여 데이터베이스에 연결해 보세요.  만약 연결이 안 된다면, `postgresql.conf` 파일의 `listen_addresses` 및 `pg_hba.conf` 파일의 `host` 및 `match` 옵션을 확인하고, 필요한 경우 수정해 주세요.

**참고:**  `pg_hba.conf` 파일은 데이터베이스 서버의 위치에 따라 다른 설정을 가질 수 있습니다.  데이터베이스 서버의 위치를 정확히 파악하고, 해당 위치에 맞는 설정을 적용해야 합니다.

이러한 단계를 통해 문제 해결에 도움이 되기를 바랍니다. 혹시 다른 질문이 있으시면 언제든지 물어보세요.",0.2655746778571951,0.2046653921457881,0.0888888888888888,0
PostgreSQL 로컬 접속 타임아웃 오류,Long_History,2,6,491,614,1105,4.848040603000072,"네, 알겠습니다. 먼저, PostgreSQL 데이터베이스에 접속할 때 connection refused 에러가 발생하는 경우, 다음 두 가지 사항을 확인해 보세요.

1.  **listen\_addresses 설정 확인:**
    *   `postgresql.conf` 파일에서 `listen_addresses` 옵션이 `*` 또는 `localhost`로 설정되어 있는지 확인합니다.
    *   `listen_addresses`가 `*`로 설정되어 있다면, 모든 인터페이스에서 PostgreSQL 서버를 수신하도록 설정됩니다.
    *   `listen_addresses`가 `localhost`로 설정되어 있다면, 로컬 컴퓨터에서만 PostgreSQL 서버에 접속할 수 있습니다.
2.  **pg_hba.conf 파일 확인:**
    *   `pg_hba.conf` 파일에서 클라이언트 IP 주소 또는 네트워크 그룹에 대한 접근 권한이 할당되어 있는지 확인합니다.
    *   클라이언트 IP 주소로 접속하는 경우, 해당 IP 주소에 대한 접근 권한이 부여되어 있는지 확인합니다.
    *   `md5` 또는 `trust` 방식의 권한 설정이 적용되어 있다면, 해당 클라이언트 IP 주소에 대한 접근 권한이 부여되어 있는지 확인합니다.

**해결 방법:**

1.  **`postgresql.conf` 파일 수정:**
    *   `postgresql.conf` 파일을 텍스트 편집기로 열어 `listen_addresses` 옵션을 `*` 또는 `localhost`로 변경합니다.
    *   파일을 저장하고 PostgreSQL 서버를 재시작합니다.
2.  **`pg_hba.conf` 파일 수정:**
    *   `pg_hba.conf` 파일을 텍스트 편집기로 열어 해당 클라이언트 IP 주소 또는 네트워크 그룹에 대한 접근 권한이 부여되어 있는지 확인합니다.
    *   필요한 경우, 권한을 부여합니다.
    *   파일을 저장하고 PostgreSQL 서버를 재시작합니다.

**참고:**

*   `listen_addresses` 옵션은 PostgreSQL 서버의 기본 설정입니다.
*   `pg_hba.conf` 파일은 PostgreSQL 서버의 보안 설정을 관리하는 중요한 파일입니다.

이러한 단계를 통해 문제 해결이 가능할 것으로 예상됩니다. 혹시 다른 질문이 있으시면 언제든지 문의해주세요.",0.2807454398752946,0.2276167202789988,0.1311475409836065,0
PostgreSQL 로컬 접속 타임아웃 오류,Forced_JSON_Format,2,2,234,534,768,2.3180108019998897,"```json
{
  ""status"": ""success"",
  ""topic"": ""PostgreSQL 로컬 접속 타임아웃 오류 해결"",
  ""solution_steps"": [
    ""1. PostgreSQL 데이터베이스에 접속할 때 connection refused 에러가 발생하는지 확인합니다."",
    ""2. PostgreSQL 데이터베이스에 접속할 때 connection refused 에러가 발생하면, `postgresql.conf` 파일에서 `listen_addresses` 설정을 확인합니다."",
    ""3. `postgresql.conf` 파일에서 `listen_addresses` 설정을 `localhost` 또는 `*`로 변경합니다."",
    ""4. `postgresql.conf` 파일에서 `listen_addresses` 설정을 `localhost`로 변경합니다."",
    ""5. `pg_hba.conf` 파일에 해당 클라이언트 IP의 접근 권한(md5 또는 trust)이 할당되어 있는지 확인합니다."",
    ""6. `pg_hba.conf` 파일에서 해당 클라이언트 IP의 접근 권한을 적절하게 설정합니다. (md5 또는 trust)""
  ]
}
```",0.8636512776851257,0.6197645073327603,0.5757575757575758,1
PostgreSQL 로컬 접속 타임아웃 오류,Hallucination_Defense,3,2,108,523,631,1.0805215330001374,"네, 알겠습니다. 먼저, Visual Studio Code의 테마를 바꾸는 방법은 다음과 같습니다.

1.  Visual Studio Code를 실행합니다.
2.  Ctrl + K를 누르고, T 키를 누릅니다.
3.  원하는 색상 테마를 위쪽 방향키와 아래쪽 방향키로 선택합니다.

이 두 가지 방법으로 테마를 변경할 수 있습니다. 혹시 다른 방법으로 해결되지 않는다면, 다시 한번 확인해 보시겠어요?",0.1440718964439923,0.0770700174937266,0.0,0
PostgreSQL 로컬 접속 타임아웃 오류,Mixed_Stress_Test,6,6,405,773,1178,4.001452507000067,"```json
{
  ""steps"": [
    {
      ""step_number"": 1,
      ""instruction"": ""사내 동호회 지원금 신청 절차를 확인합니다."",
      ""details"": ""매월 25일까지 총무팀으로 영수증을 첨부하여 제출해야 합니다. 최대 3만원까지 지원됩니다.""
    },
    {
      ""step_number"": 2,
      ""instruction"": ""Visual Studio Code 테마 변경 방법"",
      ""details"": ""Ctrl+K Ctrl+T를 반복적으로 누르면서 원하는 색상 테마를 위아래 방향키로 선택합니다.""
    },
    {
      ""step_number"": 3,
      ""instruction"": ""PostgreSQL 데이터베이스 접속 시 연결 오류 해결"",
      ""details"": ""postgresql.conf 파일에서 listen_addresses가 '*' 또는 'localhost'로 설정되어 있는지 확인합니다.  또한, pg_hba.conf 파일에 해당 클라이언트 IP의 접근 권한(md5 또는 trust)이 할당되어 있는지 확인합니다.""
    },
    {
      ""step_number"": 4,
      ""instruction"": ""사내 도서관 정보 확인"",
      ""details"": ""본 가이드는 사내 전체 임직원 공통 지침서의 파생 문서입니다.  본관 3층에 위치하며, 1회 대출 시 최대 3권, 대출 기간은 14일이며 연장은 1회(7일) 가능합니다.""
    },
    {
      ""step_number"": 5,
      ""instruction"": ""긴급 상황 발생 시 연락처 안내"",
      ""details"": ""긴급 장애 발생 시 사내 메신저 IT-Help 채널로 직접 메시지를 발송해 주십시오.""
    }
  ]
}
```",0.2389383494187452,0.2355648204257826,0.0923076923076923,1
IntelliJ 라이선스 서버 인증 실패,Baseline,3,2,354,471,825,3.494681243000059,"네, 알겠습니다. 먼저, 사내 라이선스 프록시 서버 주소 (license.company.com:8080)가 정확하게 입력되어 있는지 확인해야 합니다.

1.  **사내 망 외부(재택) 환경 확인:** 먼저, 현재 사용하시는 네트워크 환경이 사내 망 외부(재택)인지 확인해주세요. VPN이 켜져 있는지 확인해 보세요. VPN이 켜져 있다면, VPN 연결 상태를 확인하고, VPN 연결이 정상적으로 작동하는지 확인해야 합니다.

2.  **라이선스 프록시 서버 접속:** 라이선스 프록시 서버 주소 (license.company.com:8080)가 정확하게 입력되어 있는지 다시 한번 확인해주세요.

3.  **IntelliJ 실행:** IntelliJ를 실행하고, 라이선스 인증 팝업이 나타나는지 확인해주세요.

4.  **인증 서버 연결:**  인증 서버 (license.company.com:8080)에 접속하여 인증이 성공적으로 완료되는지 확인해주세요.

5.  **재부팅:**  IntelliJ를 재부팅하여 문제가 해결되는지 확인해주세요.

만약 위 단계를 모두 거치시더라도 문제가 해결되지 않는다면, 다음 사항을 확인해 보시는 것이 좋습니다.

*   **IntelliJ 버전:** 현재 사용하시는 IntelliJ 버전이 최신 버전인지 확인해주세요.
*   **네트워크 설정:**  네트워크 설정이 올바른지 확인해주세요.

이러한 사항들을 확인하신 후에도 문제가 해결되지 않으면, 저희 기술 지원팀에 문의해 주시면 더 자세한 도움을 드릴 수 있습니다.",0.5776329786367955,0.1758083523497967,0.1379310344827586,0
IntelliJ 라이선스 서버 인증 실패,Context_Summarized,1,2,321,495,816,3.175285129000031,"네, 알겠습니다. IntelliJ 라이선스 서버 인증 실패 문제를 해결하기 위해 다음 단계를 따르시면 됩니다.

1.  **사내 라이선스 프록시 서버 확인:**
    *   IntelliJ 실행 시, 라이선스 인증 팝업이 뜨는 경우, **사내 라이선스 프록시 서버 주소: license.company.com:8080**가 정확하게 입력되어 있는지 확인하세요.
    *   이 주소가 올바른지 확인하는 것은 매우 중요합니다.
2.  **VPN 연결 확인:**
    *   만약 사내 망 외부(재택)일 경우, 반드시 VPN이 켜져 있는지 확인하세요. VPN 연결 상태가 제대로 되어 있지 않으면 인증 서버와 통신이 불가능합니다.
3.  **IntelliJ 재시작:**
    *   위의 단계를 모두 확인한 후, IntelliJ를 완전히 종료하고 다시 실행해 보세요.
4.  **IntelliJ 재설치:**
    *   위의 단계를 모두 수행해도 문제가 해결되지 않으면, IntelliJ를 제거하고 다시 설치해 보세요.

**참고:**
*   사내 라이선스 프록시 서버 주소는 회사 내부 정보이므로, 다른 사람에게 알려주시면 안 됩니다.
*   VPN 연결 상태는 회사 IT 부서에 문의하여 확인하는 것이 좋습니다.

이 단계를 따라 진행하시면 문제 해결에 도움이 될 것입니다. 혹시 다른 질문이 있으시면 언제든지 다시 문의해주세요.",0.5143072778116042,0.2507072190244815,0.1818181818181818,0
IntelliJ 라이선스 서버 인증 실패,Max_Chunks,6,2,416,661,1077,4.105835765000165,"네, 알겠습니다. 먼저, 라이선스 인증 팝업이 뜨는 문제에 대한 해결을 위해 다음 단계를 따르세요.

1.  **VPN 확인:** 먼저, 사내 동호회 지원금 신청을 위해 제출하는 영수증이 VPN을 통해 연결되어 있는지 확인해야 합니다. VPN이 켜져 있어야 인증 서버와 통신이 가능합니다. VPN 연결 상태를 확인하고, VPN 연결이 정상적으로 이루어지는지 확인해주세요.

2.  **라이선스 프록시 서버 주소 확인:** IntelliJ 등 JetBrains 제품군 실행 시 라이선스 인증 팝업이 뜨며 실행이 안 되는 경우, 사내 라이선스 프록시 서버 주소가 올바르게 입력되어 있는지 확인해야 합니다.
    *   라이선스 프록시 서버 주소는 `license.company.com:8080` 입니다.
    *   이 주소가 정확하게 입력되어 있는지 다시 한번 확인해주세요.

3.  **IntelliJ 실행:** IntelliJ를 실행하고, 라이선스 프록시 서버 주소로 접속을 시도해 보세요.

4.  **인증 팝업 확인:** IntelliJ가 정상적으로 인증 서버와 통신하는지 확인합니다.

5.  **문제 해결:** 위 단계를 모두 거치지 못했다면, 위에 제시된 참고 문서를 다시 한번 꼼꼼히 읽어보시고, 문제 해결을 위한 추가적인 조치를 취해 보세요.

**참고:**

*   만약 VPN 연결이 정상적으로 이루어지지 않는다면, VPN 연결 설정을 다시 확인해 보시는 것이 좋습니다.
*   만약 위 단계를 모두 시도해도 문제가 해결되지 않는다면, 사내 IT 지원팀에 문의하여 도움을 받는 것이 좋습니다.

혹시 위 단계를 진행하면서 어떤 문제가 발생했는지, 또는 어떤 오류 메시지가 나타나는지 자세히 알려주시면 더욱 정확한 해결 방법을 제시해 드릴 수 있습니다.",0.6244768504770636,0.3075394029563538,0.16,0
IntelliJ 라이선스 서버 인증 실패,High_Noise,4,2,302,604,906,2.9901168439998855,"네, 알겠습니다. 먼저, 메시지가 뜨는 동안에는 Ctrl+K Ctrl+T 키를 누르고, 원하는 색상 테마를 위아래 방향키로 선택하시면 됩니다.

1.  **Ctrl+K Ctrl+T** 키를 누르고, 원하는 색상 테마를 위아래 방향키로 선택합니다.
2.  **Ctrl+K Ctrl+T** 키를 누르고, 원하는 색상 테마를 위아래 방향키로 선택합니다.
3.  **Ctrl+K Ctrl+T** 키를 누르고, 원하는 색상 테마를 위아래 방향키로 선택합니다.
4.  **Ctrl+K Ctrl+T** 키를 누르고, 원하는 색상 테마를 위아래 방향키로 선택합니다.
5.  **Ctrl+K Ctrl+T** 키를 누르고, 원하는 색상 테마를 위아래 방향키로 선택합니다.
6.  **Ctrl+K Ctrl+T** 키를 누르고, 원하는 색상 테마를 위아래 방향키로 선택합니다.
7.  **Ctrl+K Ctrl+T** 키를 누르고, 원하는 색상 테마를 위아래 방향키로 선택합니다.

이 단계를 완료하면 IntelliJ 라이선스 서버 인증이 성공적으로 진행될 것입니다. 문제가 해결되기를 바랍니다. 혹시 다른 질문이 있으시면 언제든지 말씀해주세요.",0.1840630889874847,0.1147092947171404,0.0465116279069767,0
IntelliJ 라이선스 서버 인증 실패,Ranking_Swapped,4,2,226,604,830,2.2420010870000624,"네, 알겠습니다. 먼저, 메시지가 뜨는 동안에는 Ctrl+K Ctrl+T 키를 누르고, 원하는 색상 테마를 위아래 방향키로 선택하시면 됩니다.

1.  **Ctrl+K Ctrl+T** 키를 누르고, 원하는 색상 테마를 위아래 방향키로 선택합니다.
2.  **색상 테마 변경 완료** 메시지가 나타날 때까지 기다립니다.
3.  **메시지가 사라지면** 정상적으로 테마가 변경된 것입니다.

혹시 문제가 발생하면, 다시 한번 Ctrl+K Ctrl+T 키를 눌러보시고, 그래도 문제가 해결되지 않으면, 다시 한번 사내 라이선스 프록시 서버 주소(license.company.com:8080)가 정확하게 입력되어 있는지 확인해 주세요.

이 방법으로 해결이 안 된다면, 어떤 색상 테마를 선택하려고 하셨는지, 그리고 어떤 색상으로 변경하려고 하시는지 다시 한번 자세히 알려주시면 더 정확한 해결 방법을 찾아보겠습니다.",0.2558130674612724,0.0996118367790083,0.0,0
IntelliJ 라이선스 서버 인증 실패,Short_History,2,2,339,514,853,3.3517215350000242,"네, 알겠습니다. 먼저, 라이선스 인증 팝업이 뜨는 문제에 대한 해결을 위해 다음 단계를 따르세요.

1.  **VPN 확인:** 먼저, 사내 동호회 지원금 신청을 위해 영수증을 제출하기 전에 반드시 VPN을 켜두세요. VPN 연결 상태를 확인하고, VPN 연결이 정상적으로 이루어지고 있는지 확인해 주세요.
2.  **라이선스 프록시 서버 주소 확인:** IntelliJ 등 JetBrains 제품군 실행 시 라이선스 인증 팝업이 뜨는 경우, 사내 라이선스 프록시 서버 주소가 올바르게 입력되어 있는지 확인하세요.
    *   **주소:** `license.company.com:8080`
    *   **참고:** 이 주소는 사내 망 외부(재택)일 경우 반드시 VPN이 켜져 있어야 인증 서버와 통신이 가능합니다.
3.  **IntelliJ 실행:** IntelliJ를 실행하고, 라이선스 인증 팝업이 다시 나타나는지 확인하세요.
4.  **인증 재시도:** 위 단계를 모두 확인한 후, 다시 인증을 시도해 보세요.

만약 위 단계를 수행해도 문제가 해결되지 않으면, 다음 사항을 확인해 주세요.

*   VPN 연결 상태가 제대로 되어 있는지 확인합니다.
*   사내 라이선스 프록시 서버 주소가 정확하게 입력되었는지 다시 한번 확인합니다.
*   IntelliJ가 최신 버전인지 확인합니다.

혹시 다른 문제가 발생하면 알려주세요.",0.4361596066108523,0.3118372103907083,0.1818181818181818,0
IntelliJ 라이선스 서버 인증 실패,Long_History,2,6,404,620,1024,3.9911912390000452,"네, 알겠습니다. 먼저, 다음 단계를 따르세요.

1.  **VPN 연결 확인:** 먼저, 사내 동호회 지원금 신청을 위해 VPN을 켜고 접속해야 합니다. VPN 연결 상태를 확인하고, VPN 연결이 정상적으로 이루어지고 있는지 확인하세요.
2.  **라이선스 프록시 서버 주소 확인:** IntelliJ 등 JetBrains 제품군 실행 시 라이선스 인증 팝업이 뜨며 실행이 안 되는 경우, 사내 라이선스 프록시 서버 주소가 올바르게 입력되어 있는지 확인하세요.
    *   **주소:** `license.company.com:8080`
    *   **참고:** 이 주소는 사내 망 외부(재택)일 경우 반드시 VPN이 켜져 있어야 인증 서버와 통신이 가능합니다.
3.  **IntelliJ 재시작:** IntelliJ를 재시작합니다.
4.  **라이선스 재설정:** IntelliJ를 재시작한 후, 라이선스 재설정을 시도합니다.
    *   **방법:** IntelliJ 메뉴에서 ""설정"" -> ""라이선스""를 선택합니다.
    *   **설정:** ""라이선스 설정""에서 ""라이선스 프록시 서버 주소""를 확인하고, 올바른 주소를 입력했는지 확인합니다.
5.  **재부팅:**  IntelliJ를 재부팅합니다.
6.  **인증 재시도:**  재부팅 후, 다시 라이선스 인증 팝업이 뜨는지 확인합니다.

이 단계를 모두 완료한 후에도 문제가 해결되지 않으면, 다시 한번 총무팀에 문의하여 도움을 요청하시는 것을 권장합니다.

혹시 위에 언급된 내용 중 어떤 단계가 어려우신가요? 아니면 다른 문제가 발생하면 알려주세요.",0.2860518709327009,0.3243164211323541,0.16,0
IntelliJ 라이선스 서버 인증 실패,Forced_JSON_Format,2,2,188,540,728,1.8680699340000047,"```json
{
  ""status"": ""success"",
  ""topic"": ""IntelliJ 라이선스 서버 인증 실패 해결"",
  ""solution_steps"": [
    ""1. IntelliJ 실행 시 라이선스 인증 팝업이 뜨는 경우, 사내 라이선스 프록시 서버 주소 (license.company.com:8080)가 정확하게 입력되어 있는지 확인합니다."",
    ""2. 사내 망 외부(재택)일 경우, 반드시 VPN을 켜져 있어야 인증 서버와 통신이 가능합니다."",
    ""3.  Ctrl+K Ctrl+T를 차례대로 누른 후, 원하는 색상 테마를 위아래 방향키로 선택합니다."",
    ""4.  인증이 성공적으로 완료되면 IntelliJ 실행이 정상적으로 이루어지도록 합니다.""
  ]
}
```",0.6560797672073857,0.6540082410285738,0.6111111111111112,1
IntelliJ 라이선스 서버 인증 실패,Hallucination_Defense,3,2,70,519,589,0.7075301249999484,"네, 알겠습니다. 먼저, 메시지가 뜨는 문제로 인해 어떤 오류 메시지가 나타나는지 확인해 볼 필요가 있습니다. 혹시 오류 메시지의 내용을 알려주시겠어요?

(오류 메시지를 알려주시면, 해당 오류 메시지를 기반으로 문제 해결을 위한 구체적인 단계를 안내해 드리겠습니다.)",0.1795600842189741,0.1089337007539471,0.0,0
IntelliJ 라이선스 서버 인증 실패,Mixed_Stress_Test,6,6,442,779,1221,4.365990651999937,"```json
{
  ""steps"": [
    {
      ""step_number"": 1,
      ""instruction"": ""사내 동호회 지원금 신청 절차를 확인합니다."",
      ""details"": ""매월 25일까지 총무팀으로 영수증을 첨부하여 제출해야 합니다.  영수증을 첨부하지 않으면 지원이 불가능합니다.""
    },
    {
      ""step_number"": 2,
      ""instruction"": ""Visual Studio Code 테마 변경 방법"",
      ""details"": ""Ctrl+K Ctrl+T를 반복적으로 누르면서 원하는 색상 테마를 위아래 방향키로 선택합니다.""
    },
    {
      ""step_number"": 3,
      ""instruction"": ""IntelliJ 등 JetBrains 제품군 실행 시 라이선스 인증 팝업 확인"",
      ""details"": ""실행 중 라이선스 인증 팝업이 뜨면, 사내 라이선스 프록시 서버 주소 (license.company.com:8080)가 정확하게 입력되어 있는지 확인합니다.  사내 망 외부(재택)일 경우 반드시 VPN이 켜져 있어야 인증 서버와 통신이 가능합니다.""
    },
    {
      ""step_number"": 4,
      ""instruction"": ""사내 도서관 정보 확인"",
      ""details"": ""본 가이드는 사내 전체 임직원 공통 지침서의 파생 문서입니다.  본관 3층에 위치하며, 1회 대출 시 최대 3권, 대출 기간은 14일이며 연장은 1회(7일) 가능합니다.""
    },
    {
      ""step_number"": 5,
      ""instruction"": ""긴급 장애 발생 시 연락처 안내"",
      ""details"": ""긴급 장애 발생 시 사내 메신저 IT-Help 채널로 직접 메시지를 발송하여 도움을 요청하십시오.""
    }
  ]
}
```",0.3193435603358675,0.293152708301895,0.1052631578947368,1
Office 365 아웃룩 프로필 손상,Baseline,3,2,211,476,687,2.0931475249999494,"네, 알겠습니다. 먼저, 제어판의 Mail(Microsoft Outlook) 메뉴로 들어가 '프로필 보기'를 선택해 주세요.

1.  **프로필 보기**를 클릭합니다.
2.  **새 프로필을 생성**을 선택합니다.
3.  **새 프로필 생성** 창이 나타나면, 새 프로필을 생성할 폴더를 선택합니다. (일반적으로 '새 프로필' 또는 '새 프로필 생성'이라고 표시됩니다.)
4.  **프로필 이름**을 입력합니다. (프로필 이름은 이메일 계정의 이름과 동일해야 합니다.)
5.  **프로필 계정**을 선택합니다. (이메일 계정의 선택을 해야 합니다.)
6.  **새 프로필 생성**을 클릭합니다.

이 과정이 완료되면, 새 프로필이 생성되고, 이메일 계정을 재연동할 수 있습니다. 혹시 문제가 발생하면 알려주세요.",0.1847207962197821,0.1214279867335184,0.1428571428571428,0
Office 365 아웃룩 프로필 손상,Context_Summarized,1,2,285,505,790,2.821175460999939,"네, 알겠습니다. Office 365 아웃룩 프로필 손상 문제를 해결하기 위한 단계별 안내입니다.

1.  **Outlook 실행:** 먼저 Office 365 아웃룩을 실행합니다.
2.  **'프로필 보기' 선택:** Outlook 실행 후, '파일' 탭으로 이동하여 '프로필 보기'를 선택합니다.
3.  **새 프로필 생성:** '프로필 보기' 창에서 '새 프로필 생성'을 클릭합니다.
4.  **계정 재연동:** 새 프로필이 생성되면, 이메일 계정을 재연동해야 합니다. 계정 정보(이메일 주소, 비밀번호 등)를 입력하고, 재연동을 완료합니다.
5.  **프로필 확인:** 재연동이 완료되면, 새 프로필이 정상적으로 열리고 이메일 계정이 연결되었는지 확인합니다.

혹시 이 과정에서 문제가 발생하면, 다음 단계를 다시 확인해 보시겠습니까?

*   Outlook이 실행되는지 확인하세요.
*   계정 정보가 정확하게 입력되었는지 다시 한번 확인하세요.

이 단계를 따라 진행하시면 Office 365 아웃룩 프로필 손상을 해결할 수 있을 것입니다. 혹시 더 궁금한 점이 있으시면 언제든지 문의해주세요.",0.370154673388745,0.1994095462042457,0.3157894736842105,0
Office 365 아웃룩 프로필 손상,Max_Chunks,6,2,272,666,938,2.695141279999916,"네, 알겠습니다. Office 365 아웃룩 프로필 손상 문제 해결을 위한 단계별 안내를 드리겠습니다.

1.  **Outlook 실행 후 '프로필 보기' 선택:** 먼저 Office 365 Outlook을 실행하고, '파일' 탭에서 '프로필 보기'를 선택합니다.
2.  **새 프로필 생성:** '프로필 보기' 창에서 '새 프로필 생성'을 클릭합니다.
3.  **이메일 계정 재연동:** 새 프로필이 생성되면, 이메일 계정을 재연동해야 합니다. 이메일 계정의 정보를 입력하고, 재연동을 완료합니다.
4.  **재연동 완료 후:** 이메일 계정이 성공적으로 재연동되면, Outlook이 다시 시작될 것입니다.

**참고:**

*   Outlook이 실행되지 않거나, '프로필 보기' 창이 열리지 않는 경우, Outlook을 다시 시작해 보세요.
*   Outlook을 실행하고 '프로필 보기'를 선택하면, '프로필' 탭에서 프로필을 확인하고 관리할 수 있습니다.

혹시 이 과정에서 문제가 발생하면, 다시 한번 자세한 상황을 설명해 주시면 더 정확한 도움을 드릴 수 있습니다.",0.2963405411195309,0.2070958160184689,0.3157894736842105,0
Office 365 아웃룩 프로필 손상,High_Noise,4,2,232,609,841,2.3028074310000193,"네, 알겠습니다. 먼저, Outlook 실행 시 '프로필을 열 수 없습니다' 메시지가 나타나는 현상으로, 이 문제는 .ost/.pst 데이터 파일이나 프로필 자체가 손상되었기 때문일 가능성이 높습니다.

1.  **Outlook 실행 시 '프로필 보기' 선택:** Outlook을 실행하고, '파일' 탭에서 '프로필 보기'를 클릭합니다.
2.  **새 프로필 생성:** '프로필 보기' 창에서 '새 프로필 생성'을 선택합니다.
3.  **이메일 계정 재연동:** 새 프로필을 생성하는 과정에서 이메일 계정을 재연동해야 합니다. 이 과정에서 계정 정보 (이메일 주소, 비밀번호 등)를 입력해야 합니다.
4.  **프로필 확인:** 재연동이 완료되면, 생성된 프로필이 정상적으로 열리도록 확인합니다.

이 단계를 완료하면, Office 365 아웃룩 프로필 손상 문제 해결에 도움이 될 것입니다. 혹시 다른 문제가 발생하면 알려주세요.",0.3151145253532061,0.3948102642159181,0.3749999999999999,0
Office 365 아웃룩 프로필 손상,Ranking_Swapped,4,2,253,609,862,2.5077668290000474,"네, 알겠습니다. 먼저, Outlook 실행 시 '프로필을 열 수 없습니다' 메시지가 무한 로딩이 걸리는 현상은 .ost/.pst 데이터 파일이나 프로필 자체가 손상되었기 때문일 가능성이 높습니다.

1.  **Outlook 실행:** 먼저 Outlook을 실행합니다.
2.  **'프로필 보기' 선택:** Outlook 실행 후, '프로필 보기'를 선택합니다. (Control + E 또는 Ctrl + E 키를 누르세요)
3.  **새 프로필 생성:** '프로필 보기' 창에서 '새 프로필 생성'을 클릭합니다.
4.  **이메일 계정 재연동:**  새 프로필을 생성하는 과정에서 이메일 계정을 재연동해야 합니다.  이메일 계정의 이메일 주소와 비밀번호를 입력하고, 계정 연결을 확인합니다.
5.  **프로필 확인:**  새 프로필이 생성되면, 프로필이 정상적으로 열리도록 확인합니다.

이 단계를 완료하면 Office 365 아웃룩 프로필 손상 문제가 해결될 것입니다. 혹시 문제가 발생하면 언제든지 다시 문의해주세요.",,0.4408509776262381,0.2727272727272727,0
Office 365 아웃룩 프로필 손상,Short_History,2,2,1256,519,1775,12.358753799999931,"네, 알겠습니다. 먼저, 제어판의 Mail(Microsoft Outlook) 메뉴로 들어가 '프로필 보기'를 선택해 주세요.

1.  **프로필 보기**를 선택하면, Outlook 창이 열립니다.
2.  **새 프로필**을 클릭합니다.
3.  새 프로필을 생성할 때, **""새 프로필 만들기""** 또는 **""새 프로필""** 버튼을 클릭합니다.
4.  **이메일 계정 재연동**을 선택합니다.
5.  **계정 정보**를 입력하고, **""연결""** 버튼을 클릭합니다.
6.  **계정 정보**를 입력하고, **""연결""** 버튼을 클릭합니다.
7.  **계정 정보**를 입력하고, **""연결""** 버튼을 클릭합니다.
8.  **계정 정보**를 입력하고, **""연결""** 버튼을 클릭합니다.
9.  **계정 정보**를 입력하고, **""연결""** 버튼을 클릭합니다.
10. **계정 정보**를 입력하고, **""연결""** 버튼을 클릭합니다.
11. **계정 정보**를 입력하고, **""연결""** 버튼을 클릭합니다.
12. **계정 정보**를 입력하고, **""연결""** 버튼을 클릭합니다.
13. **계정 정보**를 입력하고, **""연결""** 버튼을 클릭합니다.
14. **계정 정보**를 입력하고, **""연결""** 버튼을 클릭합니다.
15. **계정 정보**를 입력하고, **""연결""** 버튼을 클릭합니다.
16. **계정 정보**를 입력하고, **""연결""** 버튼을 클릭합니다.
17. **계정 정보**를 입력하고, **""연결""** 버튼을 클릭합니다.
18. **계정 정보**를 입력하고, **""연결""** 버튼을 클릭합니다.
19. **계정 정보**를 입력하고, **""연결""** 버튼을 클릭합니다.
20. **계정 정보**를 입력하고, **""연결""** 버튼을 클릭합니다.
21. **계정 정보**를 입력하고, **""연결""** 버튼을 클릭합니다.
22. **계정 정보**를 입력하고, **""연결""** 버튼을 클릭합니다.
23. **계정 정보**를 입력하고, **""연결""** 버튼을 클릭합니다.
24. **계정 정보**를 입력하고, **""연결""** 버튼을 클릭합니다.
25. **계정 정보**를 입력하고, **""연결""** 버튼을 클릭합니다.
26. **계정 정보**를 입력하고, **""연결""** 버튼을 클릭합니다.
27. **계정 정보**를 입력하고, **""연결""** 버튼을 클릭합니다.
28. **계정 정보**를 입력하고, **""연결""** 버튼을 클릭합니다.
29. **계정 정보**를 입력하고, **""연결""** 버튼을 클릭합니다.
30. **계정 정보**를 입력하고, **""연결""** 버튼을 클릭합니다.
31. **계정 정보**를 입력하고, **""연결""** 버튼을 클릭합니다.
32. **계정 정보**를 입력하고, **""연결""** 버튼을 클릭합니다.
33. **계정 정보**를 입력하고, **""연결""** 버튼을 클릭합니다.
34. **계정 정보**를 입력하고, **""연결""** 버튼을 클릭합니다.
35. **계정 정보**를 입력하고, **""연결""** 버튼을 클릭합니다.
36. **계정 정보**를 입력하고, **""연결""** 버튼을 클릭합니다.
37. **계정 정보**를 입력하고, **""연결""** 버튼을 클릭합니다.
38. **계정 정보**를 입력하고, **""연결""** 버튼을 클릭합니다.
39. **계정 정보**를 입력하고, **""연결""** 버튼을 클릭합니다.
40. **계정 정보**를 입력하고, **""연결""** 버튼을 클릭합니다.
41. **계정 정보**를 입력하고, **""연결""** 버튼을 클릭합니다.
42. **계정 정보**를 입력하고, **""연결""** 버튼을 클릭합니다.
43. **계정 정보**를 입력하고, **""연결""** 버튼을 클릭합니다.
44. **계정 정보**를 입력하고, **""연결""** 버튼을 클릭합니다.
45. **계정 정보**를 입력하고, **""연결""** 버튼을 클릭합니다.
46. **계정 정보**를 입력하고, **""연결""** 버튼을 클릭합니다.
47. **계정 정보**를 입력하고, **""연결""** 버튼을 클릭합니다.
48. **계정 정보**를 입력하고, **""연결""** 버튼을 클릭합니다.
49. **계정 정보**를 입력하고, **""연결""** 버튼을 클릭합니다.
50. **계정 정보**를 입력하고, **""연결""** 버튼을 클릭합니다.

이 모든 단계를 완료하면, Outlook이 자동으로 아웃룩 프로필을 복구할 것입니다.

혹시 문제가 발생하면, 다시 한번 자세한 상황을 알려주세요.",,0.0420067711140525,0.0333333333333333,0
Office 365 아웃룩 프로필 손상,Long_History,2,6,203,625,828,2.0161752300000444,"네, 알겠습니다. 먼저, Outlook을 실행하고 '프로필 보기'를 선택해 주세요.

1.  **Outlook 실행:** Outlook을 실행합니다.
2.  **프로필 보기:** Outlook 창 상단의 '프로필 보기' 버튼을 클릭합니다.
3.  **새 프로필 생성:** '프로필 보기' 창에서 '새 프로필 생성' 버튼을 클릭합니다.
4.  **계정 재연동:**  새 프로필 생성 화면에서, 기존 계정의 이메일 주소와 비밀번호를 입력하고, 재연동할 계정을 선택합니다.
5.  **완료:**  재연동이 완료되면 '완료' 버튼을 클릭합니다.

이 과정이 완료되면, Outlook이 자동으로 프로필을 재시작하고, 새로운 프로필을 사용할 수 있습니다. 혹시 문제가 발생하면, 다시 한번 '프로필 보기'를 선택하여 확인해 보시겠습니까?",0.1857928051643729,0.1230816547771891,0.1333333333333333,0
Office 365 아웃룩 프로필 손상,Forced_JSON_Format,2,2,130,545,675,1.2967039769996518,"```json
{
  ""status"": ""완료"",
  ""topic"": ""Office 365 아웃룩 프로필 손상 해결"",
  ""solution_steps"": [
    ""Outlook 실행 시 '프로필을 열 수 없습니다'라는 메시지가 나타나는 경우, '프로필 보기'를 선택합니다."",
    ""프로필 보기에서 '새 프로필'을 선택합니다."",
    ""새로 생성된 프로필에 이메일 계정을 재연동합니다."",
    ""재연동이 완료되면 Outlook을 다시 시작합니다.""
  ]
}
```",0.6550970206155344,0.5081553491651984,0.6956521739130435,1
Office 365 아웃룩 프로필 손상,Hallucination_Defense,3,2,189,529,718,1.8769502499999362,"네, 알겠습니다. 먼저, 메시지가 뜨는 문제에 대해 자세히 살펴볼 필요가 있습니다.

1.  **Ctrl+K Ctrl+T** 키를 누르고, 원하는 색상 테마를 위아래 방향키로 선택합니다.
2.  **색상 테마를 변경**하는 과정에서, 현재 사용 중인 테마가 변경되지 않는지 확인해 보세요.
3.  **색상 테마를 변경**하는 과정에서, 현재 사용 중인 테마가 변경되지 않는지 확인해 보세요.
4.  **색상 테마를 변경**하는 과정에서, 현재 사용 중인 테마가 변경되지 않는지 확인해 보세요.

이 단계를 완료하면, 현재 사용 중인 테마가 변경되지 않는지 확인하고, 문제가 해결되었는지 확인해 보세요.

혹시 다른 문제가 발생한다면 알려주세요.",0.1631145272941453,0.0627991791374097,0.0,0
Office 365 아웃룩 프로필 손상,Mixed_Stress_Test,6,6,414,784,1198,4.090941319000194,"```json
{
  ""steps"": [
    {
      ""step_number"": 1,
      ""instruction"": ""Outlook 실행합니다."",
      ""details"": ""Outlook을 엽니다.  (Outlook을 닫고 다시 열어도 됩니다.)""
    },
    {
      ""step_number"": 2,
      ""instruction"": ""‘프로필을 열 수 없습니다’ 메시지가 표시되면, Ctrl+K Ctrl+T 키를 반복적으로 누릅니다."",
      ""details"": ""각 키를 누르면, 색상 테마를 위아래 방향키로 선택할 수 있습니다.  색상 테마를 변경하려면, 위쪽 방향키를 클릭하여 색상 선택 영역을 열고, 아래쪽 방향키를 클릭하여 색상 선택 영역을 닫습니다.""
    },
    {
      ""step_number"": 3,
      ""instruction"": ""Outlook 실행 후, ‘프로필을 열 수 없습니다’ 메시지가 계속 표시되면, ‘프로필 보기’를 선택합니다."",
      ""details"": ""‘프로필 보기’를 선택하면, 새 프로필을 생성할 수 있는 창이 나타납니다.  이메일 계정을 재연동해야 합니다.  계정 정보 (이메일 주소, 비밀번호 등)를 입력하고, 재연동을 완료합니다.""
    },
    {
      ""step_number"": 4,
      ""instruction"": ""사내 도서관 정보 확인 및 대출 관련 절차 진행."",
      ""details"": ""사내 도서관은 본관 3층에 위치하고 있으며, 1회 대출 시 최대 3권, 대출 기간은 14일이며 연장은 1회(7일) 가능합니다.  사내 도서관 정보는 [사내 도서관 정보 링크]를 참고해주세요.""
    }
  ]
}
```",0.183172301799232,0.1942833030087736,0.0888888888888888,1
Adobe CC 폰트 동기화 무한 대기,Baseline,3,2,438,466,904,4.3223235949999435,"네, 알겠습니다. Adobe Creative Cloud에서 폰트 동기화가 무한 대기에 빠지는 문제 해결을 위한 단계별 안내를 드리겠습니다.

1.  **작업 관리자 실행:**
    *   Windows 검색창에 ""작업 관리자""를 입력하고 실행합니다.
    *   ""프로세스"" 탭을 선택합니다.
    *   Adobe 관련 프로세스 목록에서 ""Adobe Desktop Service""를 찾습니다.
    *   ""Adobe Desktop Service"" 프로세스를 마우스 오른쪽 버튼으로 클릭하고 ""작업 양식""을 선택합니다.
    *   ""닫기"" 버튼을 클릭합니다.

2.  **Adobe Desktop Service 프로세스 종료:**
    *   작업 양식 창에서 ""Adobe Desktop Service"" 프로세스를 선택하고 ""닫기"" 버튼을 클릭합니다.
    *   작업 관리자 창의 ""프로세스"" 탭에서 ""Adobe Desktop Service"" 프로세스가 정상적으로 종료되었는지 확인합니다.

3.  **%AppData%\Adobe\CoreSync 폴더 내부의 임시 파일 삭제:**
    *   Windows 파일 탐색기에서 `%AppData%\Adobe\CoreSync`를 입력하고 Enter 키를 누릅니다.
    *   폴더 안에 있는 모든 임시 파일과 폴더를 삭제합니다. (주의: 삭제할 파일은 삭제되지 않도록 주의하세요.)
    *   폴더를 다시 열고, 다시 폰트 동기화 프로세스를 시작해 봅니다.

4.  **폰트 동기화 재시도:**
    *   Adobe Creative Cloud에서 폰트 동기화 기능을 다시 시작해 봅니다.

5.  **재부팅:**
    *   마지막으로 컴퓨터를 재부팅하여 문제가 해결되었는지 확인합니다.

**참고:** 위 단계를 수행한 후에도 문제가 지속된다면, Adobe 지원팀에 문의하여 도움을 받는 것이 좋습니다.

혹시 이 과정에서 어려움이 있거나, 추가적인 도움이 필요하시면 언제든지 다시 문의해주세요.",0.3320793498240001,0.2374985688784764,0.2222222222222222,0
Adobe CC 폰트 동기화 무한 대기,Context_Summarized,1,2,316,494,810,3.1258032159998947,"네, 알겠습니다. Adobe Creative Cloud에서 폰트 동기화가 진행되지 않고 무한 대기에 빠지는 현상에 대한 해결책을 단계별로 안내해 드리겠습니다.

1.  **작업 관리자 실행:** 먼저, 작업 관리자(Ctrl + Shift + Esc)를 실행합니다.
2.  **Adobe 관련 프로세스 강제 종료:** 작업 관리자에서 Adobe 관련 프로세스를 강제 종료합니다. (예: Adobe Creative Cloud, Adobe Desktop Service 등)
3.  **%AppData%\Adobe\CoreSync 폴더 내부의 임시 파일 삭제:** 작업 관리자에서 Adobe 관련 프로세스를 강제 종료한 후, %AppData%\Adobe\CoreSync 폴더 내부의 임시 파일을 삭제합니다.
4.  **Adobe CC 폰트 동기화 재시도:** 삭제 후, Adobe CC 폰트 동기화가 다시 시작되기를 기다립니다.
5.  **재실행:**  동기화가 완료될 때까지 기다린 후, Adobe CC 폰트 동기화 기능을 다시 실행합니다.

**주의사항:**

*   작업 관리자에서 강제 종료하는 것은 시스템에 영향을 줄 수 있으므로, 신중하게 진행해야 합니다.
*   임시 파일 삭제 후에는 Adobe CC 폰트 동기화가 정상적으로 작동하는지 확인하는 것이 중요합니다.

이 단계를 따라 진행하시면 문제를 해결할 수 있을 것입니다. 혹시 진행하면서 문제가 발생하면 알려주세요.",0.3265993070586829,0.3639688159736651,0.2857142857142857,0
Adobe CC 폰트 동기화 무한 대기,Max_Chunks,6,2,229,656,885,2.2709676350000336,"네, 알겠습니다. 먼저, 작업 관리자에서 Adobe 관련 프로세스를 강제 종료해 주세요.

1.  **작업 관리자 열기:** Windows 검색창에 ""작업 관리자""를 입력하고 실행합니다.
2.  **Adobe 프로세스 찾기:** 작업 관리자에서 ""Adobe""를 검색합니다.  Adobe 관련 프로세스가 표시되면 해당 프로세스를 마우스 오른쪽 버튼으로 클릭하고 ""강제 종료""를 선택합니다.
3.  **임시 파일 삭제:** Adobe Desktop Service 프로세스가 종료되면, %AppData%\Adobe\CoreSync 폴더 내부의 임시 파일을 삭제합니다.  (주의: 이 폴더는 삭제하면 데이터가 손실될 수 있습니다.  삭제 전에 반드시 백업을 해두는 것이 좋습니다.)
4.  **재실행:**  임시 파일을 삭제한 후, Adobe Creative Cloud에서 폰트 동기화가 다시 시작될 때까지 기다립니다.

이 과정을 완료하면, Adobe CC 폰트 동기화 문제가 해결될 것입니다. 혹시 문제가 발생하면 다시 알려주세요.",0.2135266088765949,0.3251216920100047,0.3571428571428571,0
Adobe CC 폰트 동기화 무한 대기,High_Noise,4,2,296,599,895,2.9327936320000845,"네, 알겠습니다. 먼저, Adobe Desktop Service 프로세스의 엉킴 문제를 해결하기 위해 작업 관리자에서 Adobe 관련 프로세스를 강제 종료하는 방법입니다.

1.  **작업 관리자 실행:** Windows 검색창에 ""작업 관리자""를 입력하고 실행합니다.
2.  **Adobe 프로세스 찾기:** 작업 관리자에서 ""Adobe""를 검색합니다.  Adobe 관련 프로세스가 표시되면 해당 프로세스를 마우스 오른쪽 버튼으로 클릭합니다.
3.  **강제 종료:** ""종료""를 클릭합니다.
4.  **%AppData%\Adobe\CoreSync 폴더 확인:**  강제 종료 후,  %AppData%\Adobe\CoreSync 폴더가 열립니다. 이 폴더 안에 임시 파일들이 있을 수 있습니다.
5.  **임시 파일 삭제:**  임시 파일들을 하나씩 삭제합니다.  (주의: 삭제할 때 데이터가 손실될 수 있으므로, 삭제 전에 백업을 하는 것이 좋습니다.)
6.  **Adobe Desktop Service 프로세스 재시작:**  %AppData%\Adobe\CoreSync 폴더를 닫은 후, Adobe Desktop Service 프로세스를 재시작합니다.  (작업 관리자에서 ""Adobe Desktop Service""를 검색하여 재시작할 수 있습니다.)

이 과정을 완료하면 메시지가 해결될 수 있습니다. 혹시 문제가 발생하면 다시 알려주세요.",0.1902244765966685,0.1281307110094524,0.2,0
Adobe CC 폰트 동기화 무한 대기,Ranking_Swapped,4,2,214,599,813,2.1238601749996633,"네, 알겠습니다. 먼저, Adobe Creative Cloud에서 폰트 동기화가 진행되지 않고 무한 대기에 빠지는 현상을 해결하기 위해 다음 단계를 따르세요.

1.  **작업 관리자 열기:** Windows 키 + R 키를 눌러 실행 창을 열고 `%AppData%\Adobe\CoreSync` 를 입력한 후 Enter 키를 누릅니다.
2.  **임시 파일 삭제:** 작업 관리자에서 Adobe Desktop Service 프로세스를 강제 종료합니다. (Ctrl + Shift + Esc 키를 동시에 누르면 작업 관리자 창이 열립니다.)
3.  **임시 파일 삭제:** Adobe Desktop Service 프로세스 종료 후, %AppData%\Adobe\CoreSync 폴더 내부의 임시 파일을 삭제합니다.
4.  **Adobe Creative Cloud 재시작:** Adobe Creative Cloud를 다시 실행하여 폰트 동기화가 정상적으로 작동하도록 합니다.

이 단계를 완료하면 문제가 해결될 것입니다. 혹시 문제가 발생하면 알려주세요.",0.3611975536221861,0.3939473508368956,0.2564102564102564,0
Adobe CC 폰트 동기화 무한 대기,Short_History,2,2,305,509,814,3.0183445030002076,"네, 알겠습니다. 먼저 작업 관리자에서 Adobe 관련 프로세스를 강제 종료해 보겠습니다.

1.  **작업 관리자 열기:** Windows 검색창에 ""작업 관리자""를 입력하고 실행합니다.
2.  **Adobe 프로세스 찾기:** 작업 관리자에서 ""프로세스"" 탭을 선택합니다.
3.  **Adobe 프로세스 확인:** 작업 관리자에서 ""Adobe"" 또는 ""Adobe Creative Cloud""와 같은 키워드로 검색하여 Adobe 관련 프로세스를 찾습니다.
4.  **프로세스 종료:** 찾은 Adobe 프로세스를 마우스 오른쪽 버튼으로 클릭하고 ""작업 끝내기""를 선택합니다.
5.  **%AppData%\Adobe\CoreSync 폴더 확인:** 작업 관리자에서 ""프로세스"" 탭에서 ""Adobe"" 프로세스를 찾은 후, ""프로세스 정보"" 탭을 클릭합니다.  여기에서 %AppData%\Adobe\CoreSync 폴더를 찾습니다.
6.  **임시 파일 삭제:** %AppData%\Adobe\CoreSync 폴더 안에 있는 임시 파일을 삭제합니다.  (주의: 이 폴더는 중요한 데이터가 저장되어 있으므로, 삭제하기 전에 백업을 하는 것이 좋습니다.)
7.  **Adobe Creative Cloud 재시작:** Adobe Creative Cloud를 다시 시작합니다.

이 과정을 완료하면 메시지가 해결될 수 있습니다. 혹시 문제가 발생하면 다시 알려주세요.",0.1913667243278922,0.1585784754215549,0.2439024390243902,0
Adobe CC 폰트 동기화 무한 대기,Long_History,2,6,302,615,917,2.9907214509998994,"네, 알겠습니다. 먼저, 작업 관리자에서 Adobe 관련 프로세스를 강제 종료해 주세요.

1.  **작업 관리자 열기:** Windows 검색창에 ""작업 관리자""를 입력하고 실행합니다.
2.  **Adobe 프로세스 찾기:** 작업 관리자에서 ""Adobe""를 검색합니다.
3.  **Adobe 프로세스 종료:** Adobe 관련 프로세스 목록에서 ""Adobe Desktop Service"" 또는 ""Adobe CoreSync""와 같은 프로세스를 찾습니다. 해당 프로세스를 마우스 오른쪽 버튼으로 클릭하고 ""강제 종료""를 선택합니다.
4.  **%AppData%\Adobe\CoreSync 폴더 확인:** 강제 종료 후, 작업 관리자에서 ""Adobe CoreSync"" 폴더를 찾습니다.
5.  **임시 파일 삭제:** 폴더 안에 있는 모든 임시 파일을 삭제합니다. (주의: 삭제할 파일이 많을 수 있으므로, 삭제 전에 백업을 하는 것이 좋습니다.)
6.  **Adobe Desktop Service 재시작:** Adobe Desktop Service 프로세스를 다시 시작합니다. (작업 관리자에서 ""Adobe Desktop Service"" 프로세스를 마우스 오른쪽 버튼으로 클릭하고 ""재시작""을 선택합니다.)

이 단계를 완료한 후, 폰트 동기화가 정상적으로 작동하는지 확인해 보세요. 문제가 지속된다면, 다시 한번 해당 참고 문서를 확인해 보시고, 추가적인 도움을 요청해 주세요.",0.2056661695461363,0.155554424729849,0.2051282051282051,0
Adobe CC 폰트 동기화 무한 대기,Forced_JSON_Format,2,2,141,535,676,1.4083449640002073,"```json
{
  ""status"": ""success"",
  ""topic"": ""Adobe CC 폰트 동기화 무한 대기 문제 해결"",
  ""solution_steps"": [
    ""1. Adobe Creative Cloud에서 폰트 동기화가 진행되지 않고 무한 대기에 빠지는 현상을 확인합니다."",
    ""2. 작업 관리자에서 Adobe 관련 프로세스를 강제 종료합니다."",
    ""3. %AppData%\Adobe\CoreSync 폴더 내부의 임시 파일을 삭제합니다."",
    ""4. Adobe CC 폰트 동기화가 정상적으로 작동하는지 확인합니다.""
  ]
}
```",0.7348865885294789,0.6724737386995084,0.6666666666666666,0
Adobe CC 폰트 동기화 무한 대기,Hallucination_Defense,3,2,302,529,831,2.9902838580001116,"네, 알겠습니다. 먼저, 메시지가 뜨는 문제에 대해 자세히 살펴볼 필요가 있습니다.

1.  **Ctrl+K Ctrl+T** 키를 누르고, 원하는 색상 테마를 위아래 방향키로 선택합니다.
2.  **색상 테마를 변경**하는 과정에서 문제가 발생할 수 있습니다.
3.  **색상 테마를 변경**하는 방법은 다음과 같습니다.
    *   **색상 테마를 변경**하기 전에, **색상 테마를 변경**하는 옵션이 나타나면, **색상 테마를 변경**을 클릭합니다.
    *   **색상 테마를 변경**하는 옵션이 나타나면, **색상 테마를 변경**을 클릭합니다.
    *   **색상 테마를 변경**하는 옵션이 나타나면, **색상 테마를 변경**을 클릭합니다.
    *   **색상 테마를 변경**하는 옵션이 나타나면, **색상 테마를 변경**을 클릭합니다.
    *   **색상 테마를 변경**하는 옵션이 나타나면, **색상 테마를 변경**을 클릭합니다.

이 방법으로 문제가 해결되었는지 확인해 주세요. 만약 문제가 계속된다면, 다시 한번 자세한 상황을 알려주시면 더 정확한 해결 방법을 찾아보겠습니다.",0.1662545186451874,0.0591255939856897,0.0,0
Adobe CC 폰트 동기화 무한 대기,Mixed_Stress_Test,6,6,505,774,1279,4.987843284000064,"```json
{
  ""steps"": [
    {
      ""step_number"": 1,
      ""instruction"": ""사내 동호회 지원금 신청을 위해 매월 25일까지 총무팀으로 영수증을 첨부하여 제출합니다."",
      ""details"": ""영수증을 첨부하여 제출하는 절차를 확인하고, 제출 기한을 놓치지 않도록 주의합니다.""
    },
    {
      ""step_number"": 2,
      ""instruction"": ""Visual Studio Code의 테마를 변경하려면 Ctrl+K Ctrl+T를 차례대로 누르고, 원하는 색상 테마를 위아래 방향키로 선택합니다."",
      ""details"": ""Visual Studio Code의 테마 변경을 위한 명령어와 메뉴 경로를 확인하고, 원하는 색상 테마를 선택합니다.""
    },
    {
      ""step_number"": 3,
      ""instruction"": ""Adobe Creative Cloud에서 폰트 동기화가 진행되지 않고 무한 대기에 빠지는 현상은 Adobe Desktop Service 프로세스의 엉킴 문제입니다. 작업 관리자에서 Adobe 관련 프로세스를 강제 종료한 후, %AppData%\Adobe\CoreSync 폴더 내부의 임시 파일을 삭제하고 재실행합니다."",
      ""details"": ""Adobe Creative Cloud에서 폰트 동기화가 안 되는 문제 해결을 위한 명령어와 폴더 경로를 확인하고, 임시 파일을 삭제하고 재실행합니다.""
    },
    {
      ""step_number"": 4,
      ""instruction"": ""사내 도서관은 본관 3층에 위치하며, 1회 대출 시 최대 3권, 대출 기간은 14일이며 연장은 1회(7일) 가능합니다."",
      ""details"": ""사내 도서관 위치 및 대출 규정을 확인하고, 필요한 정보를 확인합니다.""
    },
    {
      ""step_number"": 5,
      ""instruction"": ""긴급 장애 발생 시 사내 메신저 IT-Help 채널로 다이렉트 메시지를 발송하여 도움을 요청합니다."",
      ""details"": ""사내 IT-Help 채널을 통해 문제 발생 시 도움을 요청하는 절차를 확인하고, 메시지를 발송합니다.""
    }
  ]
}
```",0.2133868821798274,0.3226004579567816,0.1643835616438356,0
맥북 kernel_task CPU 100% 점유율,Baseline,3,2,371,486,857,3.6686597240000083,"네, 알겠습니다. 먼저, 오른쪽 포트에 메인보드 좌측 센서의 열 부하를 줄이는 방법부터 시작해볼게요.

1.  **오른쪽 포트 사용:** 현재 사용하시는 노트북의 경우, 오른쪽 포트가 메인보드 좌측 센서의 열 부하를 줄이는 데 도움이 될 수 있습니다.
2.  **메인보드 좌측 센서 청소:**
    *   **제어판**을 엽니다. (Windows 키 + X 를 누르고 ""제어판""을 선택)
    *   **시스템 및 보안** > **시스템**을 선택합니다.
    *   **메시지 뷰어**를 선택합니다.
    *   **메인보드** 탭을 선택합니다.
    *   **메인보드 좌측 센서** 탭을 선택합니다.
    *   **청소** 버튼을 클릭합니다.
    *   청소 후, 컴퓨터를 재부팅합니다.
3.  **팬 속도 제어 앱 사용:**
    *   **제어판**을 엽니다. (Windows 키 + X 를 누르고 ""제어판""을 선택)
    *   **시스템 및 보안** > **시스템**을 선택합니다.
    *   **메시지 뷰어**를 선택합니다.
    *   **메인보드** 탭을 선택합니다.
    *   **팬 속도 제어** 버튼을 클릭합니다.
    *   팬 속도를 높여서 먼지를 제거하고, 컴퓨터를 재부팅합니다.

이 방법들이 도움이 되셨으면 좋겠습니다. 혹시 다른 문제가 발생하면 알려주세요.",0.1639884074417752,0.0412450146420217,0.0,0
맥북 kernel_task CPU 100% 점유율,Context_Summarized,1,2,243,517,760,2.408868803000132,"네, 알겠습니다. 먼저, 오른쪽 포트에 충전기를 꽂아 메인보드 좌측 센서의 열 부하를 줄여보세요.

1.  **오른쪽 포트 연결:** 노트북 충전기를 오른쪽 포트에 연결합니다.
2.  **잠시 기다려보기:** 연결 후 30초 ~ 1분 정도 기다려보세요.
3.  **컴퓨터 재시작:** 컴퓨터를 재시작합니다.
4.  **CPU 점유율 확인:** 컴퓨터가 다시 시작되면 kernel_task CPU 점유율이 어떻게 되는지 확인합니다.

만약 여전히 문제가 해결되지 않는다면, 다음 사항을 확인해 보세요.

*   **메인보드 먼지:** 메인보드에 먼지가 쌓여 있으면 열 부하를 증가시킬 수 있습니다. 먼지를 청소해 보세요.
*   **팬 속도 제어:** 팬 속도를 낮춰서 CPU 사용량을 줄일 수 있습니다. (시스템 설정에서 팬 속도 조절 가능)

이 방법들을 시도해 보시고, 그래도 문제가 해결되지 않으면 다시 문의해주세요.",0.2009955514651815,0.1491797760903817,0.4210526315789474,0
맥북 kernel_task CPU 100% 점유율,Max_Chunks,6,2,260,676,936,2.5777922419997594,"네, 알겠습니다. 먼저, 오른쪽 포트를 사용해 보세요.

1.  **오른쪽 포트 연결:** 노트북의 왼쪽 포트(일반적으로 USB 포트) 대신 오른쪽 포트에 충전기를 꽂아보세요.
2.  **메인보드 열 부하 감소:** 오른쪽 포트를 사용하면 메인보드 좌측 센서의 열 부하가 줄어들 수 있습니다.
3.  **먼지 청소 및 팬 속도 제어:** 노트북의 먼지를 청소하고, 팬 속도를 조절하여 시스템 온도를 낮추는 것도 도움이 될 수 있습니다. (주의: 먼지를 너무 많이 제거하면 노트북이 고장날 수 있으니 주의하세요.)

이 방법으로도 문제가 해결되지 않으면, 다음 사항을 확인해 보세요.

*   **macOS 버전:** macOS의 버전이 최신인지 확인해 보세요. 오래된 버전은 성능 문제로 인해 kernel_task가 과도하게 작동할 수 있습니다.
*   **하드웨어 문제:** 노트북의 전원 공급 장치(PSU)가 제대로 작동하는지 확인해 보세요.

이러한 방법들을 시도해 보시고, 그래도 문제가 해결되지 않으면 다시 문의해 주세요.",0.1980646351647694,0.131965299442919,0.3529411764705882,0
맥북 kernel_task CPU 100% 점유율,High_Noise,4,2,222,619,841,2.205347571999937,"네, 알겠습니다. 먼저, 맥북의 오른쪽 포트를 사용해 보세요.

1.  **오른쪽 포트 연결:** 노트북 충전기를 왼쪽 포트에서 오른쪽 포트에 연결해 주세요.
2.  **CPU 점유 감소 확인:** CPU 점유율이 줄어들었는지 확인해 보세요.
3.  **Visual Studio Code 테마 변경:** Ctrl+K Ctrl+T 키를 누르고, 원하는 색상 테마를 위아래 방향키로 선택해 주세요.

이 방법으로도 문제가 해결되지 않으면, 다음 사항을 확인해 보시는 것이 좋습니다.

*   **메인보드 열 부하 확인:** 메인보드 좌측 센서의 열 부하가 높을 수 있습니다. 먼지 청소기를 사용하여 먼지를 제거하고, 팬 속도를 높여주세요.
*   **macOS 재시동:** 때로는 macOS를 재시동하면 CPU 점유율 문제를 해결할 수 있습니다.

이 방법으로도 문제가 해결되지 않으면, 다시 문의해 주세요.",0.1901283655552658,0.0960688557115197,0.2608695652173913,0
맥북 kernel_task CPU 100% 점유율,Ranking_Swapped,4,2,377,619,996,3.7271974350001074,"네, 알겠습니다. 먼저, 다음 단계를 따라 해보세요.

1.  **Visual Studio Code 테마 변경:**
    *   Ctrl + K를 누르고,
    *   K를 누르고,
    *   T를 누르고,
    *   위아래 방향키를 사용하여 원하는 색상 테마를 선택합니다.

2.  **Kernel_task 프로세스 확인:**
    *   메시지가 뜨는 동안, Kernel_task 프로세스가 CPU를 얼마나 점유하고 있는지 확인합니다.
    *   CPU 사용량이 100%에 가까운지 확인합니다.
    *   만약 100%에 가까운 경우, 해당 프로세스를 종료하거나, 다른 작업을 실행하여 CPU 사용량을 줄여보세요.

3.  **macOS에서 Kernel_task 프로세스 확인:**
    *   macOS에서 Kernel_task 프로세스가 CPU를 과도하게 점유하고 있는지 확인합니다.
    *   시스템 정보(시스템 정보) 앱을 열고, ""Processes"" 탭에서 Kernel_task 프로세스를 찾아봅니다.
    *   CPU 사용량이 100%에 가까운 경우, 해당 프로세스를 종료하거나, 다른 작업을 실행하여 CPU 사용량을 줄여보세요.

4.  **하드웨어 과열 방지:**
    *   노트북 충전기를 오른쪽 포트에 연결하여 메인보드 좌측 센서의 열 부하를 줄이거나, 먼지 청소 및 팬 속도 제어 앱을 사용하여 팬 속도를 높여주세요.

이 단계를 완료하면, Kernel_task 프로세스가 CPU를 점유하는 것을 줄이고 컴퓨터 성능을 개선할 수 있습니다. 혹시 문제가 발생하면 언제든지 다시 문의해주세요.",0.2761248865962998,0.2569440781133534,0.3636363636363636,0
맥북 kernel_task CPU 100% 점유율,Short_History,2,2,370,529,899,3.6569048719998136,"네, 알겠습니다. 먼저, 오른쪽 포트에 메인보드 좌측 센서의 열 부하를 줄이는 방법부터 시작해볼까요?

1.  **오른쪽 포트 연결:** 먼저, 맥북의 오른쪽 포트를 사용하고 계신가요? (일반적으로 왼쪽 포트 사용)
2.  **오른쪽 포트 연결:** 오른쪽 포트에 메인보드 좌측 센서(또는 열 감지 센서)를 연결합니다. 이 연결은 보통 30분 정도 기다려야 합니다.
3.  **macOS 재시작:** 연결 후, macOS를 재시작합니다.
4.  **CPU 점유 확인:** 재시작 후, 시스템 정보를 확인하여 kernel_task 프로세스가 CPU를 얼마나 점유하고 있는지 확인합니다. (시스템 정보 > 성능 및 리소스)
5.  **kernel_task 프로세스 확인:**  시스템 정보 > 성능 및 리소스에서 `kernel_task` 프로세스의 CPU 사용량을 확인합니다.  CPU 사용량이 100%를 넘지 않는지 확인하세요.

만약 여전히 문제가 해결되지 않는다면, 다음 사항을 확인해 보세요.

*   **메인보드 먼지:** 메인보드에 먼지가 쌓여 있으면 열 부하를 증가시킬 수 있습니다. 먼지를 청소해 보세요.
*   **팬 속도 제어:**  macOS의 팬 속도 제어 앱을 사용하여 팬 속도를 높여 열을 식히는 것도 도움이 될 수 있습니다. (시스템 정보 > 성능 및 리소스 > 팬 속도 제어)

이 단계를 따라 해보시고, 문제가 해결되기를 바랍니다. 혹시 다른 질문이 있으시면 언제든지 말씀해주세요.",0.3735932949503093,0.2083153926889853,0.4285714285714285,0
맥북 kernel_task CPU 100% 점유율,Long_History,2,6,383,635,1018,3.78722993700012,"네, 알겠습니다. 먼저, 다음 단계를 따르세요.

1.  **메인보드 좌측 센서 먼지 청소:**
    *   맥북을 켜고, 전원 버튼을 누른 후, 켜기 버튼을 누른 상태에서 ‘Shift’ 키를 누른 상태로 5초 정도 유지합니다. (이 과정에서 메인보드에 먼지가 쌓이면 자동으로 청소됩니다.)
    *   메인보드 좌측 센서 주변에 먼지가 쌓여 있다면, 젖은 천으로 닦아주세요. (너무 뜨거운 천은 사용하지 마세요.)

2.  **메인보드 팬 속도 제어 앱 실행:**
    *   ‘Apple 메뉴’ 버튼을 클릭합니다.
    *   ‘시스템 정보’를 선택합니다.
    *   ‘메인보드’를 선택합니다.
    *   ‘팬 속도 제어’ 버튼을 클릭합니다.
    *   팬 속도 제어 앱이 실행되면, 팬 속도를 높여주세요. (일반적으로 60% 또는 70% 정도가 적절합니다.)

3.  **맥북 재부팅:**
    *   맥북을 켜고, 전원 버튼을 누른 후, ‘Shift’ 키를 누른 상태로 5초 정도 유지합니다. (이 과정에서 메인보드 청소 및 팬 속도 제어 앱이 정상적으로 작동하는지 확인합니다.)

4.  **재부팅 후 확인:**
    *   재부팅 후 컴퓨터가 정상적으로 작동하는지 확인합니다.

이 단계를 완료하면, CPU 점유율 문제가 해결될 가능성이 높습니다. 혹시 문제가 계속 발생한다면, 다시 한번 문의해주세요.",0.1930998825844323,0.0652963944946293,0.1,0
맥북 kernel_task CPU 100% 점유율,Forced_JSON_Format,2,2,120,555,675,1.2001284169996325,"```json
{
  ""status"": ""완료"",
  ""topic"": ""macOS kernel_task CPU 점유 문제 해결"",
  ""solution_steps"": [
    ""1. 오른쪽 포트에 메인보드 좌측 센서의 열 부하를 줄이세요."",
    ""2. 먼지 청소 및 팬 속도 제어 앱을 실행하세요."",
    ""3. Ctrl+K Ctrl+T를 누르고 원하는 색상 테마를 위아래 방향키로 선택하세요.""
  ]
}
```",0.6272154760084456,0.4126259192529623,0.4666666666666667,1
맥북 kernel_task CPU 100% 점유율,Hallucination_Defense,3,2,151,533,684,1.5042756829998325,"네, 알겠습니다. 먼저, Visual Studio Code의 테마를 바꾸는 방법은 다음과 같습니다.

1.  **Ctrl + K** 키를 누릅니다.
2.  **Ctrl + T** 키를 누릅니다.
3.  **위아래 방향키**를 사용하여 원하는 색상 테마를 선택합니다.

이 두 가지 방법으로도 문제가 해결되지 않는다면, 다음 사항을 확인해 보시는 것이 좋습니다.

*   Visual Studio Code가 실행 중인지 확인해 보세요.
*   Visual Studio Code를 재시작해 보세요.

혹시 다른 방법으로 해결이 안 된다면, 다시 한번 총무팀에 문의하여 도움을 요청하시는 것이 좋습니다.",0.1471299556160368,0.0622205039840516,0.0,0
맥북 kernel_task CPU 100% 점유율,Mixed_Stress_Test,6,6,538,794,1332,5.313082294000196,"알겠습니다. 다음은 문제 해결을 위한 단계별 가이드입니다.

```json
{
  ""steps"": [
    {
      ""step_number"": 1,
      ""instruction"": ""사내 동호회 지원금 신청 절차를 확인합니다."",
      ""details"": ""매월 25일까지 총무팀으로 영수증을 첨부하여 제출해야 합니다.  영수증을 확인하고, 지원금 신청이 완료되었는지 확인합니다.""
    },
    {
      ""step_number"": 2,
      ""instruction"": ""Visual Studio Code 테마 변경 방법"",
      ""details"": ""Ctrl+K Ctrl+T를 반복적으로 누르면서 원하는 색상 테마를 위아래 방향키로 선택합니다.  색상 테마를 변경할 수 있는 옵션이 있는지 확인합니다.""
    },
    {
      ""step_number"": 3,
      ""instruction"": ""macOS Kernel_Task 프로세스 문제 해결"",
      ""details"": ""macOS에서 kernel_task 프로세스가 CPU를 과도하게 점유하여 컴퓨터가 느려지는 현상은 하드웨어 과열 방지를 위한 보호 조치입니다.  노트북 충전기를 오른쪽 포트에 연결하여 메인보드 좌측 센서의 열 부하를 줄이거나, 먼지 청소 및 팬 속도 제어 앱을 실행합니다.  (메인보드 설명서 참조)""
    },
    {
      ""step_number"": 4,
      ""instruction"": ""사내 도서관 이용 안내"",
      ""details"": ""사내 도서관은 본관 3층에 위치하며, 1회 대출 시 최대 3권, 대출 기간은 14일이며 연장은 1회(7일) 가능합니다.  사내 도서관 이용 안내 페이지를 확인하여 이용 조건을 확인합니다.""
    },
    {
      ""step_number"": 5,
      ""instruction"": ""긴급 장애 발생 시 IT-Help 채널 연락"",
      ""details"": ""긴급 장애 발생 시 사내 메신저 IT-Help 채널로 직접 메시지를 발송하여 문제를 보고합니다.  문제 해결을 위해 필요한 정보를 최대한 제공합니다.""
    }
  ]
}
```

**참고:** 위 가이드는 제공된 참고 문서에 기반하여 작성되었습니다.  만약 특정 상황에 대한 추가적인 정보가 필요하시면 언제든지 다시 문의해주세요.",0.2789110154839078,0.2823641080964906,0.21875,0
