topic,variant,chunks,turns,completion,prompt,total,latency,response,answer_correctness,chrf,rouge,json
macOS VPN 및 보안 에이전트 충돌,Baseline,3,2,316,450,766,9.216185932999906,"안녕하세요. macOS Sequoia 15.0 버전에서 GlobalProtect VPN이 연결되지 않는 문제에 대해 안내해 드리겠습니다.

제공된 [참고 문서]에 따르면, 이 문제는 시스템 설정의 보안 에이전트(CrowdStrike) 네트워크 확장 권한과 충돌하기 때문에 발생합니다. 다음 단계를 따라 조치해 주시면 VPN 연결에 도움이 될 것입니다.

**해결 방법:**

1. **시스템 설정 열기:** Mac 화면 왼쪽 상단의 Apple 메뉴()를 클릭한 후, **시스템 설정**을 선택합니다.
2. **개인정보 보호 및 보안 이동:** 시스템 설정 메뉴에서 **개인정보 보호 및 보안** 항목을 찾아서 클릭합니다.
3. **네트워크 설정 접근:** '개인정보 보호 및 보안' 설정 내에서 **네트워크** 항목을 선택합니다.
4. **CrowdStrike 필터링 권한 비활성화:** CrowdStrike의 필터링 권한을 잠시 비활성화합니다.
5. **VPN 연결 시도:** 권한을 비활성화한 상태에서 VPN을 연결해 봅니다.
6. **VPN 재활성화:** VPN 연결이 성공하면, 다시 4단계에서 비활성화했던 CrowdStrike의 필터링 권한을 활성화해 주시기 바랍니다.

위 단계를 따라 진행해 보시고, 문제가 해결되는지 확인해 주십시오. 만약 이 방법으로 해결되지 않거나 추가적인 도움이 필요하시면 다시 말씀해 주세요.",0.9007792084246734,0.3180555936122415,0.4,0
macOS VPN 및 보안 에이전트 충돌,Context_Summarized,1,2,306,477,783,6.126032353000028,"안녕하세요. macOS Sequoia 15.0 버전에서 GlobalProtect VPN이 연결되지 않는 문제에 대해 안내해 드리겠습니다.

제공된 [참고 문서]에 따라, 시스템 설정의 보안 에이전트(CrowdStrike) 네트워크 확장 권한과 VPN 간의 충돌을 해결하는 절차를 안내해 드립니다.

다음 단계를 순서대로 따라해 주십시오.

1. **시스템 설정 열기:** 맥북에서 **시스템 설정**을 엽니다.
2. **개인정보 보호 및 보안 이동:** 시스템 설정 메뉴에서 **개인정보 보호 및 보안** 항목을 찾아서 클릭합니다.
3. **네트워크 설정 접근:** '개인정보 보호 및 보안' 설정 내에서 **네트워크** 항목으로 이동합니다.
4. **CrowdStrike 필터링 권한 비활성화:** 해당 화면에서 **CrowdStrike**의 필터링 권한을 잠시 **비활성화**합니다.
5. **VPN 연결 시도:** 권한을 비활성화한 상태에서 재택근무용 VPN을 연결해 봅니다.
6. **VPN 재활성화:** VPN 연결이 성공적으로 이루어지면, 다시 **CrowdStrike**의 필터링 권한을 **활성화**해 주십시오.

위 단계를 통해 VPN 연결 문제가 해결되기를 바랍니다. 진행하시다가 추가적인 문제가 발생하면 언제든지 다시 문의해 주십시오.",0.7797395229305829,0.3143120338090661,0.4285714285714285,0
macOS VPN 및 보안 에이전트 충돌,Max_Chunks,6,2,227,648,875,4.562219731999903,"안녕하세요. macOS Sequoia 15.0 버전에서 GlobalProtect VPN이 연결되지 않는 문제에 대해 안내해 드리겠습니다.

제공된 [참고 문서]에 따르면, 이 문제는 시스템 설정의 보안 에이전트(CrowdStrike) 네트워크 확장 권한과 충돌하기 때문에 발생합니다. 다음 단계를 따라 조치해 주시면 문제를 해결할 수 있습니다.

**해결 방법:**

1. **시스템 설정**을 엽니다.
2. **개인정보 보호 및 보안**으로 이동합니다.
3. **네트워크** 항목을 선택합니다.
4. **CrowdStrike의 필터링 권한**을 잠시 비활성화합니다.
5. VPN을 연결합니다.
6. VPN 연결 후, 비활성화했던 **CrowdStrike의 필터링 권한을 다시 활성화**해 주십시오.

위 단계를 따라 진행해 보시고 VPN 연결이 되는지 확인해 주시기 바랍니다.

만약 이 방법으로 해결되지 않거나 추가적인 도움이 필요하시면 다시 문의해 주십시오.",0.7795856555594097,0.3704521704591128,0.5,0
macOS VPN 및 보안 에이전트 충돌,High_Noise,4,2,207,591,798,4.1607860839999375,"안녕하세요. macOS Sequoia 15.0 버전에서 GlobalProtect VPN이 연결되지 않는 문제에 대해 안내해 드리겠습니다.

제공된 [참고 문서]에 따르면, macOS Sequoia 버전에서 GlobalProtect VPN이 연결되지 않는 문제는 시스템 설정의 보안 에이전트(CrowdStrike) 네트워크 확장 권한과 충돌하기 때문이며, 다음 단계를 통해 해결할 수 있습니다.

**해결 방법:**

1. **시스템 설정**을 엽니다.
2. **개인정보 보호 및 보안** 메뉴로 이동합니다.
3. **네트워크** 항목을 선택합니다.
4. **CrowdStrike**의 필터링 권한을 잠시 비활성화합니다.
5. VPN을 연결합니다.
6. VPN 연결 후, 비활성화했던 CrowdStrike의 필터링 권한을 다시 활성화합니다.

위 단계를 따라 진행해 보시고 VPN 연결이 정상적으로 되는지 확인해 주시기 바랍니다.",0.8702059377418356,0.3673203508897688,0.4285714285714285,0
macOS VPN 및 보안 에이전트 충돌,Ranking_Swapped,4,2,202,591,793,4.054288172999804,"안녕하세요. macOS Sequoia 15.0 버전에서 GlobalProtect VPN이 연결되지 않는 문제에 대해 안내해 드리겠습니다.

제공된 [참고 문서]에 따르면, macOS Sequoia 버전에서 GlobalProtect VPN이 연결되지 않는 문제는 시스템 설정의 보안 에이전트(CrowdStrike) 네트워크 확장 권한과 충돌하기 때문이며, 다음 단계를 통해 해결할 수 있습니다.

**해결 방법:**

1. **시스템 설정**을 엽니다.
2. **개인정보 보호 및 보안**으로 이동합니다.
3. **네트워크** 항목을 선택합니다.
4. **CrowdStrike**의 필터링 권한을 잠시 비활성화합니다.
5. VPN을 연결합니다.
6. VPN 연결 후, CrowdStrike의 필터링 권한을 다시 활성화합니다.

위 단계를 따라 진행해 보시고 VPN 연결이 정상적으로 되는지 확인해 주시기 바랍니다.",0.8793708752627238,0.3704869888299097,0.4285714285714285,0
macOS VPN 및 보안 에이전트 충돌,Short_History,2,2,292,493,785,5.826077147999968,"안녕하세요. macOS Sequoia 15.0 버전에서 GlobalProtect VPN이 연결되지 않는 문제에 대해 안내해 드리겠습니다.

제공된 [참고 문서]에 따르면, 이 문제는 시스템 설정의 보안 에이전트(CrowdStrike) 네트워크 확장 권한과 충돌하기 때문에 발생합니다. 다음 단계를 따라 조치해 주시면 VPN 연결에 도움이 될 것입니다.

**해결 방법:**

1. **시스템 설정 열기:** 맥북에서 **시스템 설정**을 엽니다.
2. **개인정보 보호 및 보안 이동:** 설정 메뉴에서 **개인정보 보호 및 보안** 항목을 찾아서 클릭합니다.
3. **네트워크 설정 확인:** 해당 메뉴 내에서 **네트워크** 설정을 확인합니다.
4. **CrowdStrike 필터링 권한 비활성화:** CrowdStrike의 필터링 권한을 잠시 비활성화합니다.
5. **VPN 연결 시도:** 권한을 비활성화한 상태에서 VPN을 연결해 봅니다.
6. **권한 재활성화:** VPN 연결이 성공하면, 다시 시스템 설정으로 돌아가 CrowdStrike의 필터링 권한을 원래대로 활성화해 주시기 바랍니다.

이 단계를 통해 VPN 연결 문제가 해결되기를 바랍니다. 혹시 진행하시다가 추가적인 문제가 발생하거나 다른 도움이 필요하시면 언제든지 말씀해 주세요.",0.7519953239169666,0.3212037961778151,0.4444444444444445,0
macOS VPN 및 보안 에이전트 충돌,Long_History,2,6,274,610,884,5.479605849000109,"사용자님의 상황에 맞는 해결 방법을 안내해 드리겠습니다.

macOS Sequoia 버전에서 GlobalProtect VPN이 연결되지 않는 문제는 시스템 설정의 보안 에이전트(CrowdStrike) 네트워크 확장 권한과 충돌하기 때문입니다. 다음 단계를 따라 조치해 주십시오.

1. **시스템 설정 열기:** 화면 왼쪽 상단의 Apple 메뉴()를 클릭한 후, **시스템 설정**을 선택합니다.
2. **개인정보 보호 및 보안 이동:** 시스템 설정 메뉴에서 **개인정보 보호 및 보안** 항목을 찾아서 클릭합니다.
3. **네트워크 설정 확인:** '개인정보 보호 및 보안' 설정 내에서 **네트워크** 항목을 찾아 클릭합니다.
4. **CrowdStrike 필터링 비활성화:** 이 화면에서 CrowdStrike의 필터링 권한을 잠시 비활성화합니다.
5. **VPN 연결 시도:** 권한을 비활성화한 상태에서 GlobalProtect VPN을 다시 연결해 봅니다.
6. **권한 재활성화:** VPN 연결이 성공적으로 이루어지면, 다시 4단계로 돌아가 CrowdStrike의 필터링 권한을 원래대로 활성화해 주십시오.

이 방법으로 문제가 해결되는지 확인해 보시기 바랍니다.",0.7693779273319843,0.3398211165207188,0.4615384615384615,0
macOS VPN 및 보안 에이전트 충돌,Forced_JSON_Format,2,2,145,532,677,2.9087166970002727,"```json
{
  ""status"": ""success"",
  ""topic"": ""macOS Sequoia에서 GlobalProtect VPN 연결 문제 해결"",
  ""solution_steps"": [
    ""1. '시스템 설정'을 엽니다."",
    ""2. '개인정보 보호 및 보안' 메뉴로 이동합니다."",
    ""3. '네트워크' 항목을 선택합니다."",
    ""4. CrowdStrike의 필터링 권한을 잠시 비활성화합니다."",
    ""5. VPN을 연결합니다."",
    ""6. VPN 연결 후, CrowdStrike의 필터링 권한을 다시 활성화합니다.""
  ]
}
```",0.8711137441541793,0.5026482431669687,0.4571428571428572,1
macOS VPN 및 보안 에이전트 충돌,Hallucination_Defense,3,2,221,512,733,4.548725947000094,"안녕하세요. Sequoia 15.0 버전에서 재택근무용 VPN 연결에 문제가 있으시군요.

제공해주신 [참고 문서]를 확인해 보았으나, 현재 상황(macOS 업데이트 후 VPN 연결 불가)에 대한 구체적인 해결 방법이나 CrowdStrike 관련 조치에 대한 정보는 문서에서 찾을 수 없습니다.

문서에 포함된 내용은 다음과 같습니다:
*   macOS 폰트 캐시 초기화 방법
*   사내 식당 메뉴 안내 및 복지 포인트 사용 방법
*   사내 무선 네트워크(Corporate-Wi-Fi)의 보안 프로토콜 및 비밀번호 변경 주기

VPN 연결 문제를 해결하기 위해 제가 드릴 수 있는 구체적인 메뉴 경로와 방법은 제공된 문서 내에 없습니다.

**추가 조치 안내:**

문제가 지속될 경우, CrowdStrike 보안 프로그램 설정이나 VPN 클라이언트 관련 문제일 수 있으므로, IT 지원팀에 직접 문의하시어 해당 환경에 맞는 전문적인 지원을 받으시는 것을 권장 드립니다.",0.4126271326154874,0.1205825270904331,0.0,0
macOS VPN 및 보안 에이전트 충돌,Mixed_Stress_Test,6,6,258,777,1035,5.161854568999843,"```json
{
  ""해결책"": [
    ""1. **시스템 설정 열기**: macOS에서 '시스템 설정'을 엽니다."",
    ""2. **개인정보 보호 및 보안 이동**: 설정 메뉴에서 '개인정보 보호 및 보안' 항목을 찾아서 클릭합니다."",
    ""3. **네트워크 설정 확인**: 해당 메뉴 내에서 '네트워크' 설정을 확인합니다."",
    ""4. **CrowdStrike 필터링 비활성화**: CrowdStrike의 필터링 권한을 잠시 비활성화합니다."",
    ""5. **VPN 연결 시도**: 권한을 비활성화한 상태에서 GlobalProtect VPN을 연결해 봅니다."",
    ""6. **권한 재활성화**: VPN 연결이 성공하면, 다시 '개인정보 보호 및 보안' 설정으로 돌아가 CrowdStrike의 필터링 권한을 다시 활성화합니다.""
  ],
  ""참고"": ""macOS Sequoia 버전에서 GlobalProtect VPN이 연결되지 않는 문제는 시스템 설정의 보안 에이전트(CrowdStrike) 네트워크 확장 권한과 충돌하기 때문이며, 위 단계를 통해 해결할 수 있습니다.""
}
```",0.8915708315142074,0.3333102504153856,0.2666666666666666,1
사내 Wi-Fi 인증서 만료 및 802.1x 에러,Baseline,3,2,246,482,728,4.903836795000188,"사용자님의 맥북 노트북에서 발생하는 와이파이 연결 끊김 및 인증 오류는 **802.1x 인증 실패**가 원인일 수 있습니다.

제공된 [참고 문서]에 따르면, 이 문제는 **local 키체인에 등록된 사용자 인증서가 만료되었기 때문**에 발생합니다.

새 인증서를 발급받고 등록하는 절차는 다음과 같습니다.

1. **사내 포털 접속:** 유선망으로 접속하여 사내 포털인 `cert.company.com`에 접속합니다.
2. **새 인증서 다운로드:** 포털에서 새 인증서를 다운로드합니다.
3. **키체인 접근:** 키체인 접근 메뉴로 이동합니다.
4. **기존 인증서 삭제:** 기존에 등록되어 있던 'Corp-Wifi-Cert'를 삭제합니다.
5. **새 인증서 가져오기:** 다운로드 받은 새 인증서를 키체인에 가져옵니다.

이 단계를 따라 진행하시면 노트북의 와이파이 인증 문제를 해결하실 수 있을 것입니다. 진행하시다가 추가적인 문제가 발생하면 언제든지 다시 문의해 주세요.",0.9328212703254432,0.3086554248412121,0.4761904761904762,0
사내 Wi-Fi 인증서 만료 및 802.1x 에러,Context_Summarized,1,2,219,518,737,4.366310413000065,"사용자님의 맥북 노트북에서 발생하는 와이파이 연결 끊김 및 인증 오류는 **local 키체인에 등록된 사용자 인증서가 만료되었기 때문**에 발생하는 802.1x 인증 실패 문제로 보입니다.

문서에 따라 문제를 해결하기 위한 단계별 절차는 다음과 같습니다.

1. **사내 포털 접속:** 유선망으로 접속하여 사내 포털인 `cert.company.com`에 접속합니다.
2. **새 인증서 다운로드:** 해당 포털에서 새 사용자 인증서를 다운로드합니다.
3. **기존 인증서 삭제:** 키체인 접근 설정에서 기존에 등록된 'Corp-Wifi-Cert'를 삭제합니다.
4. **새 인증서 가져오기:** 다운로드한 새 인증서를 키체인에 다시 가져옵니다.

이 절차를 통해 노트북의 인증서를 갱신하시면 문제가 해결될 수 있습니다. 진행하시다가 특정 단계에서 어려움이 있으시면 다시 말씀해 주십시오.",0.6951858782033851,0.3201481659798965,0.5,0
사내 Wi-Fi 인증서 만료 및 802.1x 에러,Max_Chunks,6,2,255,651,906,5.0864962629998445,"노트북에서만 연결 끊김 및 인증 오류가 발생하는 문제로 이해했습니다. 제공해주신 [참고 문서]를 바탕으로 해결 방법을 안내해 드리겠습니다.

사내 무선망(Corporate-Wi-Fi) 접속 시 802.1x 인증 실패는 **local 키체인에 등록된 사용자 인증서가 만료되었기 때문**에 발생합니다.

새 인증서를 다운로드하고 등록하는 절차는 다음과 같습니다.

1. **사내 포털 접속:** 유선망으로 접속하여 사내 포털인 `cert.company.com`에 접속합니다.
2. **새 인증서 다운로드:** 포털에서 새 인증서를 다운로드합니다.
3. **키체인 접근:** 키체인 접근 메뉴에서 기존에 등록된 **'Corp-Wifi-Cert'를 삭제**합니다.
4. **새 인증서 가져오기:** 다운로드한 새 인증서를 키체인에 가져옵니다.

이 단계를 진행하시면 노트북의 와이파이 연결 문제가 해결될 수 있습니다.

만약 위 절차를 진행하는 데 어려움이 있거나 추가적인 도움이 필요하시면 언제든지 다시 문의해 주십시오.",0.6659800100588357,0.2915989090802932,0.6086956521739131,0
사내 Wi-Fi 인증서 만료 및 802.1x 에러,High_Noise,4,2,253,594,847,5.047119936999934,"사용자님의 맥북 노트북에서 사내 와이파이 연결이 끊기고 인증 오류가 발생하는 문제는 **802.1x 인증 실패**와 관련이 있을 수 있습니다.

제공된 [참고 문서]에 따르면, 사내 무선망 접속 시 802.1x 인증 실패의 원인은 **local 키체인에 등록된 사용자 인증서가 만료되었기 때문**입니다.

새 인증서를 발급받고 등록하는 절차는 다음과 같습니다.

1. **사내 포털 접속:** 유선망으로 접속하여 사내 포털인 `cert.company.com`에 접속합니다.
2. **새 인증서 다운로드:** 해당 포털에서 새 인증서를 다운로드합니다.
3. **키체인 접근:** 키체인 접근 메뉴에서 기존에 등록되어 있던 **'Corp-Wifi-Cert'를 삭제**합니다.
4. **새 인증서 가져오기:** 다운로드한 새 인증서를 키체인에 가져와 등록합니다.

이 단계를 통해 인증서 문제를 해결하고 와이파이에 다시 접속하실 수 있을 것입니다. 진행하시다가 추가적인 문제가 발생하면 다시 알려주십시오.",0.6679291615214489,0.2920829343296288,0.4545454545454545,0
사내 Wi-Fi 인증서 만료 및 802.1x 에러,Ranking_Swapped,4,2,264,594,858,5.264787470000101,"사용자님의 맥북 노트북에서 사내 와이파이 연결이 끊기고 인증 오류가 발생하는 문제는 **802.1x 인증 실패**와 관련이 있을 수 있습니다.

제공된 [참고 문서]에 따르면, 사내 무선망(Corporate-Wi-Fi) 접속 시 802.1x 인증 실패가 발생하는 원인은 **local 키체인에 등록된 사용자 인증서가 만료되었기 때문**입니다.

새 인증서를 발급받고 등록하는 절차는 다음과 같습니다.

1. **사내 포털 접속:** 유선망으로 접속하여 사내 포털인 `cert.company.com`에 접속합니다.
2. **새 인증서 다운로드:** 포털에서 새 인증서를 다운로드합니다.
3. **키체인 접근에서 기존 인증서 삭제:** 키체인 접근 설정에서 기존에 등록되어 있던 'Corp-Wifi-Cert'를 삭제합니다.
4. **새 인증서 가져오기:** 다운로드한 새 인증서를 키체인에 가져옵니다.

이 단계를 따라 진행하시면 노트북의 와이파이 인증 문제를 해결하실 수 있을 것입니다. 진행하시다가 추가적인 문제가 발생하면 언제든지 다시 문의해 주세요.",0.6685902734101881,0.3301702856615185,0.56,0
사내 Wi-Fi 인증서 만료 및 802.1x 에러,Short_History,2,2,198,518,716,3.949802493000334,"사용자님의 맥북 노트북에서 사내 와이파이 연결이 끊기고 인증 오류가 발생하는 문제는 **802.1x 인증 실패**와 관련이 있을 수 있습니다.

제공된 [참고 문서]에 따르면, 이 문제의 원인은 **local 키체인에 등록된 사용자 인증서가 만료되었기 때문**입니다.

새 인증서를 다운로드하고 등록하는 절차는 다음과 같습니다.

1.  사내 포털(**cert.company.com**)에 **유선망으로 접속**합니다.
2.  새 인증서를 **다운로드**합니다.
3.  키체인 접근에서 기존에 등록된 **'Corp-Wifi-Cert'를 삭제**합니다.
4.  다운로드한 **새 인증서를 가져옵니다**.

이 단계를 따라 진행하시면 문제를 해결하실 수 있을 것입니다. 진행하시다가 추가적인 문제가 발생하면 다시 알려주십시오.",0.9430611058266304,0.3420974482277736,0.5,0
사내 Wi-Fi 인증서 만료 및 802.1x 에러,Long_History,2,6,202,630,832,4.044753313000001,"제공된 [참고 문서]에 따르면, 802.1x 인증 실패의 원인은 로컬 키체인에 등록된 사용자 인증서가 만료되었기 때문입니다. 이 문제를 해결하기 위한 단계는 다음과 같습니다.

1. **사내 포털 접속:** 유선망으로 접속하여 사내 포털인 `cert.company.com`에 접속합니다.
2. **새 인증서 다운로드:** 해당 포털에서 새 인증서를 다운로드합니다.
3. **키체인 접근에서 기존 인증서 삭제:** 키체인 접근 메뉴로 이동하여 기존에 등록된 'Corp-Wifi-Cert'를 삭제합니다.
4. **새 인증서 가져오기:** 다운로드한 새 인증서를 키체인에 가져옵니다.

이 단계를 통해 새로운 인증서를 등록하여 와이파이 연결 문제를 해결하실 수 있습니다. 진행하시다가 추가적인 문제가 발생하면 다시 알려주십시오.",0.8498755885942277,0.3733459059367278,0.5263157894736842,0
사내 Wi-Fi 인증서 만료 및 802.1x 에러,Forced_JSON_Format,2,2,120,553,673,2.4110462859998734,"```json
{
  ""status"": ""success"",
  ""topic"": ""802.1x 인증서 만료 문제 해결"",
  ""solution_steps"": [
    ""1. 사내 포털(cert.company.com)에 유선망으로 접속합니다."",
    ""2. 포털에서 새 인증서를 다운로드합니다."",
    ""3. 키체인 접근에서 기존 'Corp-Wifi-Cert'를 삭제합니다."",
    ""4. 새 인증서를 가져옵니다.""
  ]
}
```",0.8256479917345015,0.496825924872312,0.6,1
사내 Wi-Fi 인증서 만료 및 802.1x 에러,Hallucination_Defense,3,2,160,495,655,3.201279569000235,"제공해주신 [참고 문서]를 확인했습니다.

현재 사용자님의 맥북 노트북에서 사내 와이파이 연결 끊김 및 인증 오류 문제에 대해 해결할 수 있는 관련 정보가 문서에 포함되어 있지 않습니다.

제공된 문서에는 프린터 드라이버 충돌 해결 방법, 도커 데스크탑 가상 디스크 용량 정리 방법, 그리고 주차장 이용 규정에 대한 내용만 포함되어 있습니다.

따라서, 현재 겪고 계신 와이파이 인증 오류 문제에 대해서는 **제공된 문서에서 해당 내용을 찾을 수 없습니다.**

이 문제를 해결하기 위해 IT 지원팀에 문의하시거나, 네트워크 관리 부서에 문의하여 추가적인 지원을 요청해 주시면 감사하겠습니다.",0.5535290426181847,0.1832617191029539,0.0,0
사내 Wi-Fi 인증서 만료 및 802.1x 에러,Mixed_Stress_Test,6,6,163,775,938,3.2821299990000625,"```json
{
  ""solution"": [
    ""사내 무선망(Corporate-Wi-Fi) 접속 시 802.1x 인증 실패는 local 키체인에 등록된 사용자 인증서가 만료되었기 때문입니다."",
    ""새 인증서를 발급받고 등록하는 절차는 다음과 같습니다:"",
    ""1. 사내 포털(cert.company.com)에 유선망으로 접속합니다."",
    ""2. 사내 포털에서 새 인증서를 다운로드합니다."",
    ""3. 키체인 접근에서 기존 'Corp-Wifi-Cert'를 삭제합니다."",
    ""4. 다운로드한 새 인증서를 키체인에 가져옵니다.""
  ]
}
```",0.8436673976897122,0.3933591844828307,0.4827586206896552,1
Active Directory 계정 잠김 해결,Baseline,3,2,213,486,699,4.259349485999792,"Active Directory 계정 잠김 해제에 대해 안내해 드리겠습니다. 제공해주신 [참고 문서]에 따라 조치 방법을 단계별로 안내해 드리겠습니다.

**Active Directory 계정 잠금 해제 방법**

1. **HR 포털 이용:** 사내 HR 포털의 '본인인증 기반 계정 잠금 해제' 페이지로 이동하여 계정을 잠금 해제합니다.
2. **IT 헬프데스크 문의:** IT 헬프데스크(내선 1111)로 전화하여 사번과 신원 확인 절차를 거쳐 즉시 계정 잠금을 해제합니다.
3. **로그온 정보 갱신:** 계정 잠금 해제 후에는 반드시 사용 중인 PC에 캐시된 이전 로그온 정보를 갱신해야 합니다.

이 세 가지 방법 중 편하신 방법을 선택하여 진행해 주시기 바랍니다. 혹시 이 과정에서 추가적인 도움이 필요하시면 언제든지 다시 문의해 주십시오.",0.454079341633778,0.341750310335297,0.4210526315789473,0
Active Directory 계정 잠김 해결,Context_Summarized,1,2,289,510,799,5.765042856000036,"Active Directory 계정 잠김 문제 해결을 위해 [참고 문서]에 명시된 절차를 단계별로 안내해 드리겠습니다.

비밀번호 5회 오류로 인해 AD 계정이 잠긴 경우, 다음 두 가지 방법 중 하나를 선택하여 조치하실 수 있습니다.

**방법 1: HR 포털을 통한 계정 잠금 해제**

1. 사내 HR 포털에 접속합니다.
2. '본인인증 기반 계정 잠금 해제' 페이지를 찾습니다.
3. 해당 페이지에서 계정 잠금 해제 절차를 진행합니다.

**방법 2: IT 헬프데스크를 통한 계정 잠금 해제**

1. IT 헬프데스크로 전화합니다. (내선 번호: 1111)
2. 상담원에게 본인의 사번과 신원 확인을 요청합니다.
3. 신원 확인 절차를 완료한 후, 상담원의 안내에 따라 계정 잠금을 즉시 해제합니다.

**중요 사항:**

* 계정 잠금 해제 후에는 반드시 사용하시는 PC에 캐시된 이전 로그온 정보를 갱신해 주셔야 합니다.

이 절차대로 진행해 보시고, 만약 추가적인 문제가 발생하거나 위의 방법으로 해결되지 않는다면 다시 알려주십시오.",0.5540886942056997,0.346826661509033,0.5,0
Active Directory 계정 잠김 해결,Max_Chunks,6,2,221,676,897,4.4325815020001755,"Active Directory 계정 잠김 문제에 대해 문의 주셨습니다. 제공해주신 [참고 문서]를 바탕으로 계정 잠금을 해제하는 방법을 단계별로 안내해 드리겠습니다.

**Active Directory 계정 잠금 해제 방법**

1. **HR 포털 이용:** 사내 HR 포털의 '본인인증 기반 계정 잠금 해제' 페이지를 방문하여 잠금을 해제할 수 있습니다.
2. **IT 헬프데스크 문의:** IT 헬프데스크(내선 1111)로 전화하여 사번과 신원 확인 후 즉시 계정 잠금을 해제할 수 있습니다.
3. **로그온 정보 갱신:** 계정 잠금 해제 후에는 반드시 PC에 캐시된 이전 로그온 정보를 갱신해야 합니다.

이 세 가지 방법 중 편하신 방법을 선택하여 조치해 주시기 바랍니다. 혹시 이 방법들을 시도하신 후에도 문제가 해결되지 않거나 다른 도움이 필요하시면 다시 말씀해 주십시오.",0.3930320318600605,0.3318855078966014,0.4210526315789473,0
Active Directory 계정 잠김 해결,High_Noise,4,2,283,619,902,5.659065908999764,"고객님, Active Directory 계정 잠김 해제와 관련하여 문의 주셨습니다. 제공해주신 [참고 문서]를 바탕으로 계정 잠금을 해제하는 방법을 단계별로 안내해 드리겠습니다.

비밀번호 5회 오류로 인한 AD 계정 잠김을 해제하는 방법은 두 가지가 있습니다.

**해결 방법 1: 사내 HR 포털 이용**

1.  사내 HR 포털에 접속합니다.
2.  '본인인증 기반 계정 잠금 해제' 페이지로 이동합니다.
3.  해당 페이지에서 계정 잠금을 해제하는 절차를 진행합니다.

**해결 방법 2: IT 헬프데스크 전화 문의**

1.  IT 헬프데스크(내선 1111)로 전화합니다.
2.  사번과 신원 확인 절차를 거칩니다.
3.  신원 확인 후 즉시 계정 잠금을 해제합니다.

**중요 사항:**
계정 잠금 해제 후에는 반드시 PC에 캐시된 이전 로그온 정보를 갱신해야 합니다.

이 두 가지 방법 중 편하신 방법을 선택하여 진행해 주시기 바랍니다. 추가로 궁금한 점이 있으시면 언제든지 말씀해 주십시오.",0.5426020702877186,0.3975213208879772,0.5,0
Active Directory 계정 잠김 해결,Ranking_Swapped,4,2,234,619,853,4.685414046000005,"Active Directory 계정 잠김 문제에 대해 안내해 드리겠습니다.

제공해주신 [참고 문서]에 따르면, 비밀번호 5회 오류로 인한 AD 계정 잠김을 해제하는 방법은 다음과 같습니다.

1. **사내 HR 포털 접속:** 사내 HR 포털에 접속합니다.
2. **계정 잠금 해제 페이지 이동:** '본인인증 기반 계정 잠금 해제' 페이지로 이동합니다.
3. **잠금 해제 조치:** 해당 페이지에서 계정 잠금을 해제하는 절차를 진행합니다.
4. **로그온 정보 갱신:** 계정 잠금 해제 후에는 반드시 PC에 캐시된 이전 로그온 정보를 갱신해야 합니다.

만약 위 방법으로 해결되지 않거나 추가적인 도움이 필요하시면, IT 헬프데스크(내선 1111)로 전화하여 사번과 신원 확인 후 즉시 해제 요청을 하실 수도 있습니다.

이 안내대로 진행해 보시고, 문제가 해결되지 않으면 다시 알려주시기 바랍니다.",0.5814975887659438,0.4133988805364896,0.631578947368421,0
Active Directory 계정 잠김 해결,Short_History,2,2,231,529,760,4.61214094099978,"안녕하세요. Active Directory 계정 잠김 문제에 대해 문의주셨군요. 제공해주신 [참고 문서]를 바탕으로 계정 잠금을 해제하는 방법을 단계별로 안내해 드리겠습니다.

**Active Directory 계정 잠금 해제 방법**

1. **HR 포털 이용:** 사내 HR 포털의 '본인인증 기반 계정 잠금 해제' 페이지를 방문하여 잠금을 해제해 주세요.
2. **IT 헬프데스크 문의:** IT 헬프데스크(내선 1111)로 전화하여 사번과 신원 확인을 거친 후 즉시 계정 잠금을 해제해 달라고 요청해 주세요.
3. **로그온 정보 갱신:** 계정 잠금 해제 후에는 반드시 사용하시는 PC에 캐시된 이전 로그온 정보를 갱신해 주셔야 합니다.

이 세 가지 방법 중 편하신 방법을 선택하여 조치해 주시면 됩니다. 혹시 이 방법들을 시도하신 후에도 문제가 해결되지 않거나 다른 도움이 필요하시면 다시 말씀해 주세요.",0.3501258764297895,0.323299219537229,0.4210526315789473,0
Active Directory 계정 잠김 해결,Long_History,2,6,198,635,833,3.9698751890000494,"Active Directory 계정 잠김 문제에 대해 안내해 드리겠습니다.

제공된 [참고 문서]에 따르면, 비밀번호 5회 오류로 인해 AD 계정이 잠긴 경우 다음과 같은 방법으로 해제할 수 있습니다.

1. **HR 포털 이용:** 사내 HR 포털의 '본인인증 기반 계정 잠금 해제' 페이지에서 계정을 해제할 수 있습니다.
2. **IT 헬프데스크 문의:** IT 헬프데스크(내선 1111)로 전화하여 사번과 신원 확인 후 즉시 해제 요청을 할 수 있습니다.

**중요 사항:** 계정 잠금 해제 후에는 반드시 PC에 캐시된 이전 로그온 정보를 갱신해야 합니다.

이 두 가지 방법 중 편하신 방법을 선택하여 조치해 보시기 바랍니다. 추가로 궁금한 점이 있으시면 언제든지 말씀해 주세요.",0.876713560713353,0.4301871718998852,0.6666666666666666,0
Active Directory 계정 잠김 해결,Forced_JSON_Format,2,2,160,555,715,3.206470655999965,"```json
{
  ""status"": ""success"",
  ""topic"": ""Active Directory 계정 잠김 해제 방법"",
  ""solution_steps"": [
    ""사내 HR 포털의 '본인인증 기반 계정 잠금 해제' 페이지로 이동합니다."",
    ""해당 페이지에서 계정 잠금을 해제하는 절차를 진행합니다."",
    ""또는, IT 헬프데스크(내선 1111)로 전화하여 사번과 신원 확인 후 즉시 계정 잠금을 해제 요청합니다."",
    ""계정 잠금 해제 후에는 반드시 PC에 캐시된 이전 로그온 정보를 갱신해야 합니다.""
  ]
}
```",0.8307086260998853,0.7014481303203652,0.7692307692307692,1
Active Directory 계정 잠김 해결,Hallucination_Defense,3,2,156,524,680,3.1244051319999926,"죄송합니다. 제공해주신 [참고 문서]에는 Active Directory 계정 잠김 해결 방법이나, 메시지가 떴을 때 따라야 할 구체적인 처리 순서에 대한 정보가 포함되어 있지 않습니다.

제공된 문서의 내용은 다음과 같습니다:
*   사내 동호회 지원금 신청 방법 및 지원 한도
*   Visual Studio Code 테마 변경 방법
*   사내 도서관 위치 및 대출 규정

Active Directory 계정 잠김 문제에 대해 정확한 해결책을 드리기 위해서는 해당 문제에 대한 관련 가이드 문서를 제공해 주시거나, 어떤 종류의 메시지가 뜨는지 자세히 설명해 주시면 제가 아는 범위 내에서 도움을 드릴 수 있습니다.",0.2819124501132107,0.1527075693701108,0.0,0
Active Directory 계정 잠김 해결,Mixed_Stress_Test,6,6,89,794,883,1.8136801040000137,"```json
{
  ""해결_방법"": [
    ""사내 HR 포털의 '본인인증 기반 계정 잠금 해제' 페이지로 이동합니다."",
    ""해당 페이지에서 AD 계정 잠금을 해제합니다."",
    ""잠금 해제 후에는 반드시 PC에 캐시된 이전 로그온 정보를 갱신해야 합니다.""
  ]
}
```",0.5884630783778843,0.2582074037571145,0.1428571428571428,1
VS Code Pylance 확장 프로그램 오류,Baseline,3,2,274,470,744,5.463716040000236,"VS Code Pylance 확장 프로그램 관련하여 안내해 드린 [참고 문서]를 바탕으로, 메시지가 나타날 때 정확하게 조치하실 수 있는 방법을 단계별로 안내해 드리겠습니다.

Pylance 관련 오류 해결을 위해 다음 두 가지 방법 중 하나를 시도해 보시기 바랍니다.

**방법 1: VS Code 창 다시 로드 (Reload Window)**

1.  VS Code에서 **Ctrl + Shift + P**를 눌러 명령 팔레트를 엽니다.
2.  명령 팔레트에 **`Developer: Reload Window`**를 입력하고 선택하여 실행합니다.

**방법 2: Python 언어 서버 재지정**

1.  VS Code 설정(Settings)을 엽니다. (단축키: **Ctrl + ,**)
2.  설정 검색창에 **`Python: Language Server`**를 검색합니다.
3.  해당 설정 항목을 찾아 현재 설정된 값이 **`None`**으로 되어 있다면, 이를 **`Pylance`**로 재지정합니다.

위 두 가지 방법 중 하나를 시도해 보시고 문제가 해결되는지 확인해 주십시오. 만약 이 방법들로도 해결되지 않으면, 추가적인 정보를 제공해 주시면 확인해 보겠습니다.",0.2167400160588291,0.2132429525273902,0.3,0
VS Code Pylance 확장 프로그램 오류,Context_Summarized,1,2,268,495,763,5.339400728000328,"VS Code Pylance 확장 프로그램 오류 해결을 위해 [참고 문서]에 안내된 절차를 단계별로 설명해 드리겠습니다.

Pylance 언어 서버 오류가 발생했을 때 시도해 볼 수 있는 두 가지 해결 방법이 있습니다.

**방법 1: VS Code 창 다시 로드 (Reload Window)**

1.  VS Code를 엽니다.
2.  키보드에서 **Ctrl + Shift + P**를 눌러 명령 팔레트를 엽니다.
3.  명령 팔레트에 **'Developer: Reload Window'**를 입력하고 선택하여 실행합니다.

**방법 2: Python 언어 서버 재지정**

1.  VS Code 설정(Settings)을 엽니다. (단축키: **Ctrl + ,**)
2.  설정 검색창에 **`Python: Language Server`**를 검색합니다.
3.  해당 설정 항목을 찾아 현재 설정이 **`None`**으로 되어 있다면, 이를 **`Pylance`**로 재지정합니다.

위 두 가지 방법 중 하나를 시도해 보시고 문제가 해결되는지 확인해 주시기 바랍니다. 만약 이 방법들로도 해결되지 않으면 다시 알려주십시오.",0.316514601586446,0.2349858244783852,0.2926829268292683,0
VS Code Pylance 확장 프로그램 오류,Max_Chunks,6,2,259,660,919,5.177059164999719,"VS Code Pylance 확장 프로그램 관련하여 메시지가 뜬다는 상황에 대해, 제공해주신 [참고 문서]를 바탕으로 해결 방법을 단계별로 안내해 드리겠습니다.

Pylance 관련 오류 해결을 위해 다음 두 가지 방법 중 하나를 시도해 보시기 바랍니다.

**방법 1: VS Code 창 다시 로드**

1.  `Ctrl` + `Shift` + `P` 키를 눌러 명령 팔레트를 엽니다.
2.  `Developer: Reload Window`를 입력하고 해당 명령을 실행합니다.

**방법 2: Python 언어 서버 재지정**

1.  VS Code 설정(Settings)을 엽니다. (`Ctrl` + `,` 키를 누르세요.)
2.  설정 검색창에 `Python: Language Server`를 검색합니다.
3.  해당 설정 항목을 찾아 현재 설정이 `None`으로 되어 있다면, 이를 `Pylance`로 재지정합니다.

위의 두 가지 방법 중 하나를 시도해 보시고 문제가 해결되는지 확인해 주십시오. 만약 이 방법들로도 해결되지 않는다면, 추가적인 정보를 알려주시면 확인해 보겠습니다.",0.2161641831732519,0.2153144701383319,0.3333333333333332,0
VS Code Pylance 확장 프로그램 오류,High_Noise,4,2,201,603,804,4.021542222999869,"VS Code에서 파이썬 import 구문이 흰색으로 변하거나 자동완성이 먹통이 되는 경우 Pylance 언어 서버 오류에 대한 해결 방법을 안내해 드리겠습니다.

다음은 [참고 문서]에 명시된 해결 방법입니다.

1. **'Developer: Reload Window' 실행:**
    * `Ctrl+Shift+P`를 눌러 명령 팔레트를 엽니다.
    * 검색창에 `Developer: Reload Window`를 입력하고 해당 명령을 실행합니다.

2. **Python: Language Server 재지정:**
    * 설정(Settings)을 엽니다. (`Ctrl+,`를 누르세요.)
    * 설정 검색창에 `Python: Language Server`를 검색합니다.
    * 해당 설정을 **None**에서 **Pylance**로 재지정합니다.

위 두 가지 방법 중 하나 또는 모두를 시도해 보시면 문제가 해결될 수 있습니다.",0.4687937115317532,0.3969206499344341,0.25,0
VS Code Pylance 확장 프로그램 오류,Ranking_Swapped,4,2,198,603,801,3.959749550000197,"VS Code에서 파이썬 import 구문이 흰색으로 변하거나 자동완성이 먹통이 되는 경우 Pylance 언어 서버 오류에 대한 해결 방법을 안내해 드리겠습니다.

다음은 참고 문서에 명시된 해결 방법입니다.

1. **'Developer: Reload Window' 실행:**
    * `Ctrl+Shift+P`를 눌러 명령 팔레트를 엽니다.
    * 검색창에 `Developer: Reload Window`를 입력하고 해당 명령을 실행합니다.

2. **Python: Language Server 재지정:**
    * 설정(Settings)을 엽니다. (`Ctrl+,`를 누르세요.)
    * 설정 검색창에 `Python: Language Server`를 검색합니다.
    * 해당 설정을 **None**에서 **Pylance**로 재지정합니다.

위 두 가지 방법 중 하나 또는 모두를 시도해 보시면 문제가 해결될 수 있습니다.",0.3824731395227713,0.3980458455660025,0.25,0
VS Code Pylance 확장 프로그램 오류,Short_History,2,2,195,513,708,3.892534921999868,"VS Code Pylance 확장 프로그램 관련하여 안내해 드리겠습니다.

사용자님께서 겪고 계신 '파이썬 import 구문이 흰색으로 변하거나 자동완성이 먹통이 되는 경우'와 같은 Pylance 관련 오류에 대한 해결 방법은 다음과 같습니다.

**해결 방법:**

1. **창 다시 로드:** `Ctrl+Shift+P`를 눌러 명령 팔레트를 연 후, **'Developer: Reload Window'**를 실행합니다.
2. **언어 서버 재지정:** 설정(`Ctrl+,`)으로 이동하여 **Python: Language Server** 설정을 찾아 **None**에서 **Pylance**로 재지정합니다.

이 두 가지 방법 중 하나를 시도해 보시면 문제가 해결될 수 있습니다.

혹시 이 단계를 따라 하신 후에도 문제가 지속되거나 다른 오류 메시지가 나타난다면 다시 알려주시기 바랍니다.",0.4129369058524889,0.4051585068177933,0.3846153846153846,0
VS Code Pylance 확장 프로그램 오류,Long_History,2,6,239,619,858,4.779027831999883,"VS Code Pylance 확장 프로그램 관련 문제 해결을 위해 [참고 문서]에 안내된 해결 방법을 단계별로 안내해 드리겠습니다.

**VS Code Pylance 오류 해결 단계:**

1. **창 다시 로드 (Reload Window) 실행:**
    * VS Code에서 `Ctrl + Shift + P`를 눌러 명령 팔레트를 엽니다.
    * 검색창에 `Developer: Reload Window`를 입력하고 해당 명령을 선택하여 VS Code 창을 다시 로드합니다.

2. **Python: Language Server 재지정:**
    * VS Code 설정(Settings)을 엽니다. (`Ctrl + ,`를 누르거나 파일 > 기본 설정 > 설정으로 이동)
    * 설정 검색창에 `Python: Language Server`를 검색합니다.
    * 해당 설정 항목을 찾아 현재 값이 `None`으로 되어 있다면, 이를 **`Pylance`**로 재지정해 줍니다.

위 두 단계를 순서대로 진행해 보시고 문제가 해결되는지 확인해 주시기 바랍니다. 만약 이 방법으로도 해결되지 않으면 다시 알려주세요.",0.2159808529272274,0.21341756245674,0.3076923076923076,0
VS Code Pylance 확장 프로그램 오류,Forced_JSON_Format,2,2,133,539,672,2.669278009000209,"```json
{
  ""status"": ""success"",
  ""topic"": ""VS Code Pylance 확장 프로그램 오류 해결"",
  ""solution_steps"": [
    ""1. VS Code에서 Ctrl+Shift+P를 눌러 명령 팔레트를 엽니다."",
    ""2. 명령 팔레트에서 'Developer: Reload Window'를 검색하여 실행합니다."",
    ""또는"",
    ""3. 설정(Ctrl+,)으로 이동하여 'Python: Language Server' 설정을 찾아 'None'에서 'Pylance'로 재지정합니다.""
  ]
}
```",0.8889458516716227,0.5850529664909291,0.8235294117647058,1
VS Code Pylance 확장 프로그램 오류,Hallucination_Defense,3,2,166,526,692,3.3207790569999815,"제공해주신 [참고 문서]를 확인했습니다. 하지만 현재 사용자님께서 문의하신 내용은 **VS Code Pylance 확장 프로그램 오류**에 대한 것이며, 제공된 참고 문서는 **사내 동호회 지원금 신청, VS Code 테마 변경 방법, 사내 도서관 이용 방법**에 대한 내용입니다.

제공된 문서에는 VS Code Pylance 확장 프로그램 오류에 대한 해결 방법이나 매뉴얼이 포함되어 있지 않습니다.

따라서, 제공된 문서에 근거하여 해당 문제에 대한 해결책을 안내해 드릴 수 없습니다.

혹시 VS Code Pylance 오류와 관련하여 다른 기술적인 질문이 있으시다면, 제가 지원할 수 있는 범위 내에서 다시 문의해 주시면 최선을 다해 도와드리겠습니다.",0.6753738929845174,0.1490435163676612,0.0,0
VS Code Pylance 확장 프로그램 오류,Mixed_Stress_Test,6,6,197,778,975,3.954524843999934,"```json
{
  ""해결책"": [
    {
      ""단계"": 1,
      ""설명"": ""VS Code에서 파이썬 import 구문이 흰색으로 변하거나 자동완성이 먹통이 되는 경우, Pylance 언어 서버 오류를 해결하기 위해 'Developer: Reload Window'를 실행합니다."",
      ""조치방법"": ""Ctrl+Shift+P를 누른 후 'Developer: Reload Window'를 실행합니다.""
    },
    {
      ""단계"": 2,
      ""설명"": ""위 방법으로 해결되지 않을 경우, 설정에서 Python: Language Server 설정을 Pylance로 재지정합니다."",
      ""조치방법"": ""설정(Ctrl+,)으로 이동하여 Python: Language Server 설정을 'None'에서 'Pylance'로 재지정합니다.""
    }
  ]
}
```",0.5164451809109945,0.3829669147698089,0.2162162162162162,1
Zoom/Teams 마이크 권한 거부,Baseline,3,2,259,467,726,5.166864762999921,"Zoom 또는 Teams 마이크 권한 문제 해결을 위해 제공해주신 [참고 문서]를 바탕으로 macOS에서 확인해야 할 조치 방법을 단계별로 안내해 드리겠습니다.

마이크 및 카메라가 작동하지 않을 때 확인해야 할 조치 방법은 다음과 같습니다.

1. **시스템 설정 확인:**
    * **[시스템 설정]**을 엽니다.
    * **[개인정보 보호 및 보안]**으로 이동합니다.
    * **[마이크 / 카메라]** 항목을 확인합니다.
    * 해당 목록에서 사용하려는 Zoom 또는 Teams 앱의 토글 스위치가 **켜져 있는지(활성화되어 있는지)** 확인해 주세요.

2. **목록에 앱이 없는 경우 (TCC 데이터베이스 초기화):**
    * 만약 위 목록에 Zoom 또는 Teams 앱이 보이지 않는다면, TCC 데이터베이스를 초기화해야 합니다.
    * **[터미널]**을 실행합니다.
    * 다음 명령어를 입력하고 실행합니다: `tccutil reset Microphone`

위 단계를 순서대로 진행하시면 마이크 권한 문제가 해결될 수 있습니다. 진행하시다가 추가적인 문제가 발생하면 다시 알려주십시오.",0.7455613247928188,0.3135119680201083,0.5263157894736842,0
Zoom/Teams 마이크 권한 거부,Context_Summarized,1,2,280,492,772,5.580161545999999,"Zoom 또는 Teams 마이크 권한 거부 문제를 해결하기 위한 절차를 안내해 드리겠습니다. 제공해주신 [참고 문서]에 따라 macOS 환경에서 확인해야 할 사항과 조치 방법을 단계별로 설명드리겠습니다.

**Zoom/Teams 마이크 권한 거부 해결 단계:**

1. **시스템 설정 확인:**
    * **[시스템 설정]**을 엽니다.
    * **[개인정보 보호 및 보안]**으로 이동합니다.
    * **[마이크 / 카메라]** 항목을 선택합니다.
    * 이 목록에서 사용하려는 Zoom 또는 Teams 앱의 토글 스위치가 **켜져 있는지(활성화되어 있는지)** 확인해 주세요.

2. **앱 목록에 없을 경우 (TCC 데이터베이스 초기화):**
    * 만약 위 1단계에서 해당 앱이 목록에 보이지 않는다면, TCC 데이터베이스를 초기화해야 합니다.
    * **[터미널]** 앱을 실행합니다.
    * 다음 명령어를 입력하고 **[Enter]** 키를 누릅니다:
      ```
      tccutil reset Microphone
      ```

위의 단계를 순서대로 진행하시면 마이크 권한 문제가 해결될 수 있습니다. 진행하시다가 추가적인 문제가 발생하면 다시 알려주십시오.",0.8124267811949678,0.2663153572212938,0.4761904761904761,0
Zoom/Teams 마이크 권한 거부,Max_Chunks,6,2,266,657,923,5.3182449430000815,"사용자님께서 겪고 계신 Zoom/Teams 마이크 권한 거부 문제에 대해 [참고 문서]를 바탕으로 해결 방법을 안내해 드리겠습니다.

macOS 환경에서 Zoom 또는 Teams의 마이크 및 카메라가 작동하지 않을 때 시도해 볼 수 있는 조치 방법은 다음과 같습니다.

1. **시스템 설정 확인:**
    * **[시스템 설정]**을 엽니다.
    * **[개인정보 보호 및 보안]**으로 이동합니다.
    * **[마이크 / 카메라]** 항목을 확인하여 해당 앱(Zoom 또는 Teams)의 토글 스위치가 켜져 있는지 확인합니다.
    * 만약 해당 앱이 목록에 없다면, **TCC 데이터베이스 초기화**가 필요합니다.

2. **TCC 데이터베이스 초기화 (앱이 목록에 없을 경우):**
    * 터미널을 열고 다음 명령어를 입력하여 마이크 관련 TCC 데이터베이스를 초기화합니다.
      ```bash
      tccutil reset Microphone
      ```

위 단계를 순서대로 따라 해 보시고 문제가 해결되는지 확인해 주시기 바랍니다.

혹시 이 방법으로 해결되지 않거나 다른 문제가 발생하면 다시 알려주십시오.",0.6637184434087988,0.3758824150295663,0.4761904761904761,0
Zoom/Teams 마이크 권한 거부,High_Noise,4,2,181,600,781,3.628356230999998,"고객님께서 문의하신 내용과 제공해주신 [참고 문서]를 확인했습니다.

하지만, 현재 고객님께서 문의하신 내용은 **Zoom/Teams 마이크 권한 거부 문제**에 대한 것이지만, 제공해주신 [참고 문서]의 내용은 **동호회 지원금 신청, macOS 마이크/카메라 권한 설정, Visual Studio Code 테마 변경, 사내 도서관 이용 안내** 등과 관련되어 있습니다.

따라서, **제공된 문서만으로는 Zoom/Teams 마이크 권한 거부 문제에 대한 정확한 해결책을 안내해 드릴 수 없습니다.**

혹시 Zoom/Teams 마이크 권한 문제에 대해 다시 문의해주시거나, 해당 문제와 관련된 다른 참고 문서를 제공해주시면, 제가 그 문서에 근거하여 신속하고 정확하게 해결 방법을 안내해 드리겠습니다.",0.2961742558384814,0.2277364614293551,0.6666666666666666,0
Zoom/Teams 마이크 권한 거부,Ranking_Swapped,4,2,222,600,822,4.4408075699998335,"사용자님께서 겪고 계신 Zoom/Teams 마이크 권한 문제에 대해 [참고 문서]를 바탕으로 안내해 드리겠습니다.

macOS 환경에서 Zoom 또는 Teams의 마이크 및 카메라가 작동하지 않을 때 확인해야 할 사항은 다음과 같습니다.

1. **시스템 설정 확인:**
    * **시스템 설정**을 엽니다.
    * **개인정보 보호 및 보안**으로 이동합니다.
    * **마이크 / 카메라** 항목을 확인하여 해당 앱(Zoom 또는 Teams)의 토글 스위치가 켜져 있는지 확인합니다.

2. **목록에 앱이 없는 경우 (TCC 데이터베이스 초기화):**
    * 만약 위 목록에 해당 앱이 보이지 않는다면, 다음 명령어를 사용하여 TCC 데이터베이스를 초기화해야 합니다.
    * 터미널을 열고 다음 명령어를 입력하여 실행합니다: `tccutil reset Microphone`

위 단계를 순서대로 따라 해 보시고 문제가 해결되는지 확인해 주시기 바랍니다.",0.6562718757674448,0.3857051091749428,0.5263157894736842,0
Zoom/Teams 마이크 권한 거부,Short_History,2,2,292,510,802,5.820695397000236,"안녕하세요. Zoom/Teams 마이크 권한 문제에 대해 안내해 드리겠습니다. 제공해주신 [참고 문서]를 바탕으로 macOS 환경에서 마이크 권한 문제를 해결하는 단계를 안내해 드리겠습니다.

**macOS에서 Zoom 또는 Teams의 마이크 및 카메라가 작동하지 않을 때 확인 및 조치 방법:**

1. **시스템 설정 확인:**
    * **[시스템 설정]**을 엽니다.
    * **[개인정보 보호 및 보안]**으로 이동합니다.
    * **[마이크 / 카메라]** 항목을 확인합니다.
    * 해당 목록에서 사용하려는 Zoom 또는 Teams 앱의 토글 스위치가 **켜져 있는지** 확인해 주세요.

2. **앱 목록에 없을 경우 (TCC 데이터베이스 초기화):**
    * 만약 위 1번 단계에서 해당 앱이 목록에 보이지 않는다면, 다음 명령어를 사용하여 TCC 데이터베이스를 초기화해야 합니다.
    * **[터미널]** 앱을 실행합니다.
    * 다음 명령어를 입력하고 **Enter** 키를 누릅니다:
      ```
      tccutil reset Microphone
      ```

위 단계를 순서대로 진행해 보시고, 문제가 해결되는지 확인해 주시기 바랍니다. 만약 이 방법으로도 해결되지 않거나 다른 문제가 발생하면 다시 알려주세요.",0.7812976825254179,0.352283921496173,0.4545454545454545,0
Zoom/Teams 마이크 권한 거부,Long_History,2,6,286,616,902,5.713425881999683,"사용자님께서 겪고 계신 Zoom/Teams 마이크 권한 거부 문제에 대해 [참고 문서]를 바탕으로 해결 방법을 단계별로 안내해 드리겠습니다.

macOS 환경에서 마이크 권한 문제를 해결하기 위한 조치 순서는 다음과 같습니다.

**1단계: 시스템 설정에서 앱 권한 확인**

1.  **시스템 설정**을 엽니다.
2.  **개인정보 보호 및 보안**으로 이동합니다.
3.  **마이크 / 카메라** 항목을 선택합니다.
4.  목록에서 사용하려는 **Zoom 또는 Teams 앱**의 토글 스위치가 켜져 있는지 확인합니다.

**2단계: TCC 데이터베이스 초기화 (앱 목록에 없을 경우)**

만약 1단계에서 해당 앱이 목록에 보이지 않는다면, TCC 데이터베이스를 초기화해야 합니다.

1.  **터미널(Terminal)** 애플리케이션을 실행합니다.
2.  다음 명령어를 정확하게 입력하고 **Enter** 키를 누릅니다.
    ```
    tccutil reset Microphone
    ```

위의 두 단계를 순서대로 진행해 보시고, 문제가 해결되었는지 확인해 주시기 바랍니다. 만약 이 방법으로도 해결되지 않거나 다른 문제가 발생하면 다시 알려주십시오.",0.5990034618222995,0.2594583490225347,0.3846153846153846,0
Zoom/Teams 마이크 권한 거부,Forced_JSON_Format,2,2,155,536,691,3.1070807209998748,"```json
{
  ""status"": ""success"",
  ""topic"": ""Zoom/Teams 마이크 권한 문제 해결"",
  ""solution_steps"": [
    ""1. [시스템 설정]을 엽니다."",
    ""2. [개인정보 보호 및 보안]으로 이동합니다."",
    ""3. [마이크 / 카메라] 항목을 확인합니다."",
    ""4. 해당 앱(Zoom 또는 Teams)의 토글 스위치가 켜져 있는지 확인합니다."",
    ""5. 만약 앱이 목록에 없다면, TCC 데이터베이스 초기화를 위해 터미널에서 다음 명령어를 실행합니다: `tccutil reset Microphone`""
  ]
}
```",0.9160913352105292,0.5835492939918924,0.7058823529411765,1
Zoom/Teams 마이크 권한 거부,Hallucination_Defense,3,2,128,528,656,2.5696692970000186,"죄송합니다. 제공해주신 [참고 문서]에는 Zoom/Teams 마이크 권한 거부 문제에 대한 정보가 포함되어 있지 않습니다.

제공된 문서의 내용은 다음과 같습니다:
*   사내 동호회 지원금 신청 관련 안내
*   Visual Studio Code 테마 변경 방법
*   사내 도서관 이용 안내

따라서 현재 문의하신 Zoom/Teams 마이크 권한 거부 문제에 대해서는 제가 안내해 드릴 수 없습니다. 해당 문제는 IT 지원팀에 별도로 문의하시거나, 관련 기술 지원 문서를 확인해 보시는 것을 권장드립니다.",0.4437312062160808,0.1663567644351073,0.0,0
Zoom/Teams 마이크 권한 거부,Mixed_Stress_Test,6,6,138,775,913,2.784882099999777,"```json
{
  ""해결책"": [
    ""1. macOS의 '시스템 설정'을 엽니다."",
    ""2. '개인정보 보호 및 보안' 메뉴로 이동합니다."",
    ""3. '마이크 / 카메라' 항목을 선택합니다."",
    ""4. 해당 목록에서 Zoom 또는 Teams 앱의 토글 스위치가 켜져 있는지 확인합니다."",
    ""5. 만약 해당 앱이 목록에 없다면, 터미널을 열고 다음 명령어를 입력하여 TCC 데이터베이스를 초기화합니다: `tccutil reset Microphone`""
  ]
}
```",0.3882537606593701,0.2525452181988797,0.2727272727272727,1
Windows 11 BitLocker 복구 키 요구,Baseline,3,2,252,466,718,5.027471886000058,"안녕하세요. Windows 11 BitLocker 복구 키 요구 문제에 대해 안내해 드리겠습니다.

제공해주신 [참고 문서]에 따르면, 하드웨어 변경이나 BIOS 업데이트 후 BitLocker 복구 키 화면이 나타날 경우, 다음 절차에 따라 복구 키를 조회하여 입력해야 부팅이 가능합니다.

**BitLocker 복구 키 조회 및 입력 단계:**

1. **Microsoft Azure AD 포털 접속:** 웹 브라우저를 열고 회사의 Microsoft Azure AD 포털([myaccount.microsoft.com](http://myaccount.microsoft.com))에 로그인합니다.
2. **장치 탭 확인:** 로그인 후 **장치(Devices)** 탭으로 이동합니다.
3. **디바이스 검색 및 키 조회:** 해당 디바이스를 찾아 **48자리 복구 키**를 조회합니다.
4. **복구 키 입력:** 조회된 48자리 복구 키를 화면에 정확하게 입력하여 부팅을 진행합니다.

이 절차를 따라 진행하시면 문제를 해결하실 수 있을 것입니다. 혹시 이 과정 중 특정 단계에서 어려움이 있으시면 다시 말씀해 주십시오.",0.4148870587513851,0.427877737092582,0.411764705882353,0
Windows 11 BitLocker 복구 키 요구,Context_Summarized,1,2,280,494,774,5.579406353000195,"안녕하세요. Windows 11 BitLocker 복구 키 요구 문제에 대해 안내해 드리겠습니다.

제공해주신 [참고 문서]에 따라, 하드웨어 변경이나 BIOS 업데이트 후 BitLocker 복구 키 화면이 나타날 경우, Microsoft Azure AD 포털에서 복구 키를 조회하여 입력해야 부팅이 가능합니다.

다음은 해당 절차를 따르는 단계별 안내입니다.

1. **Microsoft Azure AD 포털 접속:** 웹 브라우저를 열고 [myaccount.microsoft.com](http://myaccount.microsoft.com)으로 이동하여 로그인합니다.
2. **장치 탭으로 이동:** 로그인 후, **장치(Devices)** 탭을 찾아서 클릭합니다.
3. **디바이스 검색 및 선택:** 해당 디바이스를 검색하거나 목록에서 원하는 장치를 선택합니다.
4. **복구 키 조회:** 선택한 디바이스 정보 내에서 **48자리 복구 키**를 조회합니다.
5. **복구 키 입력:** 조회된 48자리 복구 키를 화면에 정확하게 입력하여 부팅을 진행합니다.

이 절차를 통해 복구 키를 확인하신 후 문제를 해결하실 수 있을 것입니다. 진행하시다가 추가적인 문제가 발생하면 언제든지 다시 문의해 주십시오.",0.3508611604856014,0.3918144467503305,0.411764705882353,0
Windows 11 BitLocker 복구 키 요구,Max_Chunks,6,2,260,656,916,5.195802022999942,"안녕하세요. Windows 11 BitLocker 복구 키 요구 문제로 어려움을 겪고 계시는군요. 제공해주신 [참고 문서]를 바탕으로 해당 상황에 대한 해결 방법을 안내해 드리겠습니다.

하드웨어 변경이나 BIOS 업데이트 후 BitLocker 복구 키 화면이 나타나는 경우, 다음 단계를 따라 복구 키를 조회하여 입력하시면 부팅이 가능합니다.

**BitLocker 복구 키 조회 및 입력 단계:**

1. **Microsoft Azure AD 포털 접속:** 회사의 Microsoft Azure AD 포털([myaccount.microsoft.com](http://myaccount.microsoft.com))에 로그인합니다.
2. **장치 탭 확인:** 로그인 후 **장치** 탭으로 이동합니다.
3. **복구 키 조회:** 해당 디바이스에 연결된 정보를 확인하고 **48자리 복구 키**를 조회합니다.
4. **키 입력:** 조회된 48자리 복구 키를 화면에 정확하게 입력하여 부팅을 진행합니다.

이 절차를 통해 문제를 해결하실 수 있기를 바랍니다. 혹시 이 단계를 진행하시다가 추가적인 문제가 발생하거나 다른 문의사항이 있으시면 언제든지 다시 연락 주십시오.",0.4137906501281548,0.4205002450340159,0.4242424242424242,0
Windows 11 BitLocker 복구 키 요구,High_Noise,4,2,409,599,1008,8.150212368000211,"고객님께서 문의하신 내용과 제공해주신 [참고 문서]를 확인했습니다.

사용자님의 질문이 **Windows 11 BitLocker 복구 키 요구 문제**에 관한 것이었으나, 제공해주신 [참고 문서]의 내용은 동호회 지원금 신청, BitLocker 복구 키 조회 방법, Visual Studio Code 테마 변경 방법, 사내 도서관 이용 안내 등과 관련되어 있어, **BitLocker 복구 키 문제에 대한 구체적인 해결 매뉴얼은 문서에서 찾을 수 없습니다.**

다만, [참고 문서]에 BitLocker 복구 키 관련하여 다음과 같은 내용이 언급되어 있습니다.

*   **하드웨어 변경이나 BIOS 업데이트 후 BitLocker 복구 키 화면이 나오는 경우,** 회사의 Microsoft Azure AD 포털(myaccount.microsoft.com)의 장치 탭에 로그인하여 해당 디바이스의 48자리 복구 키를 조회하여 입력해야 부팅이 가능합니다.

따라서, 현재 겪고 계신 상황이 **하드웨어 변경이나 BIOS 업데이트 후 복구 키를 요구하는 상황**이라면, 아래 단계를 따라 시도해 보시기 바랍니다.

**BitLocker 복구 키 조회 및 입력 단계:**

1.  회사의 Microsoft Azure AD 포털(myaccount.microsoft.com)에 로그인합니다.
2.  **장치 탭**으로 이동합니다.
3.  해당 디바이스를 찾아 로그인합니다.
4.  해당 디바이스의 **48자리 복구 키**를 조회합니다.
5.  조회된 복구 키를 화면에 입력하여 부팅을 시도합니다.

만약 이 방법으로 해결되지 않거나 다른 문제가 발생한다면, 추가적인 정보(예: 현재 화면에 표시되는 정확한 오류 메시지)를 알려주시면 다른 지원 방법을 찾아보겠습니다.",0.3848965394913259,0.3551018504539035,0.35,0
Windows 11 BitLocker 복구 키 요구,Ranking_Swapped,4,2,174,599,773,3.483823044000019,"사용자님께서 겪고 계신 상황에 대해 [참고 문서]를 바탕으로 안내해 드리겠습니다.

BitLocker 복구 키 화면이 나타났을 때 조치 방법은 다음과 같습니다.

1. **회사 Microsoft Azure AD 포털 접속:** 웹 브라우저를 열고 [myaccount.microsoft.com](http://myaccount.microsoft.com)으로 이동합니다.
2. **장치 탭으로 이동:** 로그인 후 '장치' 탭을 선택합니다.
3. **디바이스 확인 및 키 조회:** 해당 디바이스를 찾아 로그인하신 후, **48자리 복구 키**를 조회하여 입력하시면 부팅이 가능합니다.

이 절차를 따라 진행해 보시고, 혹시 추가적인 문제가 발생하면 다시 알려주시기 바랍니다.",0.2925540916186173,0.2389257950595979,0.2608695652173913,0
Windows 11 BitLocker 복구 키 요구,Short_History,2,2,236,509,745,4.704865032000271,"안녕하세요. Windows 11 BitLocker 복구 키 요구 문제에 대해 안내해 드리겠습니다.

제공해주신 [참고 문서]에 따르면, 하드웨어 변경이나 BIOS 업데이트 후 BitLocker 복구 키 화면이 나타나는 경우, 다음 절차를 따라 복구 키를 조회하여 입력해야 부팅이 가능합니다.

**BitLocker 복구 키 조회 및 입력 절차:**

1. **Microsoft Azure AD 포털 접속:** 회사의 Microsoft Azure AD 포털([myaccount.microsoft.com](http://myaccount.microsoft.com))에 로그인합니다.
2. **장치 탭 확인:** 로그인 후 **장치** 탭으로 이동합니다.
3. **복구 키 조회:** 해당 디바이스를 찾아 **48자리 복구 키**를 조회합니다.
4. **키 입력:** 조회된 48자리 복구 키를 화면에 정확하게 입력하여 부팅을 진행합니다.

이 절차를 따라 진행해 보시고, 만약 추가적인 문제가 발생하거나 이 방법으로 해결되지 않는다면 다시 알려주시기 바랍니다.",0.4773112264129858,0.4459488529331178,0.4242424242424242,0
Windows 11 BitLocker 복구 키 요구,Long_History,2,6,254,615,869,5.074784849000025,"사용자님께서 겪고 계신 Windows 11 BitLocker 복구 키 요구 문제에 대해, 제공된 [참고 문서]를 바탕으로 해결 방법을 안내해 드리겠습니다.

하드웨어 변경이나 BIOS 업데이트 후 BitLocker 복구 키 화면이 나타나는 경우, Microsoft Azure AD 포털에서 복구 키를 조회하여 입력해야 부팅이 가능합니다.

다음은 복구 키를 조회하고 입력하는 단계별 안내입니다.

1. **Microsoft Azure AD 포털 접속:** 웹 브라우저를 열고 [myaccount.microsoft.com](http://myaccount.microsoft.com)으로 접속합니다.
2. **장치 탭으로 이동:** 로그인 후, **장치** 탭을 찾아 이동합니다.
3. **디바이스 확인 및 키 조회:** 해당 디바이스를 선택하여 **48자리 복구 키**를 조회합니다.
4. **복구 키 입력:** 조회된 48자리 복구 키를 화면에 입력하여 부팅을 진행합니다.

이 절차를 따라 진행해 보시고, 만약 추가적인 문제가 발생하거나 이 방법으로 해결되지 않는다면 다시 알려주시기 바랍니다.",0.3678602743474702,0.4206251178027173,0.4375,0
Windows 11 BitLocker 복구 키 요구,Forced_JSON_Format,2,2,129,535,664,2.5901410980000037,"```json
{
  ""status"": ""success"",
  ""topic"": ""Windows 11 BitLocker 복구 키 요구 문제 해결"",
  ""solution_steps"": [
    ""1. 회사의 Microsoft Azure AD 포털(myaccount.microsoft.com)에 로그인합니다."",
    ""2. '장치' 탭으로 이동합니다."",
    ""3. 해당 디바이스의 48자리 복구 키를 조회합니다."",
    ""4. 조회된 복구 키를 화면에 입력하여 부팅을 진행합니다.""
  ]
}
```",0.857505407868239,0.613024180659752,0.7368421052631577,1
Windows 11 BitLocker 복구 키 요구,Hallucination_Defense,3,2,118,532,650,2.370102346999829,"죄송합니다. 제공해주신 [참고 문서]에는 Windows 11 BitLocker 복구 키 요구 문제에 대한 정보가 포함되어 있지 않습니다.

제공된 문서의 내용은 다음과 같습니다:
*   사내 동호회 지원금 신청 방법
*   Visual Studio Code 테마 변경 방법
*   사내 도서관 이용 안내

따라서, 해당 문제에 대한 해결책을 안내해 드릴 수 없습니다. 다른 IT 관련 문제나 참고 문서에 포함된 내용에 대해 질문해주시면 최선을 다해 도와드리겠습니다.",0.4388865613694744,0.1681144008790857,0.0,0
Windows 11 BitLocker 복구 키 요구,Mixed_Stress_Test,6,6,95,774,869,1.9309023730002082,"```json
{
  ""해결책"": [
    ""1. 회사의 Microsoft Azure AD 포털(myaccount.microsoft.com)에 로그인합니다."",
    ""2. '장치' 탭으로 이동합니다."",
    ""3. 해당 디바이스를 선택합니다."",
    ""4. 48자리 복구 키를 조회하여 입력하여 부팅을 진행합니다.""
  ]
}
```",0.5248563239612396,0.1893488752124592,0.1666666666666666,1
GitHub Enterprise SSH 키 등록 오류,Baseline,3,2,245,463,708,4.888689057000192,"GitHub Enterprise에 접근할 때 `Permission Denied (publickey)` 에러가 발생했을 때 확인해야 할 조치 사항을 안내해 드리겠습니다.

제공된 [참고 문서]에 근거하여, 다음 두 가지 사항을 확인하고 조치해 주시기 바랍니다.

**1. 로컬 SSH 키 확인 및 등록 확인**

1.  **로컬 공개 키 값 확인:** 로컬 컴퓨터의 `~/.ssh/id_rsa.pub` 파일에 저장된 공개 키 값이 GitHub 프로필 설정의 'SSH and GPG keys'에 정확하게 등록되어 있는지 확인하십시오.
2.  **SSH 에이전트 등록 확인:** `ssh-add` 명령어를 사용하여 해당 키가 SSH 에이전트에 성공적으로 등록되었는지 점검하십시오.

**2. 문제 해결 요약**

위의 두 가지 사항(공개 키 등록 여부 및 `ssh-add`를 통한 에이전트 등록 여부)을 확인하신 후, 다시 시도해 보시기 바랍니다.

혹시 이 단계를 진행하는 도중 특정 단계에서 오류 메시지가 발생하거나 추가적인 도움이 필요하시면 알려주십시오.",0.2956767609207171,0.3604874677912063,0.303030303030303,0
GitHub Enterprise SSH 키 등록 오류,Context_Summarized,1,2,280,486,766,5.576691266000125,"GitHub Enterprise SSH 키 등록 오류 해결을 위해 [참고 문서]에 명시된 절차를 단계별로 안내해 드리겠습니다.

GitHub Enterprise에 접근할 때 `Permission Denied (publickey)` 에러가 발생했을 경우, 다음 두 가지 사항을 확인하고 조치해 주십시오.

**1단계: 로컬 SSH 공개 키 확인**

1.  로컬 컴퓨터에서 SSH 공개 키 파일의 내용을 확인합니다.
    *   명령 프롬프트 또는 터미널에서 다음 명령어를 사용하여 `~/.ssh/id_rsa.pub` 파일의 내용을 확인합니다.
        ```bash
        cat ~/.ssh/id_rsa.pub
        ```
2.  확인된 공개 키 값이 GitHub 프로필 설정의 'SSH and GPG keys'에 정확하게 등록되어 있는지 대조하여 확인합니다.

**2단계: SSH 에이전트에 키 등록 확인**

1.  SSH 키가 로컬 SSH 에이전트에 올바르게 등록되어 있는지 확인합니다.
    *   다음 명령어를 실행하여 키가 에이전트에 추가되었는지 점검합니다.
        ```bash
        ssh-add -l
        ```

위의 1단계와 2단계를 모두 확인하신 후, 문제가 지속된다면 다시 알려주시기 바랍니다.",0.404362148666429,0.4188285976209875,0.3404255319148936,0
GitHub Enterprise SSH 키 등록 오류,Max_Chunks,6,2,194,653,847,3.887923987999784,"GitHub Enterprise SSH 키 등록 시 'Permission Denied (publickey)' 오류가 발생했을 때 확인해야 할 조치 사항은 다음과 같습니다.

[참고 문서]에 따르면, 이 오류가 발생했을 때 확인해야 할 사항은 다음과 같습니다.

1.  **로컬 SSH 키 확인:** 로컬 컴퓨터의 `~/.ssh/id_rsa.pub` 키 값이 GitHub 프로필 설정의 'SSH and GPG keys'에 정확히 등록되어 있는지 확인해야 합니다.
2.  **SSH 에이전트 확인:** `ssh-add` 명령어를 사용하여 해당 키가 SSH 에이전트에 올바르게 등록되었는지 점검해야 합니다.

이 두 가지 사항을 확인하신 후에도 문제가 해결되지 않는다면, 추가적인 정보(예: 정확히 어떤 메시지가 뜨는지, 어떤 단계를 시도했는지 등)를 알려주시면 더 자세히 지원해 드릴 수 있습니다.",0.6046404701106857,0.3745360066222141,0.3999999999999999,0
GitHub Enterprise SSH 키 등록 오류,High_Noise,4,2,329,596,925,6.563278867999998,"GitHub Enterprise SSH 키 등록 시 발생하는 `Permission Denied (publickey)` 오류에 대한 해결 방법을 안내해 드리겠습니다.

[참고 문서]에 따르면, 이 오류가 발생했을 때 확인해야 할 사항은 다음과 같습니다.

1.  **로컬 키 값 확인:** 로컬의 `~/.ssh/id_rsa.pub` 키 값이 GitHub 프로필 설정의 'SSH and GPG keys'에 정확히 등록되어 있는지 확인해야 합니다.
2.  **SSH 에이전트 등록 확인:** `ssh-add` 명령어를 사용하여 해당 키가 에이전트에 등록되었는지 점검해야 합니다.

이 두 가지 사항을 확인하고 조치하는 단계는 다음과 같습니다.

1.  **로컬 공개 키 확인:** 터미널을 열고 다음 명령어를 사용하여 로컬 공개 키의 내용을 확인합니다.
    ```bash
    cat ~/.ssh/id_rsa.pub
    ```
2.  **GitHub 설정 확인:** 위에서 확인한 공개 키 내용이 GitHub 프로필 설정의 'SSH and GPG keys' 섹션에 정확하게 복사되어 등록되어 있는지 확인합니다.
3.  **SSH 에이전트 등록 확인:** 다음 명령어를 실행하여 키가 SSH 에이전트에 등록되어 있는지 확인합니다.
    ```bash
    ssh-add -l
    ```

위 단계를 순서대로 진행해 보시고, 문제가 해결되는지 확인해 주시기 바랍니다. 만약 이 과정에서 추가적인 오류 메시지가 발생하거나 다른 도움이 필요하시면 다시 알려주세요.",0.480475312384268,0.2899122668934645,0.2448979591836734,0
GitHub Enterprise SSH 키 등록 오류,Ranking_Swapped,4,2,133,596,729,2.6781397580002704,"GitHub Enterprise 접근 시 `Permission Denied (publickey)` 에러가 발생했을 때 확인해야 할 사항과 조치 방법은 다음과 같습니다.

1. **로컬 SSH 키 확인:** 로컬 컴퓨터의 `~/.ssh/id_rsa.pub` 키 값이 GitHub 프로필 설정의 'SSH and GPG keys'에 정확히 등록되어 있는지 확인하십시오.
2. **SSH 에이전트 등록 확인:** `ssh-add` 명령어를 사용하여 해당 키가 SSH 에이전트에 올바르게 등록되었는지 점검하십시오.

이 두 가지 사항을 확인하시면 문제를 해결하는 데 도움이 될 것입니다.",0.980172384096438,0.4087101670057421,0.3448275862068965,0
GitHub Enterprise SSH 키 등록 오류,Short_History,2,2,207,506,713,4.1321502390001115,"안녕하세요. GitHub Enterprise SSH 키 등록 시 발생하는 'Permission Denied (publickey)' 오류에 대해 안내해 드리겠습니다.

제공해주신 [참고 문서]에 근거하여, 문제를 해결하기 위해 확인해야 할 사항과 조치 순서는 다음과 같습니다.

1. **로컬 SSH 공개 키 확인:**
    * 로컬 컴퓨터의 `~/.ssh/id_rsa.pub` 파일에 저장된 공개 키 값이 GitHub 프로필 설정의 'SSH and GPG keys'에 정확하게 등록되어 있는지 확인해 주세요.

2. **SSH 에이전트 등록 확인:**
    * `ssh-add` 명령어를 사용하여 해당 키가 SSH 에이전트에 성공적으로 등록되었는지 점검해 주세요.

이 두 가지 사항을 확인하신 후에도 문제가 지속된다면, 추가적인 정보(예: 정확히 어떤 메시지가 뜨는지, 어떤 단계를 시도했는지 등)를 알려주시면 더 자세히 지원해 드릴 수 있습니다.",0.3462465996722803,0.3638701668218146,0.3999999999999999,0
GitHub Enterprise SSH 키 등록 오류,Long_History,2,6,164,612,776,3.2915051550003227,"GitHub Enterprise SSH 키 등록 오류 문제에 대해 안내해 드리겠습니다.

Permission Denied (publickey) 에러가 발생했을 때 확인해야 할 사항과 조치 순서는 다음과 같습니다.

1. **로컬 SSH 키 확인:** 로컬 컴퓨터의 `~/.ssh/id_rsa.pub` 파일에 있는 키 값이 GitHub 프로필 설정의 'SSH and GPG keys'에 정확하게 등록되어 있는지 확인하십시오.
2. **SSH 에이전트 등록 확인:** `ssh-add` 명령어를 사용하여 해당 키가 SSH 에이전트에 올바르게 등록되었는지 점검하십시오.

이 두 가지 사항을 확인하신 후에도 문제가 지속된다면, 제공된 문서에는 해당 오류에 대한 추가적인 해결 방법이 명시되어 있지 않습니다.",0.6080994235012323,0.4344814388803032,0.3999999999999999,0
GitHub Enterprise SSH 키 등록 오류,Forced_JSON_Format,2,2,106,532,638,2.1356587179998314,"```json
{
  ""status"": ""success"",
  ""topic"": ""GitHub Enterprise SSH 키 등록 오류 해결"",
  ""solution_steps"": [
    ""1. 로컬의 ~/.ssh/id_rsa.pub 키 값이 GitHub 프로필 설정의 'SSH and GPG keys'에 정확히 등록되어 있는지 확인하십시오."",
    ""2. ssh-add 명령어를 사용하여 해당 키가 에이전트에 등록되었는지 점검하십시오.""
  ]
}
```",0.834300435780248,0.6147615015808574,0.7659574468085107,1
GitHub Enterprise SSH 키 등록 오류,Hallucination_Defense,3,2,122,522,644,2.4494539389997954,"죄송합니다. 제공해주신 [참고 문서]에는 GitHub Enterprise SSH 키 등록 오류에 대한 정보가 포함되어 있지 않습니다.

제공된 문서의 내용은 다음과 같습니다:
*   사내 동호회 지원금 신청 방법 및 지원 한도
*   Visual Studio Code 테마 변경 방법
*   사내 도서관 위치 및 대출 규정

GitHub Enterprise SSH 키 등록 오류에 대해 정확한 해결책을 드리기 위해서는 해당 문제와 관련된 기술 문서를 제공해 주시거나, 다른 관련 정보를 알려주시면 제가 도움을 드릴 수 있습니다.",0.275044561545431,0.1576964644961316,0.0,0
GitHub Enterprise SSH 키 등록 오류,Mixed_Stress_Test,6,6,80,771,851,1.6336279809997905,"```json
{
  ""해결책"": [
    ""로컬의 ~/.ssh/id_rsa.pub 키 값이 GitHub 프로필 설정의 'SSH and GPG keys'에 정확히 등록되어 있는지 확인하십시오."",
    ""ssh-add 명령어를 사용하여 해당 키가 에이전트에 등록되었는지 점검하십시오.""
  ]
}
```",0.1998728174588718,0.1468113133530545,0.1666666666666666,1
Docker Desktop 가상 디스크 용량 초과,Baseline,3,2,300,476,776,5.978336150999894,"Docker Desktop 가상 디스크 용량 초과 문제 해결을 위해 참고 문서를 바탕으로 조치 방법을 단계별로 안내해 드리겠습니다.

Docker Desktop 실행 중 'No space left on device' 에러가 발생하는 경우, 다음 두 가지 방법 중 하나를 시도해 보실 수 있습니다.

**방법 1: 사용하지 않는 리소스 정리 (권장)**

`docker system prune -a --volumes` 명령어를 사용하여 사용하지 않는 컨테이너와 볼륨을 삭제하여 디스크 공간을 확보할 수 있습니다.

1. **명령어 실행:** 터미널 또는 명령 프롬프트에서 다음 명령어를 실행합니다.
   ```bash
   docker system prune -a --volumes
   ```

**방법 2: Virtual disk limit 크기 늘리기**

Docker Desktop 대시보드 설정에서 가상 디스크의 최대 크기를 늘릴 수 있습니다.

1. **Docker Desktop 설정 접속:** Docker Desktop 애플리케이션을 실행하고 설정(Settings) 메뉴로 이동합니다.
2. **Virtual disk limit 확인 및 조정:** 대시보드 설정 내에서 'Virtual disk limit' 크기를 확인하고 필요에 따라 크기를 늘려주십시오.

위의 두 가지 방법 중 하나를 시도해 보시고, 문제가 해결되는지 확인해 주시기 바랍니다. 만약 이 방법들로 해결되지 않거나 추가적인 도움이 필요하시면 다시 말씀해 주십시오.",0.2945727918488747,0.350738867853324,0.3529411764705882,0
Docker Desktop 가상 디스크 용량 초과,Context_Summarized,1,2,349,503,852,6.951105449999886,"Docker Desktop 가상 디스크 용량 초과 문제 해결을 위해 [참고 문서]에 명시된 절차를 단계별로 안내해 드리겠습니다.

Docker Desktop 실행 중 'No space left on device' 에러가 발생하는 경우, 다음 두 가지 방법 중 하나를 시도해 보시기 바랍니다.

**방법 1: 사용하지 않는 리소스 정리 (권장)**

`docker system prune -a --volumes` 명령어를 사용하여 사용하지 않는 컨테이너와 볼륨을 삭제하여 디스크 공간을 확보할 수 있습니다.

1. **명령 프롬프트 또는 터미널을 엽니다.**
2. **다음 명령어를 입력하고 실행합니다:**
   ```bash
   docker system prune -a --volumes
   ```
3. **명령 실행 후, Docker Desktop을 다시 시작하거나 상태를 확인하여 문제가 해결되었는지 확인합니다.**

**방법 2: Virtual disk limit 크기 늘리기**

위 방법으로 해결되지 않거나, 지속적으로 용량 문제가 발생한다면 Docker Desktop 설정에서 가상 디스크의 최대 크기를 늘려야 합니다.

1. **Docker Desktop 애플리케이션을 엽니다.**
2. **설정(Settings) 메뉴로 이동합니다.**
3. **대시보드 설정(Dashboard settings) 또는 관련 설정 항목을 찾습니다.**
4. **'Virtual disk limit' 크기를 원하는 수준으로 늘려줍니다.**

위의 절차를 순서대로 따라 해 보시고, 만약 추가적인 오류 메시지가 발생하거나 특정 단계에서 막히는 부분이 있다면 다시 알려주십시오. 제가 계속해서 지원해 드리겠습니다.",0.3518697198803708,0.3262576363621877,0.3333333333333333,0
Docker Desktop 가상 디스크 용량 초과,Max_Chunks,6,2,152,666,818,3.0570955990001494,"Docker Desktop 실행 중 'No space left on device' 에러가 발생하는 경우, 참고 문서에 따라 다음 두 가지 방법 중 하나를 시도해 보실 수 있습니다.

**해결 방법:**

1. **불필요한 컨테이너 및 볼륨 삭제:**
   `docker system prune -a --volumes` 명령어를 실행하여 사용하지 않는 컨테이너와 볼륨을 삭제할 수 있습니다.

2. **Virtual disk limit 증가:**
   Docker Desktop 대시보드 설정에서 'Virtual disk limit' 크기를 늘려주셔야 합니다.

이 두 가지 방법 중 어떤 것을 먼저 시도해 보시겠습니까? 또는 특정 단계에서 막히는 부분이 있다면 다시 말씀해 주세요.",0.6275057573902159,0.4235903170969068,0.4375,0
Docker Desktop 가상 디스크 용량 초과,High_Noise,4,2,236,609,845,4.7211374110002,"Docker Desktop 실행 중 'No space left on device' 에러가 발생하는 경우, 참고 문서에 안내된 대로 다음 두 가지 방법 중 하나를 시도해 보셔야 합니다.

**해결 방법 1: 불필요한 컨테이너 및 볼륨 삭제**

`docker system prune -a --volumes` 명령어를 사용하여 사용하지 않는 컨테이너와 볼륨을 삭제할 수 있습니다.

1.  터미널 또는 명령 프롬프트를 엽니다.
2.  다음 명령어를 입력하고 실행합니다:
    ```bash
    docker system prune -a --volumes
    ```

**해결 방법 2: Virtual disk limit 크기 늘리기**

Docker Desktop 대시보드 설정에서 가상 디스크의 최대 크기를 늘려야 합니다.

1.  Docker Desktop 애플리케이션을 실행합니다.
2.  설정(Settings) 메뉴로 이동합니다.
3.  Virtual disk limit 설정을 찾아 크기를 늘려줍니다.

이 두 가지 방법 중 하나를 시도해 보시고 문제가 해결되는지 확인해 주시기 바랍니다.",0.302634837589071,0.3677937578759069,0.3043478260869565,0
Docker Desktop 가상 디스크 용량 초과,Ranking_Swapped,4,2,330,609,939,6.586532765999891,"Docker Desktop 실행 중 'No space left on device' 에러가 발생하는 경우, 가상 디스크 용량을 확보하거나 제한을 늘려야 합니다. 참고 문서를 바탕으로 조치 방법을 단계별로 안내해 드리겠습니다.

**Docker 가상 디스크 용량 문제 해결 방법**

'No space left on device' 에러는 가상 디스크(qcow2/vhdx) 용량이 한계에 도달했기 때문이며, 다음 두 가지 방법 중 하나를 시도해 볼 수 있습니다.

**방법 1: 사용하지 않는 리소스 정리 (권장)**

`docker system prune -a --volumes` 명령어를 사용하여 사용하지 않는 컨테이너와 볼륨을 삭제하여 디스크 공간을 확보할 수 있습니다.

1.  터미널 또는 명령 프롬프트를 엽니다.
2.  다음 명령어를 입력하고 실행합니다:
    ```bash
    docker system prune -a --volumes
    ```

**방법 2: Virtual disk limit 크기 늘리기**

Docker Desktop 대시보드 설정에서 가상 디스크의 최대 크기를 늘릴 수 있습니다.

1.  Docker Desktop 애플리케이션을 실행합니다.
2.  대시보드 설정 메뉴로 이동합니다.
3.  'Virtual disk limit' 크기를 원하는 만큼 늘려줍니다.

위 두 가지 방법 중 하나를 시도해 보시고 문제가 해결되는지 확인해 주시기 바랍니다. 만약 이 방법들로 해결되지 않거나 추가적인 도움이 필요하시면 다시 말씀해 주세요.",0.3567691744253966,0.3511969849307131,0.3018867924528302,0
Docker Desktop 가상 디스크 용량 초과,Short_History,2,2,184,519,703,3.677627965999818,"Docker Desktop에서 'No space left on device' 오류가 발생하는 경우, 가상 디스크 용량을 확보하거나 제한을 늘려야 합니다. 제공해주신 [참고 문서]를 바탕으로 해결 방법을 단계별로 안내해 드리겠습니다.

**해결 방법:**

1. **불필요한 리소스 정리:**
   `docker system prune -a --volumes` 명령어를 실행하여 사용하지 않는 컨테이너와 볼륨을 삭제하여 디스크 공간을 확보합니다.

2. **가상 디스크 제한 늘리기:**
   Docker Desktop 대시보드 설정에서 'Virtual disk limit' 크기를 늘려주셔야 합니다.

이 두 가지 조치 중 하나 또는 모두를 시도해 보시기 바랍니다. 혹시 명령어를 실행하는 과정이나 대시보드 설정 메뉴를 찾는 데 어려움이 있으시면 다시 말씀해 주세요.",0.3128184164197904,0.3772150023632674,0.4827586206896551,0
Docker Desktop 가상 디스크 용량 초과,Long_History,2,6,210,625,835,4.206597025000065,"Docker Desktop 가상 디스크 용량 초과 문제 해결을 위해 [참고 문서]에 명시된 해결 방법을 단계별로 안내해 드리겠습니다.

**해결 방법:**

1. **불필요한 리소스 정리:** 터미널 또는 명령 프롬프트에서 다음 명령어를 실행하여 사용하지 않는 컨테이너와 볼륨을 삭제합니다.
   ```bash
   docker system prune -a --volumes
   ```

2. **가상 디스크 제한 크기 조정 (대안):** 위 방법으로 해결되지 않을 경우, Docker Desktop 대시보드 설정에서 가상 디스크 제한 크기(Virtual disk limit)를 늘려야 합니다. (이 경로는 Docker Desktop 애플리케이션 내 설정 메뉴를 통해 확인하실 수 있습니다.)

위 두 단계를 순서대로 진행해 보시고, 문제가 해결되는지 확인해 주시기 바랍니다. 만약 이 방법들로도 해결되지 않거나 추가적인 도움이 필요하시면 다시 말씀해 주세요.",0.2968404867004112,0.2660810597560772,0.2962962962962963,0
Docker Desktop 가상 디스크 용량 초과,Forced_JSON_Format,2,2,141,545,686,2.8291951189999054,"```json
{
  ""status"": ""success"",
  ""topic"": ""Docker Desktop 가상 디스크 용량 초과 해결"",
  ""solution_steps"": [
    ""1. Docker 시스템 정리 명령어 실행: 터미널 또는 명령 프롬프트에서 다음 명령어를 실행하여 사용하지 않는 컨테이너와 볼륨을 삭제합니다."",
    ""   `docker system prune -a --volumes`"",
    ""2. 대시보드 설정에서 가상 디스크 제한 크기 늘리기: Docker Desktop 대시보드 설정 메뉴로 이동하여 'Virtual disk limit' 크기를 늘려줍니다.""
  ]
}
```",0.8436339178854076,0.5606802001635949,0.6521739130434783,1
Docker Desktop 가상 디스크 용량 초과,Hallucination_Defense,3,2,128,530,658,2.5703729800002293,"죄송합니다. 현재 제공해주신 [참고 문서]에는 Docker Desktop 가상 디스크 용량 초과 문제에 대한 정보가 포함되어 있지 않습니다.

제공된 문서의 내용은 다음과 같습니다:
*   사내 동호회 지원금 신청 방법 및 지원 한도
*   Visual Studio Code 테마 변경 방법
*   사내 도서관 위치 및 대출 규정

Docker Desktop 가상 디스크 용량 초과 문제 해결을 위해서는 해당 문제와 관련된 기술 문서를 제공해 주시거나, 다른 관련 정보를 알려주시면 제가 확인하여 도움을 드릴 수 있습니다.",0.3009733367609921,0.1572197671042381,0.0,0
Docker Desktop 가상 디스크 용량 초과,Mixed_Stress_Test,6,6,208,784,992,4.176464245999796,"```json
{
  ""해결책"": [
    ""Docker Desktop 실행 중 'No space left on device' 에러가 발생하는 원인은 가상 디스크(qcow2/vhdx) 용량이 한계에 도달했기 때문입니다."",
    ""다음 두 가지 방법 중 하나를 시도해 보십시오."",
    ""**방법 1: 불필요한 리소스 정리**"",
    ""1. 터미널 또는 명령 프롬프트를 엽니다."",
    ""2. 다음 명령어를 입력하여 사용하지 않는 컨테이너와 볼륨을 삭제합니다: `docker system prune -a --volumes`"",
    ""**방법 2: 가상 디스크 제한 늘리기**"",
    ""1. Docker Desktop 대시보드를 엽니다."",
    ""2. 설정(Settings) 메뉴로 이동합니다."",
    ""3. Virtual disk limit 크기를 늘려줍니다.""
  ]
}
```",0.4525481370893365,0.4651488687294229,0.3333333333333333,1
AWS CLI 로컬 크레덴셜 만료,Baseline,3,2,226,476,702,4.513283024999964,"AWS CLI 명령 수행 시 'ExpiredToken' 오류가 발생하는 경우, [참고 문서]에 따라 다음 단계를 순서대로 진행하시면 문제를 해결할 수 있습니다.

**해결 단계:**

1. **새로운 세션 토큰 발급:** 다음 명령어를 사용하여 새로운 AccessKey, SecretKey, SessionToken을 발급받습니다.
   ```bash
   aws sts get-session-token
   ```

2. **발급받은 정보 확인:** 위 명령어를 실행하면 새로운 AccessKey, SecretKey, SessionToken 정보가 출력됩니다. 이 정보를 확인해 두십시오.

3. **`~/.aws/credentials` 파일 업데이트:** 발급받은 새로운 자격 증명 정보를 사용하여 로컬 설정 파일인 `~/.aws/credentials` 파일을 업데이트해야 합니다. (이 부분은 출력된 정보를 바탕으로 직접 파일을 수정하셔야 합니다.)

이 단계를 따르면 만료된 토큰을 갱신하고 AWS CLI를 다시 사용할 수 있게 됩니다. 진행하시다가 특정 단계에서 어려움이 있으시면 다시 문의해 주십시오.",0.2951664868198218,0.2276137602737532,0.2580645161290322,0
AWS CLI 로컬 크레덴셜 만료,Context_Summarized,1,2,459,503,962,9.13377994099983,"안녕하세요. AWS CLI 로컬 크레덴셜 만료 문제로 어려움을 겪고 계시는군요. 제공해주신 [참고 문서]에 따라 'ExpiredToken' 오류를 해결하는 구체적인 절차를 단계별로 안내해 드리겠습니다.

**AWS CLI 로컬 크레덴셜 만료 해결 절차**

AWS CLI 명령 수행 시 'ExpiredToken' 오류가 발생하는 것은 MFA 연동 임시 세션 토큰의 유효시간(기본 12시간)이 만료되었기 때문입니다. 이 문제를 해결하기 위해서는 `aws sts get-session-token` 명령을 사용하여 새로운 자격 증명을 발급받고, 이를 로컬 설정 파일에 업데이트해야 합니다.

다음 단계를 순서대로 따라해 주십시오.

1. **새로운 세션 토큰 발급:**
   터미널에서 다음 명령어를 실행하여 새로운 AccessKey, SecretKey, SessionToken을 발급받습니다.
   ```bash
   aws sts get-session-token
   ```

2. **발급된 정보 확인:**
   위 명령어를 실행하면 새로운 자격 증명 정보(AccessKey, SecretKey, SessionToken 등)가 출력됩니다. 이 정보를 메모해 두거나 복사해 두십시오.

3. **`~/.aws/credentials` 파일 업데이트:**
   발급받은 새로운 자격 증명 정보를 사용하여 로컬의 `~/.aws/credentials` 파일을 수정해야 합니다.
   *   텍스트 편집기(예: `nano` 또는 `vim`)를 사용하여 파일을 엽니다.
       ```bash
       nano ~/.aws/credentials
       ```
   *   기존의 만료된 자격 증명 블록을 삭제하거나, 새로운 자격 증명 정보로 대체하여 저장합니다. (문서에 구체적인 파일 내용 수정 방법은 명시되어 있지 않으나, 발급받은 정보를 해당 파일 형식에 맞게 업데이트하시면 됩니다.)

이 단계를 완료하시면 새로운 크레덴셜로 AWS CLI를 사용할 수 있게 됩니다. 진행하시다가 추가적인 오류가 발생하거나 특정 단계에서 도움이 필요하시면 언제든지 다시 문의해 주십시오.",0.3954992185898355,0.2774585273614974,0.2857142857142857,0
AWS CLI 로컬 크레덴셜 만료,Max_Chunks,6,2,415,666,1081,8.278783679000298,"안녕하세요. AWS CLI 로컬 크레덴셜 만료 문제로 문의주셨군요. 제공해주신 [참고 문서]를 바탕으로 'ExpiredToken' 오류 해결 방법을 단계별로 안내해 드리겠습니다.

AWS CLI 명령 수행 시 'ExpiredToken' 오류가 발생하는 것은 MFA 연동 임시 세션 토큰의 유효시간(기본 12시간)이 만료되었기 때문이며, `aws sts get-session-token` 명령을 통해 새 AccessKey, SecretKey, SessionToken을 발급받아 `~/.aws/credentials` 파일에 업데이트해야 합니다.

다음은 조치 방법입니다.

1. **새로운 세션 토큰 발급:** 다음 명령어를 사용하여 새로운 AccessKey, SecretKey, SessionToken을 발급받습니다.
   ```bash
   aws sts get-session-token
   ```

2. **발급된 정보 확인:** 위 명령어를 실행하면 새로운 AccessKey, SecretKey, SessionToken 정보가 출력됩니다. 이 정보를 메모해 두십시오.

3. **`~/.aws/credentials` 파일 업데이트:** 발급받은 새로운 자격 증명(AccessKey, SecretKey, SessionToken)을 사용하여 사용자의 로컬 AWS 자격 증명 파일인 `~/.aws/credentials` 파일을 수정해야 합니다.

4. **파일 내용 수정:** `~/.aws/credentials` 파일을 열고 기존의 만료된 자격 증명을 새로운 정보로 교체합니다. (파일의 정확한 수정 방법은 사용하시는 운영체제에 따라 다를 수 있으므로, 파일 내용을 직접 수정하시거나 AWS CLI에서 설정하는 방법을 확인해 보시는 것이 좋습니다.)

이 단계를 따르면 만료된 토큰을 갱신하고 AWS CLI를 다시 사용할 수 있을 것입니다.

혹시 이 과정 중 특정 단계에서 오류가 발생하거나, `~/.aws/credentials` 파일 수정 방법에 대해 더 구체적인 안내가 필요하시면 다시 말씀해 주십시오.",0.3870068584355453,0.273763259094412,0.2456140350877192,0
AWS CLI 로컬 크레덴셜 만료,High_Noise,4,2,356,609,965,7.10263390099999,"안녕하세요. AWS CLI 사용 중 'ExpiredToken' 오류가 발생하는 문제에 대해 안내해 드리겠습니다.

[참고 문서]에 따르면, AWS CLI 명령 수행 시 'ExpiredToken' 오류가 뜨는 것은 MFA 연동 임시 세션 토큰의 유효시간(기본 12시간)이 만료되었기 때문이며, 이를 해결하기 위해서는 `aws sts get-session-token` 명령을 통해 새 AccessKey, SecretKey, SessionToken을 발급받아 `~/.aws/credentials` 파일에 업데이트해야 합니다.

다음은 문제를 해결하기 위한 단계별 조치 방법입니다.

1. **새 세션 토큰 발급:** 터미널에서 다음 명령어를 실행하여 새로운 세션 토큰을 발급받습니다.
   ```bash
   aws sts get-session-token
   ```
2. **발급된 정보 확인:** 위 명령어를 실행하면 새로운 `AccessKey`, `SecretKey`, `SessionToken` 정보가 출력됩니다. 이 정보를 메모해 두십시오.
3. **`~/.aws/credentials` 파일 수정:** 텍스트 편집기(예: `nano` 또는 `vim`)를 사용하여 사용자의 홈 디렉토리에 있는 `~/.aws/credentials` 파일을 엽니다.
4. **크레덴셜 업데이트:** 파일 내의 기존 크레덴셜 정보를 발급받은 새로운 `AccessKey`, `SecretKey`, `SessionToken` 정보로 덮어쓰거나 업데이트합니다.

이 단계를 따르면 만료된 토큰을 갱신하고 AWS CLI를 다시 사용할 수 있을 것입니다. 진행하시다가 추가적인 문제가 발생하면 언제든지 다시 문의해 주십시오.",0.4324458535855857,0.3009914887179578,0.2857142857142857,0
AWS CLI 로컬 크레덴셜 만료,Ranking_Swapped,4,2,318,609,927,6.3469679220002035,"AWS CLI 명령 수행 시 'ExpiredToken' 오류가 발생하는 경우, MFA 연동 임시 세션 토큰의 유효시간(기본 12시간)이 만료되었기 때문입니다. 이 문제를 해결하기 위해 `aws sts get-session-token` 명령을 사용하여 새로운 AccessKey, SecretKey, SessionToken을 발급받은 후, 이를 `~/.aws/credentials` 파일에 업데이트해야 합니다.

다음은 조치 방법입니다.

1. **새로운 세션 토큰 발급:** 다음 명령어를 사용하여 새로운 AccessKey, SecretKey, SessionToken을 발급받습니다.
   ```bash
   aws sts get-session-token
   ```

2. **발급된 정보 확인:** 위 명령어를 실행하면 새로운 AccessKey, SecretKey, SessionToken 정보가 출력됩니다. 이 정보를 메모해 두십시오.

3. **`~/.aws/credentials` 파일 업데이트:** 발급받은 정보를 사용하여 `~/.aws/credentials` 파일을 수정해야 합니다. (참고 문서에는 파일 수정의 구체적인 내용이 명시되어 있지 않으나, 일반적으로 해당 파일에 다음 형식으로 추가/수정합니다.)

   *   `[새로운 AccessKey]`와 `[새로운 SecretKey]`를 사용하여 기존 설정 또는 새 엔트리를 추가합니다.
   *   `[SessionToken]`을 사용하여 세션 정보를 업데이트합니다.

이 단계를 따르면 만료된 토큰 문제를 해결하고 AWS CLI를 다시 사용할 수 있을 것입니다.",0.3815496605465322,0.2726013506974235,0.217391304347826,0
AWS CLI 로컬 크레덴셜 만료,Short_History,2,2,472,519,991,9.391647470000407,"안녕하세요. AWS CLI에서 'ExpiredToken' 오류가 발생하는 경우, [참고 문서]에 안내된 대로 `aws sts get-session-token` 명령을 사용하여 새로운 자격 증명을 발급받고 `~/.aws/credentials` 파일을 업데이트해야 합니다.

다음은 문제 해결을 위한 단계별 조치 방법입니다.

1. **새로운 세션 토큰 발급:**
   터미널에서 다음 명령어를 실행하여 새로운 AccessKey, SecretKey, SessionToken을 발급받습니다.
   ```bash
   aws sts get-session-token --duration-seconds 3600
   ```
   *(참고: 위 명령어는 1시간(3600초) 동안 유효한 세션 토큰을 발급받는 예시입니다. 필요에 따라 `duration-seconds` 값을 조정할 수 있습니다.)*

2. **발급받은 정보 확인:**
   위 명령어를 실행하면 새로운 `AccessKeyId`, `SecretAccessKey`, `SessionToken` 등이 출력됩니다. 이 정보들을 메모해 두십시오.

3. **`~/.aws/credentials` 파일 업데이트:**
   발급받은 정보를 사용하여 로컬 설정 파일인 `~/.aws/credentials` 파일을 수정해야 합니다. 파일 내의 기존 자격 증명을 새로 발급받은 정보로 교체해 주십시오.

   예를 들어, 파일 내용이 다음과 같았다면:
   ```ini
   [default]
   aws_access_key_id = OLD_ACCESS_KEY_ID
   aws_secret_access_key = OLD_SECRET_ACCESS_KEY
   ```
   새로운 정보로 업데이트한 후에는 다음과 같이 변경해야 합니다:
   ```ini
   [default]
   aws_access_key_id = [발급받은 새 AccessKeyId]
   aws_secret_access_key = [발급받은 새 SecretAccessKey]
   aws_session_token = [발급받은 새 SessionToken]
   ```

이 단계를 완료하신 후 AWS CLI 명령을 다시 시도해 보시면 문제가 해결될 것입니다. 진행하시다가 추가적인 오류가 발생하면 다시 문의해 주십시오.",0.2600452738975024,0.1275913142253633,0.1012658227848101,0
AWS CLI 로컬 크레덴셜 만료,Long_History,2,6,167,625,792,3.3543910099997447,"AWS CLI 로컬 크레덴셜 만료 문제 해결을 위해 [참고 문서]에 명시된 절차에 따라 다음 단계를 순서대로 진행해 주십시오.

1. **새로운 세션 토큰 발급:**
   `aws sts get-session-token` 명령어를 실행하여 새로운 AccessKey, SecretKey, SessionToken을 발급받습니다.

2. **크레덴셜 파일 업데이트:**
   발급받은 새로운 자격 증명(AccessKey, SecretKey, SessionToken)을 `~/.aws/credentials` 파일에 업데이트합니다.

이 단계를 완료하시면 만료된 크레덴셜 문제를 해결하고 AWS CLI를 다시 사용하실 수 있을 것입니다. 진행하시다가 추가적인 오류가 발생하면 다시 알려주십시오.",0.3779356920784412,0.2012255883898812,0.3076923076923077,0
AWS CLI 로컬 크레덴셜 만료,Forced_JSON_Format,2,2,110,545,655,2.216404395000154,"```json
{
  ""status"": ""success"",
  ""topic"": ""AWS CLI 로컬 크레덴셜 만료 해결"",
  ""solution_steps"": [
    ""1. `aws sts get-session-token` 명령을 실행하여 새로운 AccessKey, SecretKey, SessionToken을 발급받습니다."",
    ""2. 발급받은 새로운 AccessKey, SecretKey, SessionToken을 사용하여 `~/.aws/credentials` 파일을 업데이트합니다.""
  ]
}
```",0.7314894800966922,0.5652579854680304,0.6956521739130435,1
AWS CLI 로컬 크레덴셜 만료,Hallucination_Defense,3,2,166,530,696,3.321783202000006,"제공해주신 [참고 문서]를 확인했습니다. 하지만 현재 사용자님께서 문의하신 내용은 **AWS CLI 로컬 크레덴셜 만료 문제**에 대한 것이며, 제공된 참고 문서는 **사내 동호회 지원금 신청, Visual Studio Code 테마 변경 방법, 사내 도서관 이용 안내**에 관한 내용입니다.

제공된 문서에는 AWS CLI 크레덴셜 만료 문제에 대한 해결 방법이나 매뉴얼이 포함되어 있지 않습니다.

따라서, 제공된 문서에 근거하여 해당 문제에 대한 해결책을 안내해 드릴 수 없습니다. AWS CLI 크레덴셜 만료 문제 해결을 위해서는 AWS 관련 기술 지원팀에 문의하시거나, AWS CLI 관련 공식 문서를 참고해 주시기를 권장드립니다.",0.5436610956445451,0.139885477504065,0.0,0
AWS CLI 로컬 크레덴셜 만료,Mixed_Stress_Test,6,6,172,784,956,3.461860987000364,"```json
{
  ""해결_방법"": [
    ""1. `aws sts get-session-token` 명령어를 실행하여 새로운 AccessKey, SecretKey, SessionToken을 발급받습니다."",
    ""2. 발급받은 새로운 AccessKey, SecretKey, SessionToken을 사용하여 `~/.aws/credentials` 파일을 업데이트합니다.""
  ],
  ""참고_내용"": ""AWS CLI 명령 수행 시 'ExpiredToken' 오류가 뜨는 것은 MFA 연동 임시 세션 토큰의 유효시간(기본 12시간)이 만료되었기 때문입니다. aws sts get-session-token 명령을 통해 새 AccessKey, SecretKey, SessionToken을 발급받아 ~/.aws/credentials 파일에 업데이트해야 합니다.""
}
```",0.6290467482010687,0.4009422844915581,0.2857142857142857,1
사내 슬랙 채널 미동기화 및 유실,Baseline,3,2,204,471,675,4.079265854999903,"안녕하세요. 슬랙 엔터프라이즈 그리드 마이그레이션 이후 특정 채널이 보이지 않는 현상에 대해 안내해 드리겠습니다.

제공해주신 [참고 문서]에 따르면, 특정 채널이 보이지 않는 현상은 **워크스페이스 연결 세션 캐시 오류**일 수 있으며, 이를 해결하기 위해 슬랙 앱에서 캐시를 지우고 재시작하는 방법을 안내해 드립니다.

다음은 문제를 해결하기 위한 단계별 조치 방법입니다.

1. **슬랙 앱을 엽니다.**
2. **[Help] 메뉴로 이동합니다.**
3. **[Troubleshoot] 메뉴를 선택합니다.**
4. **[Clear Cache and Restart]를 실행합니다.**

이 조치를 실행하시면 서버와 채널 목록이 다시 동기화되어 문제가 해결될 수 있습니다.

위 단계를 따라 해보신 후에도 문제가 지속된다면 다시 알려주시기 바랍니다.",0.4446431721279401,0.3814091332632934,0.0,0
사내 슬랙 채널 미동기화 및 유실,Context_Summarized,1,2,205,501,706,4.097484290000011,"안녕하세요. 슬랙 채널 미동기화 및 유실 문제에 대해 안내해 드리겠습니다.

제공해주신 [참고 문서]에 따르면, 슬랙 엔터프라이즈 그리드 마이그레이션 이후 특정 채널이 보이지 않는 현상은 **워크스페이스 연결 세션 캐시 오류**일 수 있으며, 이를 해결하기 위해 캐시를 지우고 재시작하는 절차를 안내해 드립니다.

다음은 문제를 해결하기 위한 단계별 조치 방법입니다.

1. **슬랙 앱을 실행합니다.**
2. **[Help] 메뉴로 이동합니다.**
3. **[Troubleshoot] 메뉴를 선택합니다.**
4. **[Clear Cache and Restart]를 실행합니다.**

이 절차를 수행하시면 서버와 채널 목록이 다시 동기화되어 문제가 해결될 수 있습니다.

위 단계를 따라 해보신 후에도 문제가 지속된다면 다시 알려주시기 바랍니다.",0.5139786250471643,0.4293772878952639,0.0,0
사내 슬랙 채널 미동기화 및 유실,Max_Chunks,6,2,216,661,877,4.3255652539996845,"안녕하세요. 슬랙 채널 미동기화 및 유실 문제에 대해 문의주셨군요. 제공해주신 [참고 문서]를 바탕으로 해결 방법을 안내해 드리겠습니다.

슬랙 엔터프라이즈 그리드 마이그레이션 이후 특정 채널이 보이지 않는 현상에 대한 해결 방법은 **워크스페이스 연결 세션 캐시 오류**를 해결하는 것입니다.

다음은 캐시를 지우고 재시작하여 서버와 채널 목록을 다시 동기화하는 단계별 조치 방법입니다.

1. **슬랙 앱을 엽니다.**
2. **[Help] 메뉴로 이동합니다.**
3. **[Troubleshoot] 메뉴를 선택합니다.**
4. **[Clear Cache and Restart]를 실행합니다.**

이 조치를 실행하시면 서버와 채널 목록이 다시 동기화될 것입니다.

혹시 이 단계를 따라 하신 후에도 문제가 해결되지 않거나 다른 문의사항이 있으시면 다시 말씀해 주십시오.",0.5133169424826265,0.4212810147499667,0.0,0
사내 슬랙 채널 미동기화 및 유실,High_Noise,4,2,190,604,794,3.8052036259996385,"사용자님께서 겪고 계신 문제는 슬랙 엔터프라이즈 그리드 마이그레이션 이후 특정 채널이 보이지 않는 현상과 관련이 있을 수 있습니다.

제공된 [참고 문서]에 따르면, 이 문제를 해결하기 위한 조치 방법은 다음과 같습니다.

**슬랙 채널 목록 재동기화 방법:**

1.  슬랙 앱을 엽니다.
2.  상단 메뉴에서 **[Help]**를 클릭합니다.
3.  **[Troubleshoot]**를 선택합니다.
4.  **[Clear Cache and Restart]**를 실행합니다.

이 조치를 실행하시면 서버와 채널 목록이 다시 동기화될 것입니다.

이 방법으로 문제가 해결되는지 확인해 보시고, 만약 다른 문제가 발생하거나 이 방법으로 해결되지 않는다면 다시 알려주시기 바랍니다.",0.5426874750706674,0.3129383864712463,0.0,0
사내 슬랙 채널 미동기화 및 유실,Ranking_Swapped,4,2,262,604,866,5.232067836000169,"사용자님께서 겪고 계신 슬랙 채널 미동기화 및 유실 문제에 대해 [참고 문서]를 바탕으로 해결 방법을 안내해 드리겠습니다.

슬랙 엔터프라이즈 그리드 마이그레이션 이후 특정 채널이 보이지 않는 현상(미동기화 문제)은 **워크스페이스 연결 세션 캐시 오류**일 수 있으며, 이를 해결하기 위해 캐시를 지우고 재시작하는 방법을 안내해 드립니다.

다음은 문제를 해결하기 위한 단계별 조치 방법입니다.

1. **슬랙 앱 실행:** 사용하고 계신 슬랙 애플리케이션을 엽니다.
2. **도움말 메뉴 접근:** 화면 상단 메뉴에서 **[Help]**를 클릭합니다.
3. **문제 해결 메뉴 선택:** 드롭다운 메뉴에서 **[Troubleshoot]**를 선택합니다.
4. **캐시 및 재시작 실행:** **[Clear Cache and Restart]** 옵션을 실행합니다.

이 조치를 실행하시면 서버와 채널 목록이 다시 동기화되어 문제가 해결될 수 있습니다.

위 단계를 따라 해보신 후에도 문제가 지속된다면 다시 알려주시기 바랍니다.",0.4677309876806678,0.3824584290566702,0.0,0
사내 슬랙 채널 미동기화 및 유실,Short_History,2,2,205,514,719,4.093271324999932,"안녕하세요. 슬랙 채널 미동기화 및 유실 문제에 대해 안내해 드리겠습니다.

제공해주신 [참고 문서]에 따르면, 슬랙 엔터프라이즈 그리드 마이그레이션 이후 특정 채널이 보이지 않는 현상은 **워크스페이스 연결 세션 캐시 오류**일 수 있으며, 이를 해결하기 위해 캐시를 지우고 재시작하는 방법이 있습니다.

다음은 해당 문제를 해결하기 위한 단계별 조치 방법입니다.

1. **슬랙 앱을 엽니다.**
2. **[Help] 메뉴로 이동합니다.**
3. **[Troubleshoot] 메뉴를 선택합니다.**
4. **[Clear Cache and Restart]를 실행합니다.**

이 조치를 실행하시면 서버와 채널 목록이 다시 동기화될 것입니다.

이 방법으로 문제가 해결되는지 확인해 보시고, 만약 여전히 문제가 지속된다면 다시 알려주시기 바랍니다.",0.4464562084842498,0.4280117132227845,0.0,0
사내 슬랙 채널 미동기화 및 유실,Long_History,2,6,264,620,884,5.2781243849999555,"사용자님께서 겪고 계신 슬랙 채널 미동기화 및 유실 문제에 대해 [참고 문서]를 바탕으로 해결 방법을 안내해 드리겠습니다.

슬랙 엔터프라이즈 그리드 마이그레이션 이후 특정 채널이 보이지 않는 현상은 워크스페이스 연결 세션 캐시 오류일 수 있으며, 이를 해결하기 위해 캐시를 지우고 재시작하는 방법을 안내해 드립니다.

다음은 따라 하실 단계별 조치 방법입니다.

1. **슬랙 앱 실행:** 사용하고 계신 슬랙 애플리케이션을 엽니다.
2. **설정 메뉴 접근:** 화면 왼쪽 상단 또는 사용자 프로필 영역에서 **[Help]** 메뉴를 찾아서 클릭합니다.
3. **문제 해결 메뉴 선택:** 드롭다운 메뉴에서 **[Troubleshoot]** 항목을 선택합니다.
4. **캐시 지우기 및 재시작:** **[Clear Cache and Restart]** 옵션을 선택하여 실행합니다.

이 조치를 실행하시면 서버와 채널 목록이 다시 동기화되어 문제가 해결될 수 있습니다.

위 단계를 따라 해보신 후에도 문제가 지속된다면 다시 알려주시기 바랍니다.",0.4314401099285367,0.4039990205931266,0.0,0
사내 슬랙 채널 미동기화 및 유실,Forced_JSON_Format,2,2,106,540,646,2.1373238440000932,"```json
{
  ""status"": ""success"",
  ""topic"": ""슬랙 채널 미동기화 및 유실 문제 해결"",
  ""solution_steps"": [
    ""1. 슬랙 앱을 엽니다."",
    ""2. 상단 메뉴에서 [Help]를 클릭합니다."",
    ""3. [Troubleshoot]를 선택합니다."",
    ""4. [Clear Cache and Restart]를 실행합니다.""
  ]
}
```",0.8213241908092825,0.4731265551220521,0.7142857142857143,1
사내 슬랙 채널 미동기화 및 유실,Hallucination_Defense,3,2,132,536,668,2.649072437000086,"죄송합니다. 제공해주신 [참고 문서]에는 슬랙 채널 미동기화 및 유실 문제에 대한 정보가 포함되어 있지 않습니다.

제공된 문서의 내용은 다음과 같습니다:
*   사내 동호회 지원금 신청 관련 안내
*   Visual Studio Code 테마 변경 방법
*   사내 도서관 이용 안내

따라서, 현재 겪고 계신 슬랙 문제에 대해서는 제가 안내해 드릴 수 없습니다. 해당 문제는 IT 지원팀의 다른 전문 분야에 문의하시거나, 슬랙 관련 별도의 기술 문서를 확인해 보시는 것을 권장드립니다.",0.4430287696087788,0.1695338328656498,0.0,0
사내 슬랙 채널 미동기화 및 유실,Mixed_Stress_Test,6,6,117,779,896,2.367746266999802,"```json
{
  ""해결책"": [
    ""슬랙 앱에서 [Help] 메뉴를 클릭합니다."",
    ""다음으로 [Troubleshoot]를 선택합니다."",
    ""그다음 [Clear Cache and Restart]를 실행합니다.""
  ],
  ""설명"": ""슬랙 엔터프라이즈 그리드 마이그레이션 이후 특정 채널이 보이지 않는 현상에 대한 해결 방법입니다. 이 조치를 통해 서버와 채널 목록이 다시 동기화됩니다.""
}
```",0.662637180900328,0.3384359430712521,0.0,1
프린터 스풀러 서비스 중지 에러,Baseline,3,2,246,477,723,4.908951219999835,"프린터 스풀러 서비스 중지 에러 문제 해결을 위해 참고 문서에 안내된 절차를 단계별로 자세히 안내해 드리겠습니다.

**[참고 문서]**에 따라 다음 순서대로 진행해 주십시오.

1. **명령 프롬프트(CMD)를 관리자 권한으로 실행합니다.**
2. **명령 프롬프트 창에 다음 명령어를 입력하고 실행하여 스풀러 서비스를 중지합니다.**
   ```
   net stop spooler
   ```
3. **파일 탐색기를 열어 다음 경로로 이동합니다.**
   `C:\Windows\System32\spool\PRINTERS`
4. **해당 폴더 내부에 있는 모든 파일을 삭제합니다.**
5. **다시 명령 프롬프트 창에 다음 명령어를 입력하고 실행하여 스풀러 서비스를 재시작합니다.**
   ```
   net start spooler
   ```

위 단계를 순서대로 진행하시면 프린터 스풀러 서비스 문제를 해결하는 데 도움이 될 것입니다. 진행하시다가 추가적인 문제가 발생하거나 궁금한 점이 있다면 언제든지 다시 문의해 주십시오.",0.2866087154487334,0.1816044764052627,0.2,0
프린터 스풀러 서비스 중지 에러,Context_Summarized,1,2,233,504,737,4.650869144999888,"프린터 스풀러 서비스 중지 에러 해결을 위해 참고 문서에 명시된 절차를 단계별로 안내해 드리겠습니다.

**[프린터 스풀러 서비스 중지 에러 해결 절차]**

1. **명령 프롬프트(CMD)를 관리자 권한으로 실행합니다.**
2. **명령 프롬프트 창에 다음 명령어를 입력하고 실행하여 스풀러 서비스를 중지합니다.**
   ```
   net stop spooler
   ```
3. **파일 탐색기를 열어 다음 경로로 이동합니다.**
   `C:\Windows\System32\spool\PRINTERS`
4. **해당 폴더 내부에 있는 모든 파일을 삭제합니다.**
5. **다시 명령 프롬프트 창에 다음 명령어를 입력하고 실행하여 스풀러 서비스를 재시작합니다.**
   ```
   net start spooler
   ```

위 단계를 순서대로 진행하시면 문제를 해결하는 데 도움이 될 것입니다. 진행하시다가 추가적인 문제가 발생하면 언제든지 다시 문의해 주십시오.",0.4018456173000628,0.1876477941546021,0.2,0
프린터 스풀러 서비스 중지 에러,Max_Chunks,6,2,234,667,901,4.681788032999975,"프린터 스풀러 서비스 중지 에러 문제에 대해 안내해 드리겠습니다. 제공해주신 [참고 문서]에 따라 다음과 같은 순서로 조치해 주시면 됩니다.

**[프린터 스풀러 서비스 재시작 방법]**

1. **명령 프롬프트(cmd)를 관리자 권한으로 실행합니다.**
2. **명령 프롬프트 창에서 다음 명령어를 입력하여 스풀러 서비스를 중지합니다.**
   ```
   net stop spooler
   ```
3. **파일 탐색기를 열어 다음 경로로 이동합니다.**
   `C:\Windows\System32\spool\PRINTERS`
4. **해당 폴더 내부에 있는 모든 파일을 삭제합니다.**
5. **다시 명령 프롬프트 창에서 다음 명령어를 입력하여 스풀러 서비스를 재시작합니다.**
   ```
   net start spooler
   ```

위 단계를 순서대로 진행하시면 문제가 해결될 수 있습니다. 진행하시다가 추가적인 질문이 있으시면 언제든지 말씀해 주십시오.",0.3332188435271817,0.184897599702383,0.2,0
프린터 스풀러 서비스 중지 에러,High_Noise,4,2,257,610,867,5.134237031999874,"프린터 드라이버 오류로 인해 Windows의 Print Spooler 서비스가 중지된 것으로 보입니다. 참고 문서에 안내된 대로 문제를 해결하기 위한 단계별 조치 방법은 다음과 같습니다.

**주의:** 아래 작업은 **관리자 권한**으로 명령 프롬프트를 실행해야 합니다.

1. **명령 프롬프트(CMD)를 관리자 권한으로 실행합니다.**
2. **Print Spooler 서비스를 중지합니다.**
   * `net stop spooler` 명령어를 입력하고 엔터를 누릅니다.
3. **Print Spooler 관련 파일을 삭제합니다.**
   * 파일 탐색기를 열어 다음 경로로 이동합니다: `C:\Windows\System32\spool\PRINTERS`
   * 해당 폴더 내부에 있는 **모든 파일**을 삭제합니다.
4. **Print Spooler 서비스를 다시 시작합니다.**
   * 명령 프롬프트 창에 `net start spooler` 명령어를 입력하고 엔터를 누릅니다.

위 단계를 순서대로 진행하시면 Print Spooler 서비스를 재시작하여 문제를 해결할 수 있습니다. 진행하시다가 추가적인 문제가 발생하면 다시 알려주십시오.",0.2182874198488393,0.2213033063438198,0.1999999999999999,0
프린터 스풀러 서비스 중지 에러,Ranking_Swapped,4,2,241,610,851,4.816774569000245,"프린터 인쇄 작업 중 멈춤 현상과 함께 프린터 드라이버 오류가 발생했을 때 Windows의 Print Spooler 서비스가 중지된 경우, 참고 문서에 안내된 대로 다음과 같은 순서로 조치하시면 됩니다.

**Print Spooler 서비스 재시작 방법**

1. **명령 프롬프트(cmd)를 관리자 권한으로 실행합니다.**
2. **명령 프롬프트 창에 다음 명령어를 입력하고 실행하여 스풀러 서비스를 중지합니다.**
   ```
   net stop spooler
   ```
3. **다음 경로로 이동하여 내부 파일을 모두 삭제합니다.**
   `C:\Windows\System32\spool\PRINTERS` 폴더로 이동하여 해당 폴더 내의 모든 파일을 삭제합니다.
4. **다시 명령 프롬프트 창에 다음 명령어를 입력하고 실행하여 스풀러 서비스를 재시작합니다.**
   ```
   net start spooler
   ```

위 단계를 순서대로 진행하시면 문제가 해결될 수 있습니다. 진행하시다가 추가적인 문제가 발생하면 다시 알려주십시오.",0.4194031933959162,0.3436018372999171,0.25,0
프린터 스풀러 서비스 중지 에러,Short_History,2,2,287,520,807,5.716272979000223,"안녕하세요. 프린터 스풀러 서비스 중지 에러 문제 해결을 위해 참고 문서를 바탕으로 정확한 조치 방법을 단계별로 안내해 드리겠습니다.

**[참고 문서]**에 따르면, 인쇄 작업 중 멈춤 현상과 함께 프린터 드라이버 오류가 발생했을 때 Print Spooler 서비스가 중지된 경우 다음과 같은 순서로 조치하시면 됩니다.

**Print Spooler 서비스 재시작 및 파일 삭제 절차:**

1. **명령 프롬프트(CMD)를 관리자 권한으로 실행합니다.**
2. **명령 프롬프트 창에 다음 명령어를 입력하여 스풀러 서비스를 중지합니다.**
   ```
   net stop spooler
   ```
3. **파일 탐색기를 열어 다음 경로로 이동합니다.**
   `C:\Windows\System32\spool\PRINTERS`
4. **해당 폴더 내부에 있는 모든 파일을 삭제합니다.**
5. **명령 프롬프트 창으로 돌아와 다음 명령어를 입력하여 스풀러 서비스를 다시 시작합니다.**
   ```
   net start spooler
   ```

위 단계를 순서대로 진행하시면 프린터 스풀러 서비스 문제를 해결하는 데 도움이 될 것입니다. 진행하시다가 추가적인 문제가 발생하면 언제든지 다시 문의해 주십시오.",0.4703342204505998,0.3291922093311628,0.1666666666666666,0
프린터 스풀러 서비스 중지 에러,Long_History,2,6,234,626,860,4.6798260820000905,"프린터 스풀러 서비스 중지 에러 해결을 위해 [참고 문서]에 명시된 절차에 따라 아래와 같이 진행해 주시기 바랍니다. **반드시 관리자 권한으로 명령 프롬프트를 실행**해야 합니다.

1. **명령 프롬프트(CMD)를 관리자 권한으로 실행합니다.**
2. **스풀러 서비스 중지:** 다음 명령어를 입력하고 엔터를 누릅니다.
   ```
   net stop spooler
   ```
3. **스풀 파일 삭제:** 다음 경로로 이동하여 내부 파일을 모두 삭제합니다.
   ```
   del /Q /F /S C:\Windows\System32\spool\PRINTERS\*
   ```
4. **스풀러 서비스 재시작:** 다음 명령어를 입력하고 엔터를 누릅니다.
   ```
   net start spooler
   ```

위의 4단계를 순서대로 진행하시면 프린터 스풀러 서비스 문제를 해결하는 데 도움이 될 것입니다. 진행하시다가 추가적인 문제가 발생하면 다시 알려주십시오.",0.2074004309042868,0.1891481771626869,0.1666666666666666,0
프린터 스풀러 서비스 중지 에러,Forced_JSON_Format,2,2,179,546,725,3.580611453000074,"```json
{
  ""status"": ""success"",
  ""topic"": ""Print Spooler 서비스 중지 및 재시작 방법"",
  ""solution_steps"": [
    ""1. 명령 프롬프트(cmd)를 관리자 권한으로 엽니다."",
    ""2. 명령 프롬프트에서 다음 명령어를 입력하여 스풀러 서비스를 중지합니다: `net stop spooler`"",
    ""3. 파일 탐색기를 열고 다음 경로로 이동합니다: `C:\\Windows\\System32\\spool\\PRINTERS`"",
    ""4. 해당 폴더 내부에 있는 모든 파일을 삭제합니다."",
    ""5. 명령 프롬프트에서 다음 명령어를 입력하여 스풀러 서비스를 다시 시작합니다: `net start spooler`""
  ]
}
```",0.8053624757219803,0.529021897991713,0.6956521739130435,1
프린터 스풀러 서비스 중지 에러,Hallucination_Defense,3,2,182,530,712,3.6360749659997964,"죄송합니다. 고객님께서 문의하신 '프린터 스풀러 서비스 중지 에러'에 대한 해결 방법을 안내해 드리기 위해서는 해당 문제에 대한 관련 [참고 문서]가 필요합니다.

현재 제공해주신 [참고 문서]는 다음과 같은 내용에 대한 정보입니다.

*   사내 동호회 지원금 신청 방법
*   Visual Studio Code 테마 변경 방법
*   사내 도서관 이용 안내

**제공된 문서에는 프린터 스풀러 서비스 중지 에러에 대한 정보가 포함되어 있지 않아, 해당 문제에 대한 해결책을 안내해 드릴 수 없습니다.**

문제를 해결하기 위해 프린터 관련 오류 코드나 발생 상황에 대해 조금 더 자세히 설명해 주시거나, 프린터 관리 시스템 관련 문서를 제공해 주시면 확인 후 도움을 드릴 수 있도록 하겠습니다.",0.4600585298877597,0.1950456633868741,0.0,0
프린터 스풀러 서비스 중지 에러,Mixed_Stress_Test,6,6,195,785,980,3.916058059000079,"```json
{
  ""해결_방법"": [
    ""1. 명령 프롬프트(cmd)를 관리자 권한으로 실행합니다."",
    ""2. 명령 프롬프트 창에서 다음 명령어를 입력하여 스풀러 서비스를 중지합니다: `net stop spooler`"",
    ""3. 파일 탐색기를 열고 다음 경로로 이동합니다: `C:\\Windows\\System32\\spool\\PRINTERS`"",
    ""4. 해당 폴더 내부에 있는 모든 파일을 삭제합니다."",
    ""5. 명령 프롬프트 창으로 돌아와 다음 명령어를 입력하여 스풀러 서비스를 다시 시작합니다: `net start spooler`""
  ],
  ""참고"": ""인쇄 작업 중 멈춤 현상과 함께 프린터 드라이버 오류가 날 경우 Windows의 Print Spooler 서비스가 죽은 것입니다.""
}
```",0.5094408553509883,0.42008901190323,0.2142857142857142,1
크롬 브라우저 확장프로그램 차단 정책,Baseline,3,2,263,474,737,5.243493934000071,"안녕하세요. 크롬 확장 프로그램 설치가 차단되어 '조직에서 관리함' 메시지가 나타나는 문제에 대해 안내해 드리겠습니다.

제공해주신 [참고 문서]에 근거하여, 업무상 필요한 확장 프로그램을 사용하기 위해서는 **사내 IT 자산 보안성 심사 시스템을 통해 예외 신청 및 승인 절차**를 거쳐야 합니다.

확장 프로그램 화이트리스트 등록을 위한 단계별 조치 방법은 다음과 같습니다.

1. **예외 신청 시스템 접속:** 사내 IT 자산 보안성 심사 시스템인 `it-security.company.com`에 접속합니다.
2. **예외 신청:** 해당 시스템 내에서 업무상 반드시 필요한 확장 프로그램에 대한 예외 신청을 진행합니다.
3. **승인 대기:** 신청이 완료되면 시스템에서 해당 요청에 대한 승인 여부를 기다립니다.
4. **화이트리스트 등록 확인:** 승인이 완료되면 해당 확장 프로그램이 화이트리스트에 등록되어 차단이 해제됩니다.

이 절차를 통해 필요한 확장 프로그램에 대한 승인을 받으시면 문제를 해결하실 수 있습니다. 추가적으로 시스템 접속이나 신청 과정에서 어려움이 있으시면 다시 문의해 주십시오.",0.3363998242648848,0.2306505823225744,0.0,0
크롬 브라우저 확장프로그램 차단 정책,Context_Summarized,1,2,263,502,765,5.242399858000226,"안녕하세요. 크롬 브라우저 확장프로그램 차단 정책 관련하여 문의주셨군요. 제공해주신 [참고 문서]를 바탕으로 '조직에서 관리함' 메시지가 떴을 때의 해결 절차를 단계별로 안내해 드리겠습니다.

**크롬 브라우저 확장프로그램 차단 정책 해결 절차**

업무상 반드시 필요한 확장 프로그램이라면, 다음 절차에 따라 예외 신청 및 승인을 받으셔야 화이트리스트에 등록될 수 있습니다.

1. **예외 신청 시스템 접속:** 사내 IT 자산 보안성 심사 시스템인 `it-security.company.com`에 접속합니다.
2. **예외 신청:** 해당 시스템 내에서 업무상 필요한 확장 프로그램에 대한 예외 신청을 진행합니다.
3. **승인 대기:** 신청이 완료되면 시스템에서 해당 요청에 대한 승인을 기다립니다.
4. **화이트리스트 등록 확인:** 승인이 완료되면 해당 확장 프로그램이 화이트리스트에 등록되어 차단이 해제됩니다.

이 절차를 통해 필요한 확장 프로그램에 대한 승인을 받으시면 문제를 해결하실 수 있습니다. 추가로 궁금한 점이 있으시면 언제든지 문의해 주십시오.",0.2250210130010028,0.2776512924364319,0.0,0
크롬 브라우저 확장프로그램 차단 정책,Max_Chunks,6,2,193,664,857,3.8668009379998693,"안녕하세요. 크롬 브라우저 확장 프로그램 차단 관련하여 문의주셨군요.

제공해주신 [참고 문서]를 확인한 결과, 특정 크롬 확장 프로그램 설치가 차단되었을 때 나타나는 메시지에 대한 해결 방법은 다음과 같습니다.

1. **예외 신청 및 승인 절차 진행:** 업무상 반드시 필요한 확장 프로그램이라면, 사내 IT 자산 보안성 심사 시스템인 **it-security.company.com**을 통해 예외 신청을 하셔야 합니다.
2. **승인 대기:** 예외 신청 후 승인을 받아야 해당 확장 프로그램이 화이트리스트에 등록되어 사용이 가능해집니다.

이 절차에 따라 진행해 주시면 문제를 해결하실 수 있을 것입니다.

혹시 이 절차를 진행하는 과정에서 추가적인 도움이 필요하시거나, 다른 기술적인 문제가 있으시면 언제든지 다시 문의해 주십시오.",0.2190408693222906,0.2846313738210069,0.0,0
크롬 브라우저 확장프로그램 차단 정책,High_Noise,4,2,179,607,786,3.585778008000034,"제공해주신 [참고 문서]를 바탕으로 사용자님의 질문에 답변드리겠습니다.

사용자님께서 언급하신 ""특정 크롬 확장 프로그램 설치가 차단된 경우 '조직에서 관리함' 메시지가 뜬다""는 상황에 대한 조치 방법은 다음과 같습니다.

1.  **예외 신청 및 승인 요청:** 업무상 반드시 필요한 확장 프로그램이라면 사내 IT 자산 보안성 심사 시스템인 **it-security.company.com**을 통해 예외 신청을 진행해야 합니다.
2.  **승인 대기:** 신청 후 승인을 받아야 해당 확장 프로그램이 화이트리스트에 등록됩니다.

이 절차를 통해 확장 프로그램 사용을 승인받으실 수 있습니다.

혹시 이와 관련하여 추가로 궁금하신 사항이 있으신가요?",0.3728568382454086,0.3541972347686059,0.0,0
크롬 브라우저 확장프로그램 차단 정책,Ranking_Swapped,4,2,250,607,857,4.993461359999856,"안녕하세요. 크롬 확장 프로그램 차단 관련하여 문의주셨군요. 제공해주신 [참고 문서]를 바탕으로 안내해 드리겠습니다.

회사 보안 정책으로 인해 특정 크롬 확장 프로그램 설치가 차단되어 '조직에서 관리함' 메시지가 뜬 경우, 업무상 필요한 확장 프로그램이라면 다음 절차를 따라 예외 신청 및 승인을 받으셔야 화이트리스트에 등록될 수 있습니다.

**크롬 확장 프로그램 예외 신청 및 승인 절차:**

1. **예외 신청 시스템 접속:** 사내 IT 자산 보안성 심사 시스템인 **it-security.company.com**에 접속합니다.
2. **예외 신청:** 해당 시스템을 통해 업무상 반드시 필요한 확장 프로그램에 대한 예외 신청을 진행합니다.
3. **승인 대기:** 신청이 완료되면 시스템에서 승인 여부를 기다립니다.
4. **화이트리스트 등록:** 승인이 완료되면 해당 확장 프로그램이 화이트리스트에 등록되어 사용이 가능해집니다.

이 절차를 통해 필요한 확장 프로그램을 등록하실 수 있습니다. 추가로 궁금한 점이 있으시면 언제든지 말씀해 주십시오.",0.3368725744348969,0.3287854902933697,0.0,0
크롬 브라우저 확장프로그램 차단 정책,Short_History,2,2,241,517,758,4.806631053000274,"안녕하세요. 크롬 확장 프로그램 차단 관련하여 문의주셨군요. 제공해주신 [참고 문서]를 바탕으로 안내해 드리겠습니다.

현재 확장 프로그램 설치가 차단되어 '조직에서 관리함' 메시지가 뜬다면, 업무상 필요한 확장 프로그램에 대해 예외 신청 및 승인 절차를 거쳐야 합니다.

확장 프로그램 화이트리스트 등록을 위한 조치 방법은 다음과 같습니다.

1. **예외 신청 및 승인 요청:** 사내 IT 자산 보안성 심사 시스템인 **it-security.company.com**에 접속하여 예외 신청을 진행합니다.
2. **승인 대기:** 신청한 내용에 대해 승인을 기다립니다.
3. **화이트리스트 등록:** 승인이 완료되면 해당 확장 프로그램이 화이트리스트에 등록되어 사용이 가능해집니다.

이 절차를 통해 업무상 필요한 확장 프로그램을 승인받아 등록하시면 문제를 해결하실 수 있습니다.

혹시 **it-security.company.com** 접속 방법이나 예외 신청 절차에 대해 더 궁금하신 점이 있으신가요?",0.33011334010781,0.2313072067048741,0.0,0
크롬 브라우저 확장프로그램 차단 정책,Long_History,2,6,266,623,889,5.314850836000005,"제공해주신 [참고 문서]를 바탕으로 크롬 확장 프로그램 차단 정책 관련하여 안내해 드리겠습니다.

현재 겪고 계신 '조직에서 관리함' 메시지는 회사 보안 정책으로 인해 특정 확장 프로그램 설치가 차단되었을 때 나타나는 현상으로 보입니다.

업무상 반드시 필요한 확장 프로그램이라면, 다음 절차에 따라 예외 신청 및 승인을 받으셔야 화이트리스트에 등록될 수 있습니다.

**확장 프로그램 예외 신청 및 승인 절차:**

1. **예외 신청 시스템 접속:** 사내 IT 자산 보안성 심사 시스템인 **it-security.company.com**에 접속합니다.
2. **예외 신청:** 해당 시스템 내에서 업무상 필요한 확장 프로그램에 대한 예외 신청을 진행합니다.
3. **승인 대기:** 신청이 완료되면 보안 심사를 거쳐 승인을 기다려야 합니다.
4. **화이트리스트 등록:** 승인이 완료되면 해당 확장 프로그램이 화이트리스트에 등록되어 정상적으로 사용 가능해집니다.

이 절차를 통해 확장 프로그램 사용에 대한 승인을 받으실 수 있습니다. 추가적으로 궁금한 사항이 있으시면 언제든지 문의해 주십시오.",0.3901717100537337,0.3289860876835833,0.0,0
크롬 브라우저 확장프로그램 차단 정책,Forced_JSON_Format,2,2,125,543,668,2.5120791720000852,"```json
{
  ""status"": ""success"",
  ""topic"": ""크롬 확장 프로그램 차단 정책 관련 조치 방법"",
  ""solution_steps"": [
    ""회사 보안 정책으로 인해 특정 크롬 확장 프로그램 설치가 차단된 경우, 업무상 반드시 필요한 확장 프로그램이라면 사내 IT 자산 보안성 심사 시스템(it-security.company.com)을 통해 예외 신청 후 승인을 받아야 합니다."",
    ""승인 절차를 통해 해당 확장 프로그램을 화이트리스트에 등록해야 합니다.""
  ]
}
```",0.9121051901059348,0.7479611199564608,0.8181818181818182,1
크롬 브라우저 확장프로그램 차단 정책,Hallucination_Defense,3,2,208,532,740,4.150119073000042,"제공해주신 [참고 문서]를 확인했습니다. 하지만 현재 사용자님께서 문의하신 내용(""메시지가 하나 뜨긴 하는데 정확히 매뉴얼대로 조치하는 법을 알고 싶어요. 구체적인 처리 순서나 명령어, 메뉴 경로를 일목요연하게 짚어주세요."")과 관련하여, **제공된 참고 문서에는 해당 내용에 대한 구체적인 매뉴얼이나 처리 순서가 포함되어 있지 않습니다.**

제공된 참고 문서는 다음과 같은 내용들만 포함하고 있습니다.
*   사내 동호회 지원금 신청 방법 및 지원 한도
*   Visual Studio Code 테마 변경 방법
*   사내 도서관 위치 및 대출 규정

따라서, 어떤 메시지가 뜨는지, 그리고 어떤 작업을 시도하고 계신지에 대한 추가 정보가 있다면 해당 문제에 대해 도움을 드릴 수 있습니다. 어떤 문제에 대해 문의하신 것인지 다시 한번 자세히 설명해 주시겠어요?",0.3844402064225827,0.1295699908715911,0.0,0
크롬 브라우저 확장프로그램 차단 정책,Mixed_Stress_Test,6,6,116,782,898,2.3482539130000077,"```json
{
  ""해결책"": [
    ""회사 보안 정책으로 인해 특정 크롬 확장 프로그램 설치가 차단된 경우, '조직에서 관리함' 메시지가 표시됩니다."",
    ""업무상 반드시 필요한 확장 프로그램이라면, 사내 IT 자산 보안성 심사 시스템(it-security.company.com)을 통해 예외 신청을 진행해야 합니다."",
    ""예외 신청 후 승인을 받아야 해당 확장 프로그램이 화이트리스트에 등록됩니다.""
  ]
}
```",0.5540609616040475,0.4045241304595092,0.0,1
사내 MDM 프로필 설치 실패,Baseline,3,2,234,470,704,4.670442686000115,"MDM 프로필 설치 실패 문제에 대해 안내해 드리겠습니다. 참고 문서에 따르면, 기존에 설치되어 있던 타사 또는 구버전 프로필과의 충돌이 원인일 수 있으며, 이를 해결하기 위해 기존 프로필을 제거한 후 재설치해야 합니다.

다음은 MDM 프로필 설치 실패 문제를 해결하기 위한 단계별 조치 방법입니다.

1. **기존 프로필 제거:**
    * 기기의 **[설정]**으로 이동합니다.
    * **[일반]** 메뉴를 선택합니다.
    * **[VPN 및 기기 관리]** 메뉴로 이동합니다.
    * 이 메뉴에서 기존에 설치되어 있던 프로필을 **완전히 제거**해 주십시오.

2. **재설치 시도:**
    * 기존 프로필 제거가 완료된 후, 사내에서 제공하는 **사내 QR코드를 다시 스캔**하여 MDM 프로필을 설치해 보십시오.

위 단계를 따라 진행하시면 문제가 해결될 수 있습니다. 진행하시다가 추가적인 문제가 발생하면 다시 문의해 주십시오.",0.3111849137841889,0.2226612761521012,0.4,0
사내 MDM 프로필 설치 실패,Context_Summarized,1,2,272,495,767,5.419736153000031,"안녕하세요. 사내 MDM 프로필 설치 실패 문제에 대해 안내해 드리겠습니다.

제공해주신 [참고 문서]에 따라, 기존에 설치되어 있던 타사 또는 구버전 프로필과의 충돌을 해결하기 위해 다음 단계를 순서대로 진행해 주시기 바랍니다.

**사내 MDM 프로필 설치 실패 해결 단계:**

1. **기존 프로필 제거:** 기기의 **[설정]** 앱으로 이동합니다.
2. **VPN 및 기기 관리 메뉴 접근:** 설정 메뉴 내에서 **[일반]** 항목을 선택합니다.
3. **프로필 관리 메뉴 진입:** [일반] 메뉴에서 **[VPN 및 기기 관리]** 항목을 찾아서 진입합니다.
4. **기존 프로필 제거:** 해당 메뉴에서 기존에 설치되어 있던 프로필을 **완전히 제거**합니다.
5. **재설치 시도:** 프로필 제거가 완료된 후, 사내에서 제공하는 **QR 코드를 다시 스캔**하여 MDM 프로필 설치를 시도해 주십시오.

이 절차를 따르면 기존 프로필과의 충돌 문제를 해결하고 프로필 설치가 성공적으로 완료될 것입니다. 진행하시다가 추가적인 문제가 발생하면 다시 문의해 주십시오.",0.4731139168656504,0.2132758434192239,0.2857142857142857,0
사내 MDM 프로필 설치 실패,Max_Chunks,6,2,263,660,923,5.256475140999555,"안녕하세요. MDM 프로필 설치 실패 문제로 불편을 드려 죄송합니다. 제공해주신 [참고 문서]를 바탕으로 문제 해결 방법을 단계별로 안내해 드리겠습니다.

MDM 프로필 설치 실패는 기존에 설치되어 있던 타사 또는 구버전 프로필과의 충돌 때문에 발생할 수 있으며, 이를 해결하기 위해서는 기존 프로필을 완전히 제거한 후 사내 QR코드를 재스캔해야 합니다.

다음은 조치 방법입니다.

1. **기존 프로필 제거:** 기기의 **[설정]**으로 이동합니다.
2. **메뉴 이동:** **[일반]** 메뉴를 선택합니다.
3. **VPN 및 기기 관리 진입:** **[VPN 및 기기 관리]** 메뉴로 이동합니다.
4. **프로필 제거:** 해당 메뉴에서 기존에 설치되어 있던 프로필을 **완전히 제거**합니다.
5. **재설치:** 프로필 제거 후, **사내 QR코드**를 다시 스캔하여 설치를 진행해 주십시오.

이 순서대로 진행하시면 문제가 해결될 것으로 예상됩니다. 혹시 진행하시다가 추가적인 문제가 발생하거나 다른 문의사항이 있으시면 언제든지 다시 연락 주십시오.",0.3163729683204199,0.2081478448654941,0.2857142857142857,0
사내 MDM 프로필 설치 실패,High_Noise,4,2,213,603,816,4.261572297999919,"안녕하세요. MDM 프로필 설치 실패 문제로 문의주셨군요. 제공해주신 [참고 문서]를 바탕으로 문제를 해결할 수 있는 방법을 단계별로 안내해 드리겠습니다.

iOS 또는 안드로이드 기기에 사내 메일 연동을 위한 MDM 프로필 설치가 실패하는 경우, 기존에 설치되어 있던 타사 또는 구버전 프로필과의 충돌이 원인일 수 있습니다.

다음은 기존 프로필을 제거하고 사내 QR코드를 재스캔하는 해결 방법입니다.

1. **설정 메뉴로 이동합니다.**
2. **'일반' 메뉴를 선택합니다.**
3. **'VPN 및 기기 관리' 메뉴로 이동합니다.**
4. **기존에 설치되어 있던 프로필을 완전히 제거합니다.**
5. **제거 후 사내 QR코드를 다시 스캔합니다.**

이 순서대로 진행하시면 문제가 해결될 수 있습니다. 추가로 궁금한 점이 있으시면 언제든지 말씀해 주세요.",0.4325056552965778,0.4256643649540275,0.4285714285714285,0
사내 MDM 프로필 설치 실패,Ranking_Swapped,4,2,205,603,808,4.100717753000026,"MDM 프로필 설치 실패 문제에 대해 안내해 드리겠습니다.

iOS 또는 안드로이드 기기에 사내 메일 연동을 위한 MDM 프로필 설치가 실패하는 경우, 기존에 설치되어 있던 타사 혹은 구버전 프로필과의 충돌 때문일 수 있습니다. 이 경우, 다음 단계를 따라 기존 프로필을 제거하신 후 사내 QR코드를 재스캔해 보시기 바랍니다.

**MDM 프로필 재설치를 위한 조치 순서:**

1. **설정 메뉴로 이동합니다.**
2. **'일반' 메뉴로 들어갑니다.**
3. **'VPN 및 기기 관리' 메뉴를 선택합니다.**
4. **기존에 설치되어 있던 프로필을 완전히 제거합니다.**
5. **사내 QR코드를 다시 스캔합니다.**

이 순서대로 진행하시면 문제가 해결될 수 있습니다. 추가로 궁금한 점이 있으시면 언제든지 문의해 주십시오.",0.4584190105236601,0.4599593872271452,0.4,0
사내 MDM 프로필 설치 실패,Short_History,2,2,267,513,780,5.32041686499997,"안녕하세요. MDM 프로필 설치 실패 문제로 불편을 드려 죄송합니다. 제공해주신 [참고 문서]를 바탕으로 문제를 해결할 수 있는 정확한 조치 방법을 단계별로 안내해 드리겠습니다.

MDM 프로필 설치 실패는 기존에 설치된 타사 또는 구버전 프로필과의 충돌 때문에 발생하는 경우가 많습니다. 아래 순서대로 진행해 주시면 문제를 해결하는 데 도움이 될 것입니다.

**MDM 프로필 재설치 및 설치 순서**

1. **기존 프로필 제거:** 기기의 **[설정]**으로 이동합니다.
2. **VPN 및 기기 관리 메뉴 접근:** 설정 메뉴 내에서 **[일반]** 항목을 선택한 후, **[VPN 및 기기 관리]** 메뉴로 이동합니다.
3. **기존 프로필 제거:** 해당 메뉴에서 기존에 설치되어 있던 프로필을 **완전히 제거**해 주십시오.
4. **재설치:** 프로필 제거가 완료된 후, **사내 QR코드를 다시 스캔**하여 프로필을 설치해 주십시오.

위 단계를 정확하게 따라 해보시면 문제가 해결될 것입니다. 진행하시다가 추가적인 문제가 발생하면 언제든지 다시 문의해 주십시오.",0.3151389810229064,0.2007644337353101,0.3076923076923076,0
사내 MDM 프로필 설치 실패,Long_History,2,6,232,619,851,4.639129540999875,"MDM 프로필 설치 실패 문제에 대해 안내해 드리겠습니다. 참고 문서에 따르면, 기존에 설치되어 있던 타사 또는 구버전 프로필과의 충돌이 원인일 수 있으므로, 기존 프로필을 제거한 후 다시 시도해야 합니다.

다음은 프로필을 제거하고 재설치하는 단계별 조치 방법입니다.

1. **기존 프로필 제거:**
    * 기기의 **[설정]**으로 이동합니다.
    * **[일반]** 메뉴를 선택합니다.
    * **[VPN 및 기기 관리]** 메뉴로 이동합니다.
    * 현재 설치되어 있는 기존 프로필을 **완전히 제거**합니다.

2. **재설치 시도:**
    * 프로필 제거가 완료된 후, 사내에서 제공하는 **사내 QR코드를 다시 스캔**하여 MDM 프로필 설치를 진행해 주십시오.

위 단계를 따라 진행하시면 문제가 해결될 수 있습니다. 혹시 이 과정에서 추가적인 오류 메시지가 발생하거나 다른 문제가 있다면 다시 알려주시기 바랍니다.",0.2270595241153114,0.2237139513852026,0.4444444444444444,0
사내 MDM 프로필 설치 실패,Forced_JSON_Format,2,2,125,539,664,2.5114211620002607,"```json
{
  ""status"": ""success"",
  ""topic"": ""MDM 프로필 설치 실패 해결"",
  ""solution_steps"": [
    ""1. [설정] 메뉴로 이동합니다."",
    ""2. [일반] 메뉴로 이동합니다."",
    ""3. [VPN 및 기기 관리] 메뉴로 이동합니다."",
    ""4. 기존에 설치되어 있던 타사 혹은 구버전 프로필을 완전히 제거합니다."",
    ""5. 사내 QR코드를 다시 스캔합니다.""
  ]
}
```",0.9081297638115116,0.4685629988970667,0.56,1
사내 MDM 프로필 설치 실패,Hallucination_Defense,3,2,184,526,710,3.6758297269998366,"죄송합니다. 고객님께서 문의하신 '사내 MDM 프로필 설치 실패' 문제에 대해 제가 참고할 수 있는 [참고 문서]를 확인해 보았으나, 해당 문서에는 MDM 프로필 설치와 관련된 정보가 포함되어 있지 않습니다.

제공된 참고 문서는 다음과 같은 내용에 대한 정보만 담고 있습니다.

*   사내 동호회 지원금 신청 방법 및 지원 한도
*   Visual Studio Code 테마 변경 방법
*   사내 도서관 위치 및 대출 규정

따라서, MDM 프로필 설치 실패 문제에 대한 구체적인 해결책이나 매뉴얼은 제공된 문서에서 찾을 수 없습니다.

문제를 해결하기 위해 IT 지원팀에 문의하시거나, MDM 설치 관련 상세 가이드 문서를 다시 제공해 주시면 확인 후 도움을 드릴 수 있도록 하겠습니다.",0.4116168826906159,0.1862084170055846,0.0,0
사내 MDM 프로필 설치 실패,Mixed_Stress_Test,6,6,103,778,881,2.090020777999598,"```json
{
  ""해결책"": [
    ""1. [설정] 메뉴로 이동합니다."",
    ""2. [일반] 메뉴를 선택합니다."",
    ""3. [VPN 및 기기 관리] 메뉴로 이동합니다."",
    ""4. 기존에 설치되어 있던 타사 혹은 구버전 프로필을 완전히 제거합니다."",
    ""5. 사내 QR코드를 다시 스캔합니다.""
  ]
}
```",0.3310353749689296,0.1737837639789709,0.0,1
Node.js 사내 Nexus 사설 레지스트리 에러,Baseline,3,2,285,476,761,5.681919766000192,"안녕하세요. Node.js에서 Nexus 사설 레지스트리 관련하여 `401 Unauthorized` 또는 `403 Forbidden` 에러가 발생하는 경우, 인증 세션 만료로 인해 발생하는 문제일 수 있습니다.

제공해주신 [참고 문서]에 따라, 사내 계정으로 다시 인증을 수행하는 방법을 단계별로 안내해 드리겠습니다.

**해결 방법: `npm login` 명령어를 사용하여 재인증 수행**

1. **명령 프롬프트 또는 터미널 열기:** 사용하시는 시스템에서 명령어를 실행할 수 있는 터미널(명령 프롬프트, PowerShell, Git Bash 등)을 엽니다.
2. **인증 명령어 실행:** 다음 명령어를 정확하게 입력하고 실행합니다.
   ```bash
   npm login --registry=https://nexus.company.com
   ```
3. **인증 정보 입력:** 명령어를 실행하면, 사내 계정의 사용자 이름과 비밀번호를 입력하라는 메시지가 나타날 것입니다. 안내에 따라 해당 정보를 입력하여 인증을 완료합니다.

이 단계를 통해 사내 Nexus 사설 저장소에 대한 인증 세션을 새로고침하여 문제를 해결할 수 있습니다.

위의 절차를 따라 해보시고, 문제가 해결되지 않거나 다른 오류가 발생하면 다시 알려주시기 바랍니다.",0.2919633093290418,0.2778789372936495,0.4705882352941176,0
Node.js 사내 Nexus 사설 레지스트리 에러,Context_Summarized,1,2,281,507,788,5.600602207000065,"안녕하세요. Node.js 사내 Nexus 사설 레지스트리 관련 에러 문제에 대해 안내해 드리겠습니다.

제공해주신 [참고 문서]에 따르면, `npm install` 실행 시 401 Unauthorized 또는 403 Forbidden 에러가 발생하는 경우, 사내 사설 npm 저장소(Nexus)의 인증 세션이 만료되었기 때문이며, `npm login --registry=https://nexus.company.com` 명령어를 통해 사내 계정으로 다시 인증을 수행해야 합니다.

다음은 문제를 해결하기 위한 단계별 조치 방법입니다.

1. **명령 프롬프트 또는 터미널 열기:** 사용하시는 시스템에서 명령어를 실행할 수 있는 터미널(명령 프롬프트 또는 PowerShell 등)을 엽니다.
2. **인증 명령어 실행:** 다음 명령어를 정확하게 입력하고 실행하여 사내 Nexus 레지스트리에 다시 로그인 및 인증을 수행합니다.
   ```bash
   npm login --registry=https://nexus.company.com
   ```

이 단계를 완료하시면 사내 Nexus 레지스트리에 대한 인증이 갱신되어 문제가 해결될 것으로 예상됩니다.

혹시 이 단계를 진행하는 도중 다른 에러 메시지가 발생하거나 추가적인 도움이 필요하시면 언제든지 말씀해 주십시오.",0.5296252180951608,0.3832752939173879,0.4878048780487805,0
Node.js 사내 Nexus 사설 레지스트리 에러,Max_Chunks,6,2,204,666,870,4.086186653999903,"안녕하세요. Node.js Nexus 사설 레지스트리 관련 문제로 문의주셨군요. 제공해주신 [참고 문서]를 바탕으로 해결 방법을 안내해 드리겠습니다.

npm install 시 401 Unauthorized 또는 403 Forbidden 에러가 발생하는 경우, 사내 사설 npm 저장소(Nexus)의 인증 세션이 만료되었기 때문이며, `npm login` 명령어를 통해 다시 인증을 수행해야 합니다.

다음은 안내된 절차입니다.

1. **명령어 실행:** 터미널 또는 명령 프롬프트에서 다음 명령어를 실행하여 사내 계정으로 다시 인증을 수행합니다.
   ```bash
   npm login --registry=https://nexus.company.com
   ```

이 단계를 통해 인증 세션을 갱신하시면 문제가 해결될 수 있습니다.

혹시 이 단계를 진행하신 후에도 문제가 지속되거나 다른 오류 메시지가 발생한다면 다시 알려주십시오.",0.3379623521589027,0.4165403537645604,0.625,0
Node.js 사내 Nexus 사설 레지스트리 에러,High_Noise,4,2,175,609,784,3.508580791999975,"사용자님께서 겪고 계신 문제는 `npm install` 실행 시 발생하는 `401 Unauthorized` 또는 `403 Forbidden` 에러로 보이며, 이는 사내 사설 npm 저장소(Nexus)의 인증 세션이 만료되었기 때문입니다.

[참고 문서]에 따라 인증 세션을 다시 수행하는 방법은 다음과 같습니다.

1.  터미널 또는 명령 프롬프트를 엽니다.
2.  다음 명령어를 입력하여 사내 계정으로 다시 인증을 수행합니다.
    ```bash
    npm login --registry=https://nexus.company.com
    ```

이 단계를 따르면 사내 Nexus 레지스트리에 대한 인증이 재설정되어 문제가 해결될 것입니다. 진행하시다가 다른 문제가 발생하면 언제든지 다시 문의해 주세요.",0.4227304004738316,0.3563684552437627,0.4827586206896551,0
Node.js 사내 Nexus 사설 레지스트리 에러,Ranking_Swapped,4,2,176,609,785,3.524245499999779,"사용자님께서 겪고 계신 문제는 `npm install` 실행 시 발생하는 `401 Unauthorized` 또는 `403 Forbidden` 에러이며, 이는 사내 사설 npm 저장소(Nexus)의 인증 세션이 만료되었기 때문입니다.

[참고 문서]에 따라 이 문제를 해결하기 위한 조치 방법은 다음과 같습니다.

1.  터미널 또는 명령 프롬프트를 엽니다.
2.  다음 명령어를 입력하여 사내 계정으로 다시 인증을 수행합니다.
    ```bash
    npm login --registry=https://nexus.company.com
    ```

이 명령어를 실행하시면 사내 계정으로 인증이 다시 완료되어 Nexus 레지스트리에 접근할 수 있을 것입니다.

다른 문의사항이 있으시면 언제든지 말씀해 주세요.",0.3386775702987925,0.3429076846238083,0.4827586206896551,0
Node.js 사내 Nexus 사설 레지스트리 에러,Short_History,2,2,233,519,752,4.644498311999996,"안녕하세요. Node.js Nexus 사설 레지스트리 관련하여 문의주셨군요. 제공해주신 [참고 문서]를 바탕으로 401 Unauthorized 또는 403 Forbidden 에러 해결 방법을 단계별로 안내해 드리겠습니다.

npm install 실행 시 발생하는 해당 에러는 사내 사설 npm 저장소(Nexus)의 인증 세션이 만료되었기 때문이며, `npm login` 명령어를 통해 다시 인증을 수행해야 합니다.

다음은 조치 방법입니다.

1. **명령어 실행:** 터미널 또는 명령 프롬프트에서 다음 명령어를 실행하여 사내 계정으로 다시 인증을 수행합니다.
   ```bash
   npm login --registry=https://nexus.company.com
   ```

이 명령어를 실행하시면 사내 계정 정보를 사용하여 Nexus 레지스트리에 성공적으로 다시 인증될 것입니다. 인증이 완료된 후 다시 `npm install`을 시도해 보시기 바랍니다.

혹시 이 단계를 따라 하신 후에도 문제가 지속되거나 다른 에러 메시지가 발생한다면 다시 알려주십시오.",0.338381554580424,0.3988431810064348,0.4571428571428571,0
Node.js 사내 Nexus 사설 레지스트리 에러,Long_History,2,6,188,625,813,3.7677395840000827,"사용자님께서 겪고 계신 Node.js Nexus 사설 레지스트리 에러에 대해 [참고 문서]를 바탕으로 해결 방법을 안내해 드리겠습니다.

npm install 시 401 Unauthorized 또는 403 Forbidden 에러가 발생하는 경우, 사내 계정으로 다시 인증을 수행해야 합니다.

다음은 해결을 위한 단계별 조치 방법입니다.

1. **명령어 실행:** 터미널 또는 명령 프롬프트에서 다음 명령어를 실행하여 사내 계정으로 다시 인증을 수행합니다.
   ```bash
   npm login --registry=https://nexus.company.com
   ```

이 단계를 완료하신 후, 다시 `npm install` 명령을 시도해 보시기 바랍니다.

혹시 이 단계를 진행하는 중에 다른 오류 메시지가 발생하거나 추가적인 도움이 필요하시면 언제든지 말씀해 주세요.",0.3317167707998589,0.4232139939955594,0.6666666666666666,0
Node.js 사내 Nexus 사설 레지스트리 에러,Forced_JSON_Format,2,2,88,545,633,1.7798952369998915,"```json
{
  ""status"": ""success"",
  ""topic"": ""npm 레지스트리 인증 문제 해결"",
  ""solution_steps"": [
    ""터미널 또는 명령 프롬프트를 열고 다음 명령어를 실행하여 사내 계정으로 다시 인증을 수행합니다: `npm login --registry=https://nexus.company.com`""
  ]
}
```",0.6001047975356311,0.449899573160426,0.5789473684210527,1
Node.js 사내 Nexus 사설 레지스트리 에러,Hallucination_Defense,3,2,192,538,730,3.8350412970003163,"제공해주신 [참고 문서]를 확인했습니다. 하지만 현재 사용자님께서 문의하신 내용은 **Node.js 사내 Nexus 사설 레지스트리 에러 문제**에 대한 것이며, 제공해주신 참고 문서는 **동호회 지원금 신청, Visual Studio Code 테마 변경 방법, 사내 도서관 이용 안내**에 관한 내용입니다.

제공된 문서에는 Node.js Nexus 레지스트리 에러에 대한 해결 방법이나 매뉴얼이 포함되어 있지 않습니다.

따라서, 제공된 문서에 근거하여 해당 문제에 대한 해결책을 드릴 수 없습니다.

혹시 Node.js Nexus 레지스트리 에러와 관련하여 다른 기술 지원 관련 문서를 가지고 계시다면 다시 문의해 주시거나, 해당 에러 메시지나 관련 로그를 함께 제공해 주시면 제가 아는 범위 내에서 최선을 다해 도와드리겠습니다.",0.444797653665764,0.1394785647902487,0.0,0
Node.js 사내 Nexus 사설 레지스트리 에러,Mixed_Stress_Test,6,6,107,784,891,2.1684297259998857,"```json
{
  ""해결책"": [
    ""npm install 실행 시 401 Unauthorized 또는 403 Forbidden 에러가 발생하는 경우, 사내 사설 npm 저장소(Nexus)의 인증 세션이 만료되었기 때문입니다."",
    ""다음 명령어를 사용하여 사내 계정으로 다시 인증을 수행해야 합니다."",
    ""명령어: `npm login --registry=https://nexus.company.com`""
  ]
}
```",0.5520760775559086,0.4219616161421726,0.4666666666666667,1
Git Merge 충돌(Conflict) 발생 해결,Baseline,3,2,353,464,817,7.029384506000042,"Git Merge 충돌 해결을 위한 정확한 조치 순서를 안내해 드리겠습니다. 제공해주신 [참고 문서]에 따라 다음 단계를 순서대로 진행해 주십시오.

**Git Merge 충돌 해결 단계**

1. **로컬에서 `git pull` 실행:**
   먼저, 로컬 저장소에서 `git pull` 명령어를 실행하여 원격 저장소의 변경 사항을 가져옵니다.

2. **충돌 파일 수동 정렬:**
   `git pull` 과정에서 충돌이 발생한 파일을 열어, 파일 내에 있는 `<<<<<<< HEAD`와 `>>>>>>>` 마커 사이에 있는 소스 코드를 수동으로 원하는 형태로 정렬하고 수정합니다.

3. **충돌 해결 완료 후 파일 스테이징:**
   수동으로 충돌을 해결한 파일을 `git add` 명령어를 사용하여 스테이징 영역에 추가합니다.
   ```bash
   git add <충돌 해결한 파일명>
   ```

4. **충돌 해결 완료 후 커밋:**
   충돌 해결이 완료된 내용을 로컬 저장소에 커밋합니다.
   ```bash
   git commit -m ""Merge conflict resolved""
   ```

5. **원격 저장소에 다시 `push` 수행:**
   위의 단계를 모두 완료한 후, 원격 저장소에 변경 사항을 반영하기 위해 `git push` 명령어를 다시 실행합니다.
   ```bash
   git push
   ```

이 순서대로 진행하시면 원격 저장소에 정상적으로 반영될 것입니다. 진행하시다가 추가적인 문제가 발생하면 언제든지 다시 문의해 주십시오.",0.6834853135596209,0.1980489036921751,0.2790697674418604,0
Git Merge 충돌(Conflict) 발생 해결,Context_Summarized,1,2,261,490,751,5.202896602000237,"Git Merge 충돌 해결을 위한 정확한 절차를 안내해 드리겠습니다. 제공해주신 [참고 문서]에 따라 다음 단계를 순서대로 진행해 주십시오.

**Git Merge 충돌 해결 단계**

1. **`git pull` 실행:** 로컬 저장소에서 `git pull` 명령어를 실행하여 원격 저장소의 변경 사항을 가져옵니다.
2. **충돌 파일 수동 정렬:** 충돌이 발생한 파일 내에서 `<<<<<<< HEAD`와 `>>>>>>>` 마커 사이에 있는 소스 코드를 확인하고, 원하는 최종 코드로 수동으로 정렬하여 충돌을 해결합니다.
3. **파일 스테이징:** 충돌을 해결한 파일을 `git add` 명령어를 사용하여 스테이징 영역에 추가합니다.
4. **커밋:** 변경 사항을 로컬 저장소에 커밋합니다.
5. **`git push` 재수행:** 모든 조치가 완료된 후, 다시 `git push` 명령어를 실행하여 원격 저장소에 정상적으로 반영합니다.

이 순서대로 진행하시면 원격 저장소에 정상적으로 반영될 것입니다. 진행하시다가 추가적인 문제가 발생하면 언제든지 다시 문의해 주십시오.",0.766664348143566,0.1785234672515527,0.4137931034482758,0
Git Merge 충돌(Conflict) 발생 해결,Max_Chunks,6,2,305,654,959,6.093028920000052,"Git Merge 충돌 해결에 대해 문의 주셨군요. 제공해주신 [참고 문서]에 따라 충돌 해결 및 반영 절차를 단계별로 안내해 드리겠습니다.

**Git Merge 충돌 해결 및 반영 절차**

1. **로컬에서 `git pull` 실행:**
   먼저 로컬 저장소에서 `git pull` 명령어를 실행하여 원격 저장소의 변경 사항을 가져옵니다.

2. **충돌 파일 수동 정렬:**
   `git pull` 과정에서 발생한 충돌 파일 내에 있는 `<<<<<<< HEAD`와 `>>>>>>>` 마커 사이의 소스코드를 확인하고, 원하는 최종 코드로 수동 정렬하여 충돌을 해결합니다.

3. **충돌 해결 내용 스테이징:**
   충돌을 수동으로 해결한 후, 변경된 파일을 `git add` 명령어를 사용하여 스테이징 영역에 추가합니다.

4. **변경 사항 커밋:**
   충돌 해결이 완료된 내용을 `git commit` 명령어를 사용하여 커밋합니다.

5. **원격 저장소에 다시 `push` 수행:**
   모든 과정이 완료되면, 변경 사항을 원격 저장소에 정상적으로 반영하기 위해 `git push`를 다시 수행합니다.

이 순서대로 진행하시면 원격 저장소에 정상적으로 반영될 것입니다. 진행하시다가 추가적인 문제가 발생하면 다시 문의해 주십시오.",0.4626920979868351,0.1775432708260014,0.375,0
Git Merge 충돌(Conflict) 발생 해결,High_Noise,4,2,202,597,799,4.043043992000094,"Git Merge 충돌(Conflict) 발생 시 해결 방법에 대해 안내해 드리겠습니다.

[참고 문서]에 따르면, `git push`가 거부되고 merge conflict가 발생했을 때의 해결 방법은 다음과 같습니다.

1. **로컬에서 `git pull`을 실행**하여 변경 사항을 가져옵니다.
2. 충돌 파일 내에서 `<<<<<<< HEAD`와 `>>>>>>>` 마커 사이에 있는 소스코드를 **수동으로 정렬**합니다.
3. 정렬이 완료되면, **`git add`** 명령어를 사용하여 파일을 스테이징합니다.
4. **`git commit`** 명령어를 사용하여 변경 사항을 커밋합니다.
5. 마지막으로 **`git push`**를 수행하여 원격 저장소에 정상 반영합니다.

이 순서대로 진행하시면 원격 저장소에 정상적으로 반영될 것입니다. 진행하시다가 추가적인 문제가 발생하면 다시 문의해 주십시오.",0.5931318478258533,0.4036050305079149,0.6,0
Git Merge 충돌(Conflict) 발생 해결,Ranking_Swapped,4,2,185,597,782,3.7047725429997627,"Git Merge 충돌(Conflict) 발생 시 해결 방법에 대해 안내해 드리겠습니다.

[참고 문서]에 따르면, `git push`가 거부되고 merge conflict가 발생했을 때의 해결 방법은 다음과 같습니다.

1. **로컬에서 `git pull`을 실행합니다.**
2. **충돌 파일 내의 `<<<<<<< HEAD`와 `>>>>>>>` 마커 사이의 소스코드를 수동으로 정렬합니다.**
3. **정렬이 완료된 후, `git add` 명령어를 실행합니다.**
4. **`git commit` 명령어를 실행합니다.**
5. **마지막으로 `git push`를 다시 수행하여 원격 저장소에 정상 반영합니다.**

이 순서대로 진행하시면 원격 저장소에 정상적으로 반영될 것입니다. 추가로 궁금한 점이 있으시면 언제든지 문의해 주세요.",0.8174818206374996,0.4274042163525841,0.6,0
Git Merge 충돌(Conflict) 발생 해결,Short_History,2,2,287,507,794,5.718159251000088,"Git Merge 충돌 해결에 대해 안내해 드리겠습니다. 제공해주신 [참고 문서]에 따라 충돌을 해결하고 다시 push하는 절차는 다음과 같습니다.

1. **로컬에서 `git pull` 실행:**
   먼저 로컬 저장소에서 `git pull` 명령어를 실행하여 원격 저장소의 변경 사항을 가져옵니다.

2. **충돌 파일 수동 정렬:**
   `git pull` 과정에서 발생한 충돌 파일 내에 있는 `<<<<<<< HEAD`와 `>>>>>>>` 마커 사이의 소스 코드를 확인하시고, 원하는 최종 코드로 수동으로 정렬하여 충돌을 해결합니다.

3. **충돌 해결 내용 스테이징:**
   충돌을 수정한 후, 해결된 파일을 `git add` 명령어를 사용하여 스테이징 영역에 추가합니다.

4. **충돌 해결 내용 커밋:**
   수정된 내용을 `git commit` 명령어를 사용하여 커밋합니다.

5. **원격 저장소에 다시 push:**
   모든 과정이 완료되면, 최종적으로 `git push` 명령어를 사용하여 원격 저장소에 변경 사항을 반영합니다.

이 순서대로 진행하시면 원격 저장소에 정상적으로 반영될 것입니다. 진행하시다가 추가적인 문제가 발생하면 언제든지 다시 문의해 주십시오.",0.428936729538317,0.1729822874283546,0.3225806451612903,0
Git Merge 충돌(Conflict) 발생 해결,Long_History,2,6,264,613,877,5.276875619999828,"Git Merge 충돌 해결을 위해 [참고 문서]에 명시된 절차에 따라 다음과 같이 진행해 주시면 됩니다.

1. **로컬에서 `git pull` 실행:**
   ```bash
   git pull
   ```

2. **충돌 파일 수동 정렬:**
   충돌이 발생한 파일들을 열어 `<<<<<<< HEAD`와 `>>>>>>>` 마커 사이에 있는 소스 코드를 원하는 대로 수동으로 정렬하여 충돌을 해결합니다.

3. **해결된 파일 스테이징:**
   수동으로 충돌을 해결한 파일을 스테이징 영역에 추가합니다.
   ```bash
   git add .
   ```

4. **변경 사항 커밋:**
   해결 사항을 커밋합니다.
   ```bash
   git commit -m ""Merge conflict resolved""
   ```

5. **원격 저장소에 다시 푸시:**
   모든 작업이 완료되면 원격 저장소에 변경 사항을 반영합니다.
   ```bash
   git push
   ```

위 단계를 순서대로 따라 해 보시고, 만약 진행 중 특정 단계에서 오류가 발생하거나 추가적인 도움이 필요하시면 다시 알려주십시오.",0.588505772977756,0.2372593109839959,0.3428571428571429,0
Git Merge 충돌(Conflict) 발생 해결,Forced_JSON_Format,2,2,174,533,707,3.4829245750001974,"```json
{
  ""status"": ""success"",
  ""topic"": ""Git Merge 충돌 해결 방법"",
  ""solution_steps"": [
    ""1. 로컬에서 `git pull`을 실행하여 변경 사항을 가져옵니다."",
    ""2. 충돌 파일 내에서 `<<<<<<< HEAD`와 `>>>>>>>` 마커 사이에 있는 소스코드를 수동으로 정렬하여 충돌을 해결합니다."",
    ""3. 충돌 해결 후, `git add` 명령어를 사용하여 해결된 파일을 스테이징 영역에 추가합니다."",
    ""4. `git commit` 명령어를 사용하여 변경 사항을 커밋합니다."",
    ""5. 마지막으로, `git push`를 수행하여 원격 저장소에 정상적으로 반영합니다.""
  ]
}
```",0.8572290667727166,0.4488640316423538,0.6511627906976744,1
Git Merge 충돌(Conflict) 발생 해결,Hallucination_Defense,3,2,135,528,663,2.7075623030000315,"죄송합니다. 제공해주신 [참고 문서]에는 Git Merge 충돌 해결 방법이나 관련 매뉴얼에 대한 정보가 포함되어 있지 않습니다.

제공된 문서의 내용은 다음과 같습니다:
*   사내 동호회 지원금 신청 관련 안내
*   Visual Studio Code 테마 변경 방법
*   사내 도서관 이용 안내

따라서, Git Merge 충돌 해결에 대한 구체적인 조치 방법이나 명령어는 제공된 문서에서 찾을 수 없습니다.

혹시 다른 IT 관련 문제나, 참고 문서에 있는 내용에 대해 궁금한 점이 있으시면 다시 문의해 주시기 바랍니다.",0.600853567947347,0.1738551491828071,0.0,0
Git Merge 충돌(Conflict) 발생 해결,Mixed_Stress_Test,6,6,123,772,895,2.4892252459999327,"```json
{
  ""해결_방법"": [
    ""로컬에서 git pull을 실행하여 충돌을 해결합니다."",
    ""충돌 파일 내에서 <<<<<<< HEAD와 >>>>>>> 마커 사이에 있는 소스코드를 수동으로 정렬하여 원하는 내용으로 수정합니다."",
    ""수정된 파일을 git add 명령어로 스테이징합니다."",
    ""수정 사항을 git commit 명령어로 기록합니다."",
    ""마지막으로 git push 명령어를 실행하여 원격 저장소에 정상 반영합니다.""
  ]
}
```",0.4771796214043765,0.1878234689298047,0.2608695652173913,1
PostgreSQL 로컬 접속 타임아웃 오류,Baseline,3,2,327,470,797,6.514406076999876,"PostgreSQL 로컬 접속 시 발생하는 문제에 대해 안내해 드리겠습니다.

제공해주신 [참고 문서]에 따르면, 로컬에 설치된 PostgreSQL 데이터베이스에 접속할 때 `connection refused` 오류가 발생했을 경우 확인해야 할 사항은 다음과 같습니다.

1.  **`postgresql.conf` 파일 확인:**
    *   `listen_addresses` 설정이 `'*'` 또는 `'localhost'`로 설정되어 있는지 확인해야 합니다.

2.  **`pg_hba.conf` 파일 확인:**
    *   해당 클라이언트 IP에 대한 접근 권한(예: `md5` 또는 `trust`)이 할당되어 있는지 확인해야 합니다.

이 두 파일을 확인하고 설정 변경 후에는 PostgreSQL 서비스를 재시작해야 적용될 수 있습니다.

**조치 순서:**

1.  **`postgresql.conf` 파일 수정:**
    *   `listen_addresses` 설정을 확인하고 필요하다면 `'*'` 또는 `'localhost'`로 변경합니다.
2.  **`pg_hba.conf` 파일 수정:**
    *   접속하려는 클라이언트 IP에 대해 적절한 인증 방식(예: `md5` 또는 `trust`)을 설정합니다.
3.  **PostgreSQL 서비스 재시작:**
    *   설정 변경 사항을 적용하기 위해 PostgreSQL 서비스를 재시작합니다.

이 단계를 따라 진행해 보시고, 만약 특정 파일의 위치나 설정 값에 대해 추가적인 도움이 필요하시면 다시 문의해 주십시오.",0.3022968629089845,0.3203344269043667,0.2564102564102564,0
PostgreSQL 로컬 접속 타임아웃 오류,Context_Summarized,1,2,201,496,697,4.0174282230000244,"PostgreSQL 로컬 접속 타임아웃 오류 해결을 위해 [참고 문서]에 명시된 절차를 단계별로 안내해 드리겠습니다.

**PostgreSQL 로컬 접속 타임아웃 오류 해결 절차**

1. **`postgresql.conf` 파일 확인:**
    *   `postgresql.conf` 파일을 열어 `listen_addresses` 설정이 `'*'` 또는 `'localhost'`로 설정되어 있는지 확인하십시오.

2. **`pg_hba.conf` 파일 확인:**
    *   `pg_hba.conf` 파일을 열어 접속하려는 클라이언트 IP에 대한 접근 권한(예: `md5` 또는 `trust`)이 할당되어 있는지 확인하십시오.

이 두 파일을 확인하고 설정을 변경하신 후 PostgreSQL 서비스를 재시작하시면 문제가 해결될 수 있습니다.

혹시 파일을 찾는 경로가 어렵거나, 설정 변경 후에도 문제가 지속된다면 다시 알려주십시오.",0.3917536595549573,0.2875001608884281,0.2307692307692307,0
PostgreSQL 로컬 접속 타임아웃 오류,Max_Chunks,6,2,278,660,938,5.555167765000078,"고객님께서 겪고 계신 PostgreSQL 로컬 접속 타임아웃 오류에 대해 안내해 드리겠습니다.

제공해주신 [참고 문서]에 따르면, 로컬에 설치된 PostgreSQL 데이터베이스에 접속할 때 `connection refused` 에러가 발생했을 경우 확인해야 할 사항은 다음과 같습니다.

1.  **`postgresql.conf` 파일 확인:**
    *   `listen_addresses` 설정이 `'*'` 또는 `'localhost'`로 설정되어 있는지 확인해야 합니다.
2.  **`pg_hba.conf` 파일 확인:**
    *   해당 클라이언트 IP에 대한 접근 권한(예: `md5` 또는 `trust`)이 할당되어 있는지 확인해야 합니다.

**참고:** 제공된 문서에는 이 두 파일을 **어디에서 찾고 어떻게 수정해야 하는지에 대한 구체적인 경로 또는 명령어는 명시되어 있지 않습니다.**

따라서, 정확한 조치를 위해서는 해당 설정 파일들의 위치와 수정 방법을 확인해 보셔야 합니다.

만약 이 문제와 관련하여 긴급 장애가 발생했다면, **사내 메신저 IT-Help 채널로 다이렉트 메시지를 발송**해 주시면 지원을 받을 수 있습니다.

다른 문의사항이 있으시면 언제든지 말씀해 주십시오.",0.3161763890753898,0.4048782226562887,0.4166666666666667,0
PostgreSQL 로컬 접속 타임아웃 오류,High_Noise,4,2,239,603,842,4.778037491999839,"고객님께서 겪고 계신 문제는 PostgreSQL 로컬 접속 타임아웃 오류에 대한 문의로 이해됩니다.

제공해주신 [참고 문서]를 바탕으로, 로컬 PostgreSQL 데이터베이스 접속 시 발생할 수 있는 `connection refused` 에러에 대한 확인 및 조치 방법을 단계별로 안내해 드리겠습니다.

**PostgreSQL 로컬 접속 문제 해결 단계:**

1. **`postgresql.conf` 파일 확인:**
    * `postgresql.conf` 파일을 열어 `listen_addresses` 설정이 `'*'` 또는 `'localhost'`로 설정되어 있는지 확인해 주세요.

2. **`pg_hba.conf` 파일 확인:**
    * `pg_hba.conf` 파일을 열어 접속하려는 클라이언트 IP에 대한 접근 권한(예: `md5` 또는 `trust`)이 할당되어 있는지 확인해 주세요.

이 두 파일을 확인하신 후에도 문제가 해결되지 않는다면, 추가적인 정보(예: 정확히 어떤 에러 메시지가 뜨는지, 현재 설정 파일의 내용 등)를 알려주시면 더 자세히 지원해 드릴 수 있습니다.",0.5329673039048474,0.3651678841598247,0.3571428571428571,0
PostgreSQL 로컬 접속 타임아웃 오류,Ranking_Swapped,4,2,234,603,837,4.676731050999933,"사용자님께서 겪고 계신 문제는 PostgreSQL 로컬 접속 시 발생하는 `connection refused` 오류와 관련이 있는 것으로 보입니다. 제공해주신 [참고 문서]를 바탕으로 해당 문제를 해결하기 위한 조치 방법을 단계별로 안내해 드리겠습니다.

**PostgreSQL 로컬 접속 시 `connection refused` 오류 해결 방법**

1. **`postgresql.conf` 파일 확인:**
    * `postgresql.conf` 파일을 열어 `listen_addresses` 설정이 `'*'` 또는 `'localhost'`로 설정되어 있는지 확인하십시오.

2. **`pg_hba.conf` 파일 확인:**
    * `pg_hba.conf` 파일을 열어 접속하려는 클라이언트 IP에 대한 접근 권한(예: `md5` 또는 `trust`)이 올바르게 할당되어 있는지 확인하십시오.

이 두 파일을 확인하고 설정을 변경하신 후 PostgreSQL 서비스를 재시작하시면 문제가 해결될 수 있습니다.

혹시 위 단계를 진행하시다가 추가적인 오류 메시지가 발생하거나, 파일 위치를 찾는 데 어려움이 있으시면 다시 알려주십시오.",0.3190474520857952,0.2869905985412493,0.3333333333333333,0
PostgreSQL 로컬 접속 타임아웃 오류,Short_History,2,2,291,513,804,5.797198351999668,"고객님께서 겪고 계신 PostgreSQL 로컬 접속 타임아웃 오류에 대해, 제공해주신 [참고 문서]를 바탕으로 해결 방법을 안내해 드리겠습니다.

현재 오류 메시지가 'connection refused'인지, 아니면 타임아웃인지에 따라 확인해야 할 사항이 달라질 수 있으나, 참고 문서에 명시된 접속 관련 문제 해결 단계를 안내해 드립니다.

**PostgreSQL 로컬 접속 관련 확인 및 조치 순서:**

1. **`postgresql.conf` 파일 확인:**
    * `postgresql.conf` 파일을 열어 `listen_addresses` 설정이 `'*'` 또는 `'localhost'`로 설정되어 있는지 확인해 주세요.

2. **`pg_hba.conf` 파일 확인:**
    * `pg_hba.conf` 파일을 열어 접속하려는 클라이언트 IP에 대한 접근 권한(예: `md5` 또는 `trust`)이 올바르게 할당되어 있는지 확인해 주세요.

이 두 파일을 확인하신 후에도 문제가 해결되지 않는다면, 추가적인 정보(예: 정확한 오류 메시지, 현재 설정 내용 등)를 알려주시면 더 자세히 지원해 드릴 수 있습니다.

**참고:** 제공된 문서에는 사내 동호회 지원금 신청에 관한 내용이 포함되어 있으나, 이는 PostgreSQL 접속 문제 해결과는 관련이 없습니다.",0.4937324741564556,0.3024133063500487,0.2857142857142857,0
PostgreSQL 로컬 접속 타임아웃 오류,Long_History,2,6,237,619,856,4.740998552000292,"사용자님께서 겪고 계신 PostgreSQL 로컬 접속 타임아웃 오류에 대해, 제공해주신 [참고 문서]를 바탕으로 확인해야 할 사항과 조치 순서를 안내해 드리겠습니다.

**[참고 문서]에 근거한 확인 및 조치 순서:**

1. **`postgresql.conf` 파일 확인:**
    * `postgresql.conf` 파일을 열어 `listen_addresses` 설정이 `'*'` 또는 `'localhost'`로 설정되어 있는지 확인해 주세요.

2. **`pg_hba.conf` 파일 확인:**
    * `pg_hba.conf` 파일을 열어 현재 접속을 시도하는 클라이언트 IP에 대한 접근 권한(예: `md5` 또는 `trust`)이 올바르게 할당되어 있는지 확인해 주세요.

이 두 파일의 설정이 올바르게 되어 있는지 확인하신 후, PostgreSQL 서비스를 재시작해 보시기 바랍니다.

혹시 위 단계를 진행하시다가 특정 파일의 위치를 찾기 어렵거나, 설정 값에 대해 추가적인 문의사항이 있으시면 다시 말씀해 주세요.",0.3245052158902781,0.2684904389727263,0.24,0
PostgreSQL 로컬 접속 타임아웃 오류,Forced_JSON_Format,2,2,128,539,667,2.5712178790004145,"```json
{
  ""status"": ""정보 부족"",
  ""topic"": ""PostgreSQL 로컬 접속 타임아웃 오류 해결"",
  ""solution_steps"": [
    ""제공된 [참고 문서]에는 PostgreSQL 로컬 접속 타임아웃 오류에 대한 구체적인 해결 단계가 명시되어 있지 않습니다. 참고 문서는 'connection refused' 에러 발생 시 확인해야 할 설정 파일(postgresql.conf, pg_hba.conf)에 대한 내용과 Visual Studio Code 테마 변경 방법에 대한 내용만 포함하고 있습니다.""
  ]
}
```",0.4233807119748246,0.4631982097271905,0.6842105263157895,1
PostgreSQL 로컬 접속 타임아웃 오류,Hallucination_Defense,3,2,122,528,650,2.4506281069998295,"죄송합니다. 현재 제공해주신 [참고 문서]에는 PostgreSQL 로컬 접속 타임아웃 오류에 대한 정보가 포함되어 있지 않습니다.

제공된 문서의 내용은 다음과 같습니다:
*   사내 동호회 지원금 신청 관련 안내
*   Visual Studio Code 테마 변경 방법
*   사내 도서관 이용 안내

따라서, PostgreSQL 로컬 접속 타임아웃 오류에 대한 해결책을 안내해 드릴 수 없습니다. 해당 문제에 대해서는 다른 기술 지원팀이나 관련 문서를 확인해 보시는 것을 권장드립니다.",0.5083152420956979,0.1790913711708954,0.0,0
PostgreSQL 로컬 접속 타임아웃 오류,Mixed_Stress_Test,6,6,135,778,913,2.724424074000126,"```json
{
  ""해결책"": [
    ""1. `postgresql.conf` 파일 확인: `listen_addresses` 설정이 `'*'` 또는 `'localhost'`로 설정되어 있는지 확인합니다."",
    ""2. `pg_hba.conf` 파일 확인: 접속하려는 클라이언트 IP에 대한 접근 권한(예: `md5` 또는 `trust`)이 할당되어 있는지 확인합니다.""
  ],
  ""참고"": ""로컬에 설치된 PostgreSQL 데이터베이스에 접속할 때 `connection refused` 에러가 발생했을 경우 확인해야 할 사항입니다.""
}
```",0.3761408110316465,0.3963513290755455,0.3076923076923076,1
IntelliJ 라이선스 서버 인증 실패,Baseline,3,2,233,476,709,4.6540343570000005,"안녕하세요. IntelliJ 라이선스 서버 인증 실패 문제에 대해 안내해 드리겠습니다. 제공해주신 [참고 문서]를 바탕으로 조치 방법을 단계별로 안내해 드리겠습니다.

라이선스 인증 실패 시 확인해야 할 사항은 다음과 같습니다.

1. **라이선스 서버 주소 확인:**
    * IntelliJ 등 JetBrains 제품군 실행 시 라이선스 인증 팝업이 뜰 때, **사내 라이선스 프록시 서버 주소**가 올바르게 입력되어 있는지 확인해 주세요.
    * **확인할 주소:** `license.company.com:8080`

2. **네트워크 환경 확인 (외부 접속 시):**
    * 만약 사내 망 외부(예: 재택)에서 접속하고 계시다면, **반드시 VPN이 켜져 있어야** 인증 서버와 통신이 가능합니다.

위 두 가지 사항을 확인하신 후 다시 시도해 보시기 바랍니다. 혹시 이 단계를 따라 하셨는데도 문제가 지속된다면, 추가적인 정보를 알려주시면 확인해 보겠습니다.",0.413420559027579,0.3963039424898339,0.4615384615384615,0
IntelliJ 라이선스 서버 인증 실패,Context_Summarized,1,2,224,500,724,4.472636543000135,"안녕하세요. IntelliJ 라이선스 서버 인증 실패 문제에 대해 안내해 드리겠습니다. 제공해주신 [참고 문서]를 바탕으로 해결 절차를 단계별로 안내해 드리겠습니다.

IntelliJ 등 JetBrains 제품군 실행 시 라이선스 인증 팝업이 뜨면서 실행이 안 될 경우, 다음 단계를 확인해 보시기 바랍니다.

1. **라이선스 서버 주소 확인:** IntelliJ 설정에서 라이선스 서버 주소가 **`license.company.com:8080`**으로 올바르게 입력되어 있는지 확인하십시오.
2. **네트워크 환경 확인 (외부 접속 시):** 만약 사내 망 외부(예: 재택 환경)에서 접속하고 계시다면, 라이선스 인증 서버와 통신이 가능하도록 **VPN이 켜져 있는지** 확인해 주십시오.

위 두 가지 사항을 확인하신 후에도 문제가 지속된다면, 추가적인 정보(예: 어떤 메시지가 뜨는지, VPN 연결 상태 등)를 알려주시면 더 자세히 확인해 드리겠습니다.",0.5069156888599997,0.3855167625805613,0.4,0
IntelliJ 라이선스 서버 인증 실패,Max_Chunks,6,2,267,666,933,5.339105902000028,"안녕하세요. IntelliJ 라이선스 서버 인증 문제로 어려움을 겪고 계시는군요. 제공해주신 [참고 문서]를 바탕으로 문제 해결 방법을 안내해 드리겠습니다.

IntelliJ 등 JetBrains 제품군 실행 시 라이선스 인증 팝업이 뜨며 실행이 안 되는 경우, 다음 사항들을 확인해 보시기 바랍니다.

1. **라이선스 서버 주소 확인:** 사내 라이선스 프록시 서버 주소가 올바르게 입력되어 있는지 확인해 주세요.
    * **확인할 주소:** `license.company.com:8080`
2. **네트워크 환경 확인 (재택 근무 시):** 사내 망 외부(재택)에서 작업 중이시라면, 라이선스 인증 서버와 통신이 가능하도록 **VPN이 켜져 있는지** 확인해 주세요.

이 두 가지 사항을 확인하신 후에도 문제가 지속된다면, 추가적인 조치가 필요할 수 있습니다.

만약 위 방법으로 해결되지 않거나 긴급 장애 상황이라면, **사내 메신저 IT-Help 채널로 다이렉트 메시지를 발송**해 주시면 즉시 지원해 드리겠습니다.

다른 문의사항이 있으시면 언제든지 말씀해 주세요.",0.6017918400888802,0.4227020661168991,0.4,0
IntelliJ 라이선스 서버 인증 실패,High_Noise,4,2,241,609,850,4.8208954440001435,"안녕하세요. IntelliJ 라이선스 서버 인증 문제로 불편을 겪고 계시는군요. 제공해주신 [참고 문서]를 바탕으로 문제 해결 방법을 단계별로 안내해 드리겠습니다.

IntelliJ 등 JetBrains 제품군 실행 시 라이선스 인증 팝업이 뜨면서 실행이 안 될 경우, 다음 사항들을 확인해 보시기 바랍니다.

1. **라이선스 서버 주소 확인:**
    * 라이선스 인증 시 **사내 라이선스 프록시 서버 주소**가 올바르게 입력되어 있는지 확인해 주세요.
    * **확인할 주소:** `license.company.com:8080`

2. **네트워크 환경 확인 (재택 근무 시):**
    * 사내 망 외부(재택)에서 작업하고 계시다면, **반드시 VPN이 켜져 있어야** 인증 서버와 통신이 가능합니다.

위 두 가지 사항을 확인하신 후에도 문제가 해결되지 않는다면, 추가적인 정보(예: 어떤 메시지가 뜨는지, VPN 연결 상태 등)를 알려주시면 더 자세히 확인해 드리겠습니다.",0.5685076082351561,0.3999953290574451,0.4285714285714285,0
IntelliJ 라이선스 서버 인증 실패,Ranking_Swapped,4,2,242,609,851,4.838965673000075,"안녕하세요. IntelliJ 라이선스 서버 인증 실패 문제로 문의주셨군요. 제공해주신 [참고 문서]를 바탕으로 해결 방법을 단계별로 안내해 드리겠습니다.

IntelliJ 등 JetBrains 제품군 실행 시 라이선스 인증 팝업이 뜨면서 실행이 안 되는 경우, 다음 사항을 확인해 보시기 바랍니다.

1. **라이선스 서버 주소 확인:** 라이선스 인증 시 **사내 라이선스 프록시 서버 주소**가 올바르게 입력되어 있는지 확인해 주세요.
    * **확인할 주소:** `license.company.com:8080`

2. **네트워크 환경 확인 (재택/외부 접속 시):** 만약 사내 망 외부(예: 재택)에서 접속하고 계시다면, 라이선스 인증 서버와 통신이 가능하도록 **VPN이 켜져 있는지** 반드시 확인해 주십시오.

위 두 가지 사항을 확인하신 후에도 문제가 지속된다면, 추가적인 정보(예: 어떤 메시지가 뜨는지, VPN 연결 상태 등)를 알려주시면 더 자세히 확인해 드리겠습니다.",0.480400391419941,0.4340991428437381,0.4285714285714285,0
IntelliJ 라이선스 서버 인증 실패,Short_History,2,2,227,519,746,4.530107388000033,"안녕하세요. IntelliJ 라이선스 서버 인증 실패 문제로 어려움을 겪고 계시는군요. 제공해주신 [참고 문서]를 바탕으로 문제 해결을 위한 단계를 안내해 드리겠습니다.

라이선스 인증 실패 시 확인해야 할 사항은 다음과 같습니다.

1. **라이선스 서버 주소 확인:** IntelliJ 등 JetBrains 제품군 실행 시 라이선스 인증 팝업이 뜰 때, 사내 라이선스 프록시 서버 주소가 **`license.company.com:8080`**으로 올바르게 입력되어 있는지 확인해 주세요.
2. **네트워크 환경 확인 (외부 접속 시):** 만약 사내 망 외부(예: 재택)에서 접속하고 계시다면, 라이선스 인증 서버와 통신이 가능하도록 **VPN이 켜져 있는지** 확인해 주십시오.

위 두 가지 사항을 확인하신 후에도 문제가 해결되지 않는다면, 추가적인 정보(예: 어떤 메시지가 뜨는지, VPN 연결 상태 등)를 알려주시면 더 자세히 확인해 보겠습니다.",0.5479330517218826,0.404218497372393,0.4285714285714285,0
IntelliJ 라이선스 서버 인증 실패,Long_History,2,6,214,625,839,4.286078836999877,"IntelliJ 라이선스 서버 인증 실패 문제에 대해 안내해 드리겠습니다. 제공해주신 [참고 문서]를 바탕으로 확인해야 할 사항과 조치 순서는 다음과 같습니다.

1. **라이선스 서버 주소 확인:** IntelliJ 등 JetBrains 제품군 실행 시 라이선스 인증 팝업이 뜰 때, **사내 라이선스 프록시 서버 주소**가 올바르게 입력되어 있는지 확인해 주세요.
    * **확인할 주소:** `license.company.com:8080`

2. **네트워크 환경 확인 (외부 접속 시):** 만약 사내 망 외부(예: 재택)에서 접속하고 계시다면, **VPN이 켜져 있는지** 반드시 확인해 주세요. VPN이 켜져 있어야 인증 서버와 통신이 가능합니다.

위 두 가지 사항을 확인하신 후에도 문제가 지속된다면, 제공된 문서에는 해당 문제에 대한 추가적인 해결 방법이 명시되어 있지 않습니다.",0.4570838012754875,0.4131260105277175,0.4285714285714285,0
IntelliJ 라이선스 서버 인증 실패,Forced_JSON_Format,2,2,162,545,707,3.2451057630000832,"```json
{
  ""status"": ""success"",
  ""topic"": ""IntelliJ 라이선스 서버 인증 실패 문제 해결"",
  ""solution_steps"": [
    ""1. 사내 라이선스 프록시 서버 주소 확인: IntelliJ 등 JetBrains 제품군 실행 시 라이선스 인증 팝업이 뜨며 실행이 안 되는 경우, 라이선스 서버 주소가 'license.company.com:8080'으로 올바르게 입력되어 있는지 확인하십시오."",
    ""2. VPN 연결 확인 (외부 접속 시): 사내 망 외부(재택)에서 접속하는 경우, 라이선스 서버와 통신이 가능하도록 반드시 VPN이 켜져 있는지 확인하십시오.""
  ]
}
```",0.9849676925094888,0.703321060104923,0.7741935483870968,1
IntelliJ 라이선스 서버 인증 실패,Hallucination_Defense,3,2,174,524,698,3.4795731849999356,"제공해주신 [참고 문서]를 확인했습니다. 하지만 현재 사용자님께서 문의하신 내용은 **IntelliJ 라이선스 서버 인증 실패 문제**에 대한 것이며, 제공된 참고 문서는 **사내 동호회 지원금 신청, Visual Studio Code 테마 변경 방법, 사내 도서관 이용 안내**에 관한 내용입니다.

제공된 문서에는 IntelliJ 라이선스 서버 인증 실패 문제에 대한 해결 방법이나 매뉴얼이 포함되어 있지 않습니다.

따라서, 제공된 문서에 근거하여 해당 문제에 대한 해결책을 안내해 드릴 수 없습니다.

IntelliJ 라이선스 문제 해결을 위해, 해당 문제와 관련된 다른 기술 지원 문서를 제공해 주시거나, 다른 관련 정보를 알려주시면 제가 아는 범위 내에서 최선을 다해 도와드리겠습니다.",0.4945355241545942,0.1398061644264389,0.0,0
IntelliJ 라이선스 서버 인증 실패,Mixed_Stress_Test,6,6,121,784,905,2.447258144999523,"```json
{
  ""해결_방법"": [
    ""1. IntelliJ 등 JetBrains 제품군 실행 시 라이선스 인증 팝업이 나타납니다."",
    ""2. 사내 라이선스 프록시 서버 주소가 올바르게 입력되어 있는지 확인합니다. (주소: license.company.com:8080)"",
    ""3. 사내 망 외부(재택)인 경우, 라이선스 서버와 통신을 위해 반드시 VPN이 켜져 있는지 확인합니다.""
  ]
}
```",0.4038066659576115,0.3698523279469899,0.2222222222222222,1
Office 365 아웃룩 프로필 손상,Baseline,3,2,281,481,762,5.604584491999958,"안녕하세요. Office 365 아웃룩 프로필 손상 문제로 어려움을 겪고 계시는군요. 제공해주신 [참고 문서]를 바탕으로, '프로필을 열 수 없습니다'와 같은 현상에 대해 매뉴얼대로 조치하는 방법을 단계별로 안내해 드리겠습니다.

**Outlook 프로필 재설정 및 재연동 방법**

1. **제어판 열기:** Windows 검색창에 '제어판'을 검색하여 실행합니다.
2. **Mail 메뉴 접근:** 제어판에서 'Mail(Microsoft Outlook)' 메뉴를 찾아서 클릭합니다.
3. **프로필 보기 선택:** Mail 메뉴 내에서 **'프로필 보기(Show Profiles)'**를 선택합니다.
4. **새 프로필 생성:** '프로필 보기' 창에서 **'새 프로필 추가(Add Profile)'**를 선택하여 새로운 프로필을 생성합니다.
5. **이메일 계정 재연동:** 새로 생성한 프로필을 선택한 후, 해당 프로필에 이메일 계정을 다시 설정하고 연동하는 과정을 진행해 주십시오.

위 단계를 따라 진행하시면 프로필 손상 문제를 해결하는 데 도움이 될 것입니다. 진행하시다가 추가적인 문제가 발생하거나 특정 단계에서 막히시면 언제든지 다시 말씀해 주십시오.",0.4441357538091125,0.2201296695309041,0.2608695652173913,0
Office 365 아웃룩 프로필 손상,Context_Summarized,1,2,305,510,815,6.07844613799989,"안녕하세요. Office 365 아웃룩 프로필 손상 문제 해결을 위해 제공해주신 [참고 문서]를 바탕으로 정확한 조치 방법을 단계별로 안내해 드리겠습니다.

Outlook 실행 시 '프로필을 열 수 없습니다'와 같은 무한 로딩 현상이 발생할 경우, 다음 절차를 따라 새 프로필을 생성하고 계정을 재연동해 보시기 바랍니다.

**Office 365 아웃룩 프로필 손상 해결 단계:**

1. **제어판 열기:** Windows 검색창에 '제어판'을 검색하여 실행합니다.
2. **Mail 메뉴 접근:** 제어판에서 **Mail(Microsoft Outlook)** 메뉴를 선택합니다.
3. **프로필 보기 선택:** Mail 설정 창에서 **'프로필 보기(Show Profiles)'**를 선택합니다.
4. **새 프로필 생성:** '프로필 보기' 화면에서 **'새 프로필 추가(Add New Profile)'**를 선택하여 새로운 프로필을 생성합니다.
5. **이메일 계정 재연동:** 새로 생성한 프로필을 선택한 후, 해당 프로필에 이메일 계정을 다시 설정하고 연동하는 과정을 진행해 주십시오.

이 절차를 통해 손상된 프로필을 우회하고 정상적으로 계정을 재연동할 수 있을 것입니다. 진행하시다가 추가적인 문제가 발생하면 언제든지 다시 문의해 주십시오.",0.2933978994167395,0.247133077834566,0.2307692307692307,0
Office 365 아웃룩 프로필 손상,Max_Chunks,6,2,249,671,920,4.978605893000349,"안녕하세요. Office 365 아웃룩 프로필 손상 문제로 어려움을 겪고 계시는군요. 제공해주신 [참고 문서]를 바탕으로, '프로필을 열 수 없습니다'와 같은 현상에 대한 해결 방법을 단계별로 안내해 드리겠습니다.

**Outlook 프로필 손상 해결 방법**

Outlook 실행 시 문제가 발생했을 때 시도해 볼 수 있는 조치는 다음과 같습니다.

1. **제어판 열기:** 컴퓨터의 **제어판**을 엽니다.
2. **Mail 메뉴 접근:** 제어판에서 **Mail(Microsoft Outlook)** 메뉴를 선택합니다.
3. **프로필 보기 선택:** Mail 메뉴 내에서 **'프로필 보기'**를 선택합니다.
4. **새 프로필 생성:** '프로필 보기' 화면에서 **새 프로필을 생성**합니다.
5. **계정 재연동:** 새 프로필을 생성한 후, 이메일 계정을 **재연동**해야 합니다.

이 단계를 따라 진행하시면 프로필 문제를 해결하는 데 도움이 될 것입니다. 진행하시다가 추가적인 질문이 있으시면 언제든지 말씀해 주십시오.",0.4098079645322742,0.2546323083613834,0.3157894736842105,0
Office 365 아웃룩 프로필 손상,High_Noise,4,2,244,614,858,4.877117011000337,"안녕하세요. Office 365 아웃룩 프로필 손상 문제로 문의주셨군요. 제공해주신 [참고 문서]를 바탕으로, Outlook 실행 시 '프로필을 열 수 없습니다'와 같은 문제 해결을 위한 단계별 조치 방법을 안내해 드리겠습니다.

Outlook 실행 시 발생하는 문제 해결을 위해 다음 단계를 순서대로 따라 해 보시기 바랍니다.

1. **제어판 열기:** 제어판을 엽니다.
2. **Mail 메뉴 접근:** 제어판에서 **Mail(Microsoft Outlook)** 메뉴로 들어갑니다.
3. **프로필 보기 선택:** Mail 메뉴 내에서 **'프로필 보기'**를 선택합니다.
4. **새 프로필 생성:** '프로필 보기' 화면에서 **새 프로필을 생성**합니다.
5. **이메일 계정 재연동:** 새 프로필을 생성한 후, 이메일 계정을 다시 연동(재연동)해야 합니다.

이 절차를 통해 손상된 프로필 문제를 해결하실 수 있을 것입니다. 진행하시다가 추가적인 문제가 발생하면 언제든지 다시 문의해 주십시오.",0.7825600011035733,0.2713853646717558,0.3157894736842105,0
Office 365 아웃룩 프로필 손상,Ranking_Swapped,4,2,237,614,851,4.73866506900049,"안녕하세요. Office 365 아웃룩 프로필 손상 문제로 문의주셨군요. 제공해주신 [참고 문서]를 바탕으로 'Outlook 실행 시 '프로필을 열 수 없습니다'라며 무한 로딩이 걸리는 현상'에 대한 해결 방법을 단계별로 안내해 드리겠습니다.

**Outlook 프로필 재설정 방법**

1. **제어판 열기:** 제어판을 엽니다.
2. **Mail 메뉴 접근:** 제어판에서 **Mail(Microsoft Outlook)** 메뉴를 선택합니다.
3. **프로필 보기 선택:** Mail 메뉴에서 **'프로필 보기'**를 선택합니다.
4. **새 프로필 생성:** '프로필 보기' 화면에서 **새 프로필을 생성**합니다.
5. **이메일 계정 재연동:** 새 프로필을 생성한 후, 이메일 계정을 다시 연동(재연동)해야 합니다.

이 단계를 따라 진행하시면 프로필 문제를 해결하는 데 도움이 될 것입니다. 진행하시다가 추가적인 문제가 발생하면 언제든지 다시 문의해 주세요.",0.3326344993936984,0.3543537256642393,0.3157894736842105,0
Office 365 아웃룩 프로필 손상,Short_History,2,2,265,524,789,5.2798184729999775,"안녕하세요. Office 365 아웃룩 프로필 문제로 불편을 겪고 계시는군요. 제공해주신 [참고 문서]를 바탕으로 '프로필을 열 수 없습니다'와 같은 문제에 대한 해결 방법을 단계별로 안내해 드리겠습니다.

**Outlook 프로필 재설정 및 재연동 방법**

Outlook 실행 시 문제가 발생했을 때 시도해 볼 수 있는 조치 방법은 다음과 같습니다.

1. **제어판 열기:** Windows 시작 메뉴에서 '제어판'을 검색하여 실행합니다.
2. **Mail 메뉴 접근:** 제어판에서 'Mail(Microsoft Outlook)' 메뉴를 선택합니다.
3. **프로필 보기 선택:** Mail 메뉴 내에서 '프로필 보기'를 선택합니다.
4. **새 프로필 생성:** '프로필 보기' 화면에서 '새 프로필'을 생성합니다.
5. **이메일 계정 재연동:** 새 프로필을 생성한 후, 이메일 계정을 해당 새 프로필에 다시 연동(재연동)해야 합니다.

이 단계를 따라 진행하시면 프로필 손상 문제를 해결하는 데 도움이 될 것입니다. 진행하시다가 추가적인 문제가 발생하면 언제든지 다시 문의해 주십시오.",0.5065841648264635,0.2406248319624147,0.3,0
Office 365 아웃룩 프로필 손상,Long_History,2,6,264,630,894,5.28633419200014,"Office 365 아웃룩 프로필 손상 문제 해결을 위해 [참고 문서]에 안내된 절차에 따라 진행해 주시기 바랍니다.

Outlook 실행 시 '프로필을 열 수 없습니다'와 같은 문제가 발생했을 때 시도할 수 있는 해결 방법은 다음과 같습니다.

1. **제어판 열기:** Windows 시작 메뉴에서 '제어판'을 검색하여 실행합니다.
2. **Mail 메뉴 접근:** 제어판에서 'Mail(Microsoft Outlook)' 메뉴를 찾아서 클릭합니다.
3. **프로필 보기 선택:** Mail 메뉴 내에서 '프로필 보기(Show Profiles)'를 선택합니다.
4. **새 프로필 생성:** '프로필 보기' 창에서 '추가(Add)' 또는 '새 프로필 만들기'와 유사한 옵션을 선택하여 새로운 프로필을 생성합니다.
5. **이메일 계정 재연동:** 새로 생성한 프로필을 선택한 후, 해당 프로필에 이메일 계정을 다시 설정하거나 연동하는 과정을 진행해 주십시오.

이 단계를 통해 손상된 프로필을 우회하고 정상적인 상태로 복구할 수 있을 것입니다. 진행하시다가 추가적인 문제가 발생하면 다시 알려주십시오.",0.7171112480561465,0.2578727920298865,0.2727272727272727,0
Office 365 아웃룩 프로필 손상,Forced_JSON_Format,2,2,127,550,677,2.551053344000138,"```json
{
  ""status"": ""success"",
  ""topic"": ""Outlook 프로필 손상 문제 해결"",
  ""solution_steps"": [
    ""1. 제어판을 엽니다."",
    ""2. 제어판에서 'Mail(Microsoft Outlook)' 메뉴를 찾아서 클릭합니다."",
    ""3. '프로필 보기'를 선택합니다."",
    ""4. '새 프로필'을 생성합니다."",
    ""5. 생성된 새 프로필을 사용하여 이메일 계정을 재연동합니다.""
  ]
}
```",0.7946538881591323,0.4495640448993928,0.4827586206896552,1
Office 365 아웃룩 프로필 손상,Hallucination_Defense,3,2,202,534,736,4.0332490749997305,"죄송합니다. 고객님께서 문의하신 내용은 **Office 365 아웃룩 프로필 손상 문제**에 대한 해결 방법 문의로 이해됩니다.

하지만 현재 제공해주신 [참고 문서]의 내용은 다음과 같은 주제에 대한 정보만 포함하고 있습니다.

*   사내 동호회 지원금 신청 방법
*   Visual Studio Code 테마 변경 방법
*   사내 도서관 이용 방법

**제공된 문서에는 Office 365 아웃룩 프로필 손상 문제에 대한 해결 방법이나 매뉴얼이 포함되어 있지 않습니다.**

따라서, 제공된 문서의 내용만을 근거로 정확한 해결책을 안내해 드릴 수 없습니다.

문제를 해결하기 위해, 아웃룩 프로필 손상과 관련하여 다른 기술 지원 문서를 제공해 주시거나, 해당 문제에 대해 더 자세한 정보를 알려주시면 제가 아는 범위 내에서 최선을 다해 도와드리겠습니다.",0.5427321664921443,0.1571952529034162,0.0,0
Office 365 아웃룩 프로필 손상,Mixed_Stress_Test,6,6,101,789,890,2.0504320889995142,"```json
{
  ""해결_방법"": [
    ""1. 제어판을 엽니다."",
    ""2. 'Mail(Microsoft Outlook)' 메뉴로 들어갑니다."",
    ""3. '프로필 보기'를 선택합니다."",
    ""4. '새 프로필'을 생성합니다."",
    ""5. 생성된 새 프로필을 사용하여 이메일 계정을 재연동합니다.""
  ]
}
```",0.1928209098650331,0.1426811808718531,0.1111111111111111,1
Adobe CC 폰트 동기화 무한 대기,Baseline,3,2,204,471,675,4.07694448500024,"Adobe Creative Cloud 폰트 동기화 무한 대기 문제에 대해 안내해 드리겠습니다. 제공해주신 [참고 문서]에 따라 문제를 해결하기 위한 단계별 조치 방법은 다음과 같습니다.

1. **Adobe 관련 프로세스 강제 종료:**
    * 작업 관리자를 실행합니다.
    * '프로세스' 탭에서 Adobe 관련 프로세스를 찾아 강제 종료합니다.

2. **임시 파일 삭제:**
    * 파일 탐색기를 열고 다음 경로로 이동합니다.
      `%AppData%\Adobe\CoreSync`
    * 해당 폴더 내부의 임시 파일을 모두 삭제합니다.

3. **재실행:**
    * 위 단계를 모두 완료한 후, 폰트 동기화를 다시 시도해 보시기 바랍니다.

이 순서대로 진행하시면 폰트 동기화 문제를 해결하는 데 도움이 될 것입니다. 진행하시다가 추가적인 문제가 발생하면 다시 알려주십시오.",0.3282971654685002,0.2662006817483429,0.4210526315789474,0
Adobe CC 폰트 동기화 무한 대기,Context_Summarized,1,2,221,499,720,4.4119706139999835,"Adobe CC 폰트 동기화 무한 대기 문제를 해결하기 위한 절차를 안내해 드리겠습니다. 제공해주신 [참고 문서]에 따라 다음 단계를 순서대로 진행해 주십시오.

**Adobe CC 폰트 동기화 무한 대기 해결 절차**

1. **Adobe 관련 프로세스 강제 종료:**
    * 작업 관리자를 실행합니다.
    * '프로세스' 탭에서 Adobe 관련 프로세스를 찾아 강제 종료합니다.

2. **임시 파일 삭제:**
    * 파일 탐색기를 열고 다음 경로로 이동합니다.
      `%AppData%\Adobe\CoreSync`
    * 해당 폴더 내부의 임시 파일을 삭제합니다.

3. **재실행:**
    * 위 단계를 모두 완료한 후, 폰트 동기화를 다시 시도합니다.

이 절차를 따라 진행하시면 폰트 동기화 문제가 해결될 수 있습니다. 진행하시다가 추가적인 문제가 발생하면 언제든지 다시 문의해 주십시오.",0.3442918053051801,0.2231235036674943,0.4,0
Adobe CC 폰트 동기화 무한 대기,Max_Chunks,6,2,266,661,927,5.314769634000186,"안녕하세요. Adobe CC 폰트 동기화 무한 대기 문제에 대해 안내해 드리겠습니다.

제공해주신 [참고 문서]에 따르면, 폰트 동기화가 진행되지 않고 무한 대기에 빠지는 현상은 **Adobe Desktop Service 프로세스의 엉킴 문제**일 수 있으며, 다음 단계를 따라 조치해 보시는 것을 권장합니다.

다음은 문제 해결을 위한 단계별 안내입니다.

1. **작업 관리자에서 Adobe 관련 프로세스 강제 종료:**
    * 작업 관리자를 실행합니다.
    * 실행 중인 프로세스 목록에서 Adobe 관련 프로세스를 찾아 강제 종료합니다.

2. **임시 파일 삭제:**
    * 파일 탐색기를 열고 다음 경로로 이동합니다.
      `%AppData%\Adobe\CoreSync`
    * 해당 폴더 내부의 **임시 파일**을 삭제합니다.

3. **재실행:**
    * 위 단계를 모두 완료한 후, 폰트 동기화를 다시 시도해 보시기 바랍니다.

이 절차를 따라 진행해 보시고, 문제가 해결되는지 확인해 주십시오. 만약 이 방법으로 해결되지 않거나 추가적인 도움이 필요하시면 다시 말씀해 주십시오.",0.4213987409924307,0.3504013534242679,0.380952380952381,0
Adobe CC 폰트 동기화 무한 대기,High_Noise,4,2,241,604,845,4.81650494600035,"안녕하세요. Adobe Creative Cloud 폰트 동기화 무한 대기 문제에 대해 안내해 드리겠습니다.

제공해주신 [참고 문서]에 따르면, Adobe Creative Cloud에서 폰트 동기화가 진행되지 않고 무한 대기에 빠지는 현상은 **Adobe Desktop Service 프로세스의 엉킴 문제**일 수 있으며, 다음과 같은 단계를 통해 해결할 수 있습니다.

**해결 단계:**

1. **작업 관리자에서 Adobe 관련 프로세스 강제 종료:**
    * 작업 관리자를 실행합니다.
    * 실행 중인 프로세스 목록에서 Adobe 관련 프로세스를 찾아 강제 종료합니다.

2. **임시 파일 삭제:**
    * 파일 탐색기를 열고 다음 경로로 이동합니다.
      `%AppData%\Adobe\CoreSync`
    * 해당 폴더 내부의 임시 파일을 삭제합니다.

3. **재실행:**
    * 위 단계를 완료한 후, 폰트 동기화를 다시 시도합니다.

이 순서대로 진행하시면 문제를 해결하는 데 도움이 될 것입니다. 다른 문의사항이 있으시면 언제든지 말씀해 주세요.",0.3920764469804155,0.4338887385246153,0.48,0
Adobe CC 폰트 동기화 무한 대기,Ranking_Swapped,4,2,202,604,806,4.039862341000116,"Adobe Creative Cloud에서 폰트 동기화가 진행되지 않고 무한 대기에 빠지는 현상에 대한 해결 방법을 안내해 드리겠습니다.

[참고 문서]에 따르면, 이 문제는 **Adobe Desktop Service 프로세스의 엉킴** 때문일 수 있으며, 다음 단계를 따라 조치해 보시기 바랍니다.

1. **작업 관리자 실행:** 컴퓨터에서 작업 관리자를 엽니다.
2. **Adobe 관련 프로세스 강제 종료:** 작업 관리자에서 Adobe 관련 프로세스를 강제 종료합니다.
3. **임시 파일 삭제:** 다음 경로로 이동하여 `%AppData%\Adobe\CoreSync` 폴더 내부의 임시 파일을 삭제합니다.
4. **재실행:** 위 단계를 완료한 후 폰트 동기화를 다시 시도합니다.

이 방법으로 문제가 해결되기를 바랍니다. 혹시 이 단계를 진행하는 데 어려움이 있거나 다른 문제가 발생하면 다시 알려주십시오.",0.4468418450589894,0.4265263119306602,0.4347826086956521,0
Adobe CC 폰트 동기화 무한 대기,Short_History,2,2,218,514,732,4.348081762999755,"안녕하세요. Adobe CC 폰트 동기화 무한 대기 문제에 대해 안내해 드리겠습니다.

제공해주신 [참고 문서]에 근거하여, 폰트 동기화 문제를 해결하기 위한 단계별 조치 방법은 다음과 같습니다.

1. **Adobe 관련 프로세스 강제 종료:**
    * 작업 관리자를 실행합니다.
    * '프로세스' 탭에서 Adobe 관련 프로세스를 찾아 강제 종료합니다.

2. **임시 파일 삭제:**
    * 파일 탐색기를 열고 다음 경로로 이동합니다.
      `%AppData%\Adobe\CoreSync`
    * 해당 폴더 내부의 임시 파일을 삭제합니다.

3. **재실행:**
    * 위 단계를 완료한 후, 폰트 동기화를 다시 시도해 보시기 바랍니다.

이 순서대로 진행하시면 문제가 해결될 수 있습니다. 혹시 이 단계를 진행하는 중에 다른 오류 메시지가 나타나거나 추가적인 문제가 발생하면 다시 알려주십시오.",0.3140608622273875,0.2073099676938508,0.4444444444444445,0
Adobe CC 폰트 동기화 무한 대기,Long_History,2,6,196,620,816,3.9269422999996095,"Adobe CC 폰트 동기화 무한 대기 문제 해결을 위해 참고 문서에 명시된 절차에 따라 아래와 같이 진행해 주시기 바랍니다.

1. **Adobe 관련 프로세스 강제 종료:**
    * 작업 관리자를 실행합니다.
    * '프로세스' 탭에서 Adobe 관련 프로세스를 찾아 강제 종료합니다.

2. **임시 파일 삭제:**
    * 파일 탐색기를 열고 다음 경로로 이동합니다.
      `%AppData%\Adobe\CoreSync`
    * 해당 폴더 내부에 있는 임시 파일을 모두 삭제합니다.

3. **재실행:**
    * 위 단계를 완료한 후, 폰트 동기화 기능을 다시 시도해 보시기 바랍니다.

이 절차를 따라 진행해 보시고, 문제가 해결되는지 확인해 주십시오. 만약 이 방법으로도 해결되지 않으면 다시 알려주세요.",0.3068638124869128,0.2263034027043788,0.4444444444444445,0
Adobe CC 폰트 동기화 무한 대기,Forced_JSON_Format,2,2,143,540,683,2.8666040950001843,"```json
{
  ""status"": ""success"",
  ""topic"": ""Adobe CC 폰트 동기화 무한 대기 문제 해결"",
  ""solution_steps"": [
    ""1. 작업 관리자를 엽니다."",
    ""2. 작업 관리자에서 Adobe 관련 프로세스를 강제 종료합니다."",
    ""3. 파일 탐색기를 열고 다음 경로로 이동합니다: %AppData%\\Adobe\\CoreSync"",
    ""4. 해당 폴더 내부의 임시 파일을 삭제합니다."",
    ""5. 위 단계를 완료한 후 폰트 동기화를 다시 시도합니다.""
  ]
}
```",0.7700887100623837,0.5246371529815455,0.5714285714285715,1
Adobe CC 폰트 동기화 무한 대기,Hallucination_Defense,3,2,127,534,661,2.548248744000375,"죄송합니다. 고객님께서 문의하신 'Adobe CC 폰트 동기화 무한 대기 문제'에 대해서는 제공해주신 [참고 문서]에서 관련 정보를 찾을 수 없습니다.

제공된 문서는 다음과 같은 내용에 대한 안내입니다.

*   사내 동호회 지원금 신청 방법 및 지원 한도
*   Visual Studio Code 테마 변경 방법
*   사내 도서관 위치 및 대출 규정

혹시 다른 IT 관련 문제나, 참고 문서에 있는 내용에 대해 궁금하신 점이 있으시면 다시 문의해 주시기 바랍니다.",0.2943759480247254,0.1102136788610654,0.0,0
Adobe CC 폰트 동기화 무한 대기,Mixed_Stress_Test,6,6,172,779,951,3.4570546149998336,"```json
{
  ""해결_단계"": [
    ""1. 작업 관리자 실행: Ctrl + Shift + Esc 키를 눌러 작업 관리자를 실행합니다."",
    ""2. Adobe 관련 프로세스 강제 종료: '프로세스' 탭에서 Adobe 관련 프로세스들을 찾아 선택한 후 '작업 끝내기'를 클릭하여 강제 종료합니다."",
    ""3. 임시 파일 삭제: 파일 탐색기를 열고 다음 경로로 이동합니다: `%AppData%\\Adobe\\CoreSync`"",
    ""4. 파일 삭제: 해당 폴더 내부에 있는 모든 임시 파일을 삭제합니다."",
    ""5. 재실행: 위 단계를 완료한 후 Adobe CC 폰트 동기화를 다시 시도합니다.""
  ]
}
```",0.2049395408796822,0.1730099770162005,0.2142857142857142,1
맥북 kernel_task CPU 100% 점유율,Baseline,3,2,226,491,717,4.512676876000114,"안녕하세요. kernel_task 프로세스가 CPU를 과도하게 점유하는 문제에 대해 안내해 드리겠습니다.

제공해주신 [참고 문서]에 근거하여, 이 현상은 **하드웨어 과열 방지를 위한 보호 조치**일 가능성이 높으며, 다음과 같은 조치 방법을 시도해 보실 수 있습니다.

**kernel_task CPU 점유율 문제 해결 단계:**

1. **충전기 위치 변경:** 노트북 충전기를 왼쪽 포트 대신 **오른쪽 포트**에 꽂아 메인보드 좌측 센서의 열 부하를 줄여보세요.
2. **물리적 청소 및 팬 제어:** 노트북 내부의 **먼지를 청소**하고, **팬 속도 제어 앱**을 사용하여 팬 속도를 관리해 주세요.

이 두 가지 조치를 통해 과열로 인한 보호 조치가 해제되어 문제가 해결될 수 있습니다.

위 단계를 시도해 보신 후에도 문제가 지속되거나 다른 문의사항이 있으시면 다시 알려주시기 바랍니다.",0.4088769031834414,0.3422095055686427,0.75,0
맥북 kernel_task CPU 100% 점유율,Context_Summarized,1,2,235,522,757,4.690457452999908,"안녕하세요. 맥북의 `kernel_task` CPU 100% 점유율 문제에 대해 안내해 드리겠습니다. 제공해주신 [참고 문서]에 따라 문제를 해결하기 위한 절차를 단계별로 안내해 드리겠습니다.

**[참고 문서] 기반 해결 절차**

macOS에서 `kernel_task` 프로세스가 CPU를 과도하게 점유하는 현상은 대개 하드웨어 과열 방지를 위한 보호 조치일 수 있습니다. 다음 세 가지 조치 사항을 순서대로 시도해 보시기 바랍니다.

1. **충전기 포트 변경:** 노트북 충전기를 **왼쪽 포트 대신 오른쪽 포트**에 꽂아 메인보드 좌측 센서의 열 부하를 줄여보십시오.
2. **먼지 청소:** 노트북 내부의 먼지를 청소해 주십시오.
3. **팬 속도 제어 앱 사용:** 팬 속도를 제어할 수 있는 앱을 사용해 보십시오.

이 세 가지 조치를 시도하신 후에도 문제가 지속된다면 다시 알려주시기 바랍니다.",0.4734381892709607,0.4087252136062604,0.8421052631578948,0
맥북 kernel_task CPU 100% 점유율,Max_Chunks,6,2,240,681,921,4.802105476000179,"고객님, 현재 겪고 계신 `kernel_task` CPU 100% 점유율 문제에 대해 안내해 드리겠습니다.

제공해주신 [참고 문서]에 따르면, macOS에서 `kernel_task` 프로세스가 CPU를 과도하게 점유하는 현상은 **하드웨어 과열 방지를 위한 보호 조치**일 수 있으며, 다음과 같은 조치를 시도해 보시는 것을 권장합니다.

1. **충전기 위치 변경:** 노트북 충전기를 왼쪽 포트 대신 오른쪽 포트에 꽂아 메인보드 좌측 센서의 열 부하를 줄여보십시오.
2. **청소 및 제어 앱 사용:** 컴퓨터 내부의 먼지를 청소하거나 팬 속도를 제어하는 앱을 사용해 보십시오.

이 두 가지 조치를 먼저 시도해 보시고 문제가 해결되는지 확인해 주시기 바랍니다.

만약 위 조치 후에도 문제가 지속되거나, 다른 기술적인 지원이 필요하시면 사내 메신저 IT-Help 채널로 다이렉트 메시지를 보내주시면 즉시 지원해 드리겠습니다.",0.4854733899794243,0.3769524288047552,0.8,0
맥북 kernel_task CPU 100% 점유율,High_Noise,4,2,219,624,843,4.3835557689999405,"고객님께서 문의하신 '맥북 kernel_task CPU 100% 점유율 문제'에 대해 안내해 드리겠습니다.

제공해주신 [참고 문서]에 따르면, macOS에서 `kernel_task` 프로세스가 CPU를 과도하게 점유하여 컴퓨터가 느려지는 현상은 **대개 하드웨어 과열 방지를 위한 보호 조치**일 수 있습니다.

이 문제를 해결하기 위해 시도해 볼 수 있는 조치 방법은 다음과 같습니다.

1. **충전기 위치 변경:** 노트북 충전기를 왼쪽 포트 대신 오른쪽 포트에 꽂아 메인보드 좌측 센서의 열 부하를 줄여보세요.
2. **청소 및 제어 앱 사용:** 노트북 내부의 먼지를 청소하거나 팬 속도를 제어하는 앱을 사용해 보세요.

이 방법들을 시도해 보시고 문제가 해결되는지 확인해 주시기 바랍니다.

혹시 다른 기술적인 문제나 다른 문의사항이 있으시면 언제든지 말씀해 주세요.",0.429813269303908,0.500032384190426,0.888888888888889,0
맥북 kernel_task CPU 100% 점유율,Ranking_Swapped,4,2,194,624,818,3.88297116800004,"사용자님께서 겪고 계신 '맥북 kernel_task CPU 100% 점유율' 문제에 대해 [참고 문서]를 바탕으로 해결 방법을 안내해 드리겠습니다.

macOS에서 `kernel_task` 프로세스가 CPU를 과도하게 점유하여 컴퓨터가 느려지는 현상은 대개 하드웨어 과열 방지를 위한 보호 조치일 수 있습니다.

다음은 참고 문서에 명시된 조치 방법입니다.

1. **충전기 위치 변경:** 노트북 충전기를 왼쪽 포트 대신 오른쪽 포트에 꽂아 메인보드 좌측 센서의 열 부하를 줄여보세요.
2. **청소 및 제어 앱 사용:** 노트북 내부의 먼지를 청소하거나 팬 속도 제어 앱을 사용해 보세요.

이 조치들을 시도해 보시고 문제가 해결되는지 확인해 주시기 바랍니다.",0.4432751582008639,0.5591607425777348,0.888888888888889,0
맥북 kernel_task CPU 100% 점유율,Short_History,2,2,205,534,739,4.091517994999776,"고객님께서 겪고 계신 `kernel_task` CPU 100% 점유율 문제에 대해 [참고 문서]를 바탕으로 해결 방법을 안내해 드리겠습니다.

`kernel_task` 프로세스가 CPU를 과도하게 점유하는 현상은 대개 하드웨어 과열 방지를 위한 보호 조치일 수 있습니다. 아래 단계를 순서대로 따라 해 보시기 바랍니다.

1. **충전기 위치 변경:** 노트북 충전기를 왼쪽 포트 대신 오른쪽 포트에 꽂아 메인보드 좌측 센서의 열 부하를 줄여보세요.
2. **청소 및 팬 제어 앱 사용:** 컴퓨터 내부의 먼지를 청소하시거나, 팬 속도를 제어하는 앱을 사용해 보시기 바랍니다.

이 조치들을 통해 문제가 해결되기를 바랍니다. 혹시 이 방법들을 시도하신 후에도 문제가 지속되거나 다른 문의사항이 있으시면 다시 연락 주십시오.",0.396757590743887,0.4051059309759886,0.823529411764706,0
맥북 kernel_task CPU 100% 점유율,Long_History,2,6,223,640,863,4.463517070999842,"제공해주신 [참고 문서]를 바탕으로 `kernel_task` CPU 100% 점유율 문제에 대한 해결 방법을 단계별로 안내해 드리겠습니다.

`kernel_task` 프로세스가 CPU를 과도하게 점유하는 현상은 **하드웨어 과열 방지를 위한 보호 조치**일 수 있습니다.

다음은 참고 문서에 명시된 조치 방법입니다.

1. **충전기 포트 변경 시도:** 노트북 충전기를 현재 사용 중인 왼쪽 포트 대신 **오른쪽 포트에 꽂아** 메인보드 좌측 센서의 열 부하를 줄여보세요.
2. **하드웨어 점검:** 노트북 내부의 **먼지 청소**를 진행해 주세요.
3. **팬 속도 제어 앱 사용:** **팬 속도 제어 앱**을 사용하여 팬 속도를 조절해 보세요.

이 세 가지 조치를 시도해 보신 후에도 문제가 지속된다면, 추가적인 확인이 필요할 수 있습니다.",0.3821750950624882,0.3595748194659395,0.7777777777777777,0
맥북 kernel_task CPU 100% 점유율,Forced_JSON_Format,2,2,200,560,760,3.995623167999838,"```json
{
  ""status"": ""정보 부족"",
  ""topic"": ""kernel_task CPU 100% 점유율 문제 해결"",
  ""solution_steps"": [
    ""제공된 [참고 문서]에는 macOS에서 kernel_task 프로세스가 CPU를 과도하게 점유하는 현상에 대한 해결 방법으로 '노트북 충전기를 왼쪽 포트 대신 오른쪽 포트에 꽂아 메인보드 좌측 센서의 열 부하를 줄이거나, 먼지 청소 및 팬 속도 제어 앱을 사용해야 한다'는 내용만 포함되어 있습니다. 하지만 사용자가 언급하신 '메시지가 하나 뜬다'는 구체적인 상황이나, 이 메시지가 어떤 종류의 경고인지에 대한 정보가 부족하여 정확한 매뉴얼대로 조치할 수 있는 구체적인 단계별 안내를 제공할 수 없습니다.""
  ]
}
```",0.6289192554864776,0.6502475349448082,0.888888888888889,1
맥북 kernel_task CPU 100% 점유율,Hallucination_Defense,3,2,166,538,704,3.319162657000561,"죄송합니다. 현재 제공해주신 [참고 문서]에는 사용자님께서 문의하신 ""맥북 kernel_task CPU 100% 점유율 문제""나 ""메시지가 하나 뜨는 상황""에 대한 해결 방법이나 매뉴얼이 포함되어 있지 않습니다.

제공된 문서의 내용은 다음과 같습니다:
*   사내 동호회 지원금 신청 방법
*   Visual Studio Code 테마 변경 방법
*   사내 도서관 이용 방법

따라서, 해당 문제에 대한 정확한 해결책을 안내해 드리기 어렵습니다.

혹시 다른 IT 관련 문제(예: 소프트웨어 오류, 네트워크 문제 등)가 있으시다면, 관련 정보를 제공해 주시면 제가 아는 범위 내에서 최선을 다해 도와드리겠습니다.",0.4489148109228953,0.1393210115613792,0.0,0
맥북 kernel_task CPU 100% 점유율,Mixed_Stress_Test,6,6,116,799,915,2.348742348000087,"```json
{
  ""해결책"": [
    ""macOS에서 kernel_task 프로세스가 CPU를 과도하게 점유하여 컴퓨터가 느려지는 현상은 대개 하드웨어 과열 방지를 위한 보호 조치입니다."",
    ""노트북 충전기를 왼쪽 포트 대신 오른쪽 포트에 꽂아 메인보드 좌측 센서의 열 부하를 줄이십시오."",
    ""먼지 청소를 진행하거나 팬 속도 제어 앱을 사용하십시오.""
  ]
}
```",0.6585609408018427,0.4428309282077533,0.4705882352941176,1
